tweet_id,text,label
1366,nice see glow-up peopl may-hem 😍 congrat guy 👌🏻 wohooo ! ! ! bbye tire year ! ! ! nan,2
42971,ocean give shit rat bul rat,0
11346,affanf9 australia icc event australia ke toh hamesha hi achha khele ho nan,1
28405,bhai wapi na chi jana dekho agar ap ko muhabat hoti na ap aisay maidan chor kar,1
6510,jinh milna ho || status || mohabbatein,1
32298,yesaya proud clean channel w / littl chorus ad mast,2
7793,pragya thakur ke bhopal mein jeet se ye sabit ho gaya hai hament karker ji desh dhrohi tatha,2
19297,real aam aadmi rich respect salut man 🙏🏻 . actual aap jaaha,2
25571,hat iron ladi india use dream rani ki jhansi,2
24363,peh nazar mein kaisa jaadu kr diya tera ban baitha h mera jiya pleas bring back toget nan,2
15349,ki bannu abhi b load shade gantoo thak hai yeh wapda wala hama bijali faraham nahi karthawapda wala bijali nan,1
8130,bhayiya ji hamar villag light 💡 ki bahut hi problem hai iska koi solut hoga ki nahi,1
24578,hahaha mila mila two huge 12 inch pizza betw,1
44113,rdj come onlin 24 day wish tom happi birthday biggest irondad energi nan,2
32391,met gym trainer gain weight gap 2 month,1
28346,yehhh hain wo looggg 👇👇👇👇 karachi ki baat nahi ho rahi worldcup kjel raha hai pakistan us k captain honi se h,1
5790,bear bjp chutiya banaya hai desh ko logo ko aur vote ka pehel armi ko lekr polit kiya vote pana ka liya nan,0
17004,congress ka tv debat per pravakta nhi bhej ne ka aser aajtak per ka taal thok ke debat ke badl cr,1
22616,ek hi dil hai kitni baar jitog ❤️,1
36589,/ pal great spirit hath rain favor form napkin kitchen towel coffe mapl whiskey,1
32127,om bilkul theek bole bhai nan,2
39878,sure allah hide best guid insha'allahh 💙 sure allah cho,2
28930,bharva kisi haram ki ulaad apni maa ki izzat ka hi khial ker tera malik,0
23924,inc 23 ka result sunk dimag kharab ho gya kya nan,1
21289,rashid abhi ye kutt logo ka muhu band kyun nan,0
19247,ajj ki raat bhe jhoot bolay ga sharam nahi aati koi ehsaa nahi kis maal par palay hoo kiu jhoot,0
31536,true sell acr buy vehicl dimag nahi la sakt ye log nan,1
14044,saab mf teri countri hai sale yaha pe terrorist bhejt hai,0
7064,ever met boy jisk nakhr ladkiyon se bhi zyadaa hote h bc jeena haraaam kr dete h nan,0
27841,jai hind desh k sabhi deskbhakto desh hit kaam krne walo desh k parti har samay tatpar rhne walo ko shri nare,2
41633,jaiveeer aisa chutiy log koun bolta hai ki separ south india chahiy chayiy kaisa bhi rahe made,1
18821,ajib suar ki aulad h saala ye tune likha hi kya h kyu likha h doubt congr,0
13514,kya yahi islam roja ramjaan ki kahaani ye fake id bata rahi hai kya humaar nabi ke bare ye jo fake id b,0
34420,bjp ne jdu ko jyada seat se ladn diya iska matlab yeh nahi tha ki bjp kamzor hai par inka f,1
19734,50 karunaratn ... .🙌 well play 👏👏👏👏 bc aadh se jyada time ink naam likhn lagta hai 🤣🤣😪 nzvsl slvsnz nan,0
10178,muhammadpti allah kare sare ptm wale kutt ki maut marein aur tum logon ke perchay rone wala bhi koi,0
26494,roopa ip seedh encount kar diya fake news ka salut ma'am nan,1
29378,54 ye pakistan criicket team k taptan hai jo pubg parachutt k tarh team pe nazil howa hai nan,0
13323,time cricbuzz ne mashraf mortaza ko loos skipper likh diya tha 😂 inh bhi believ nhi ho rha 😂 nan,0
15529,namaskar modiji proud gujarati resid uk deepli root india best india ther,2
14097,near 74 cr indian low qualiti aur ye chutiya akela shana nan,0
27462,bna lo bs hindus ko mat katna nan,0
13756,bighit excit perform tonight wangotango show start 7pm pt,2
30568,perfect 👌🏽 woman real - real woman perfect 👌🏽 . one perfect earth 🌏 . strive fo nan,2
8698,bharat jai shree ram keh kar begunah logo ki hatiya karn wale aur jai shree ram keh kar gunda gardi karn,0
26399,best best wah wah sirje kya baat hai along hasya kavita,2
26923,assalam alaikum baap jannat ka darwaza hai usay kholna hai todna nahi ❤ never hurt parent kabhi oonchi awaz nan,2
31763,pandey request place self control congress repres nan,0
33621,bdhiya song hai,2
14668,dssagainstdowri good morn papa g bless us maximum sewa simran parmarth success nan,2
20014,fan raj kapoor love jagt raho way written movi way ahead time nan,1
23984,aam ke aam guthliyo ke dam 😐,1
25510,arey suddhi paaji bjp ke undercov agent chunav ki lanka lagan gae congress ki side 😂😂😂 nan,1
29640,yadavpooja tum jais logo ke hi karn sp ki ye halt hui hai jo jyada hi apn aap ko smjhdar smjhte hai par hote nh,0
23845,time doongaaapko kyuki agartim nahi diya pyar nahi hopayega agar timenahi diya pais nahi kamaayaja,1
20083,three marker challeng beat mom mom vs english chal,1
21229,nikhil wish u happi birthday 🎂 nikhil annnaya,2
19428,ik br ramzan k bd repeat kr dana plz ya kuch segment plz nan,1
28102,paper leak karn ke bad ke bschchhe jivan mrityu se saghar kar rahe hai usp gov kuch nahi bol r nan,0
13343,agar midiya kutta tu ko nahi dekhenga kiyo ke ush rss aur bjp bahit piyar,1
24220,hell old hag kodi ki aukat nahi hai tera baap katwa tha kya nan,0
7213,exact 30 's jab tk hota weather like coz 's cool someth bearabl 😭😭😭 har 10-15mi,2
36856,galti congress parti ki hi thi jaldi se niptara nahi karwaya abhi bhi mp ke c,2
28390,ahhhh hindi pla nagsend thank ate dhang jullenor bebeb shein love frenni lucki,2
38756,one alreadi someon made naa aur ek banan se common dp ka alag alag ho jayega nan,1
23997,right taco bell indian food ‘ indian ‘ probabl like eat masala right ? ’ 🤦‍♂️ nan,1
12850,love america owe free download,1
23486,jahalat k tokray ko koi smjhay islam ne hi consent ka concept dia hai balk rehn nahi samjh ana mindset,0
21640,giri jais bjp ke leader bhadkau bayan nahi dete bat bat pe pakistan bhejt hai giriraj si,0
42957,budget 250 cr hey isily flop hotha kath duniya itna bakwass predict kohi bhi nahi diya yee kesa crictic bana nan,0
34818,correct yahan toh bahut hi zyada violenc hua pr hmlogo ne vote jake diya road pe dhmki mil,1
7493,tum jeeto ya haro hami tum sy payar hy good luck next match nan,2
23860,never ever like girl complet diffrent veri disciplin gir,2
7445,sena jai shree ram brother yes ramzan mubarka 💓💓 love bengal nan,2
28238,sar jhuka ke duaa kart h ham bhai ❤😀😍 aap apni manjil ko pae aagar aapki raho aae kabhi andhera 😍 khuda roshni,2
14113,awesom video project use pi enhanc retro game consol let thing like stream game throug nan,2
22032,2 tasweeren banwan k lye hi ye kart han phir na mareezon ko koi pochta hai na hi ye kahi,1
13262,mere bhai yah shariyath tho pahel se hi india may sirf muslim ke liyah hai aur rahegi inshallah,2
19049,day 201 - sirje thank tweet 143rd day raju hope meet sure ... . # raj nan,2
11126,bolo rfpgrp ke offic se le kr constabl tk ki ye paisa jata hain railway ka b,2
18073,heart break pakistani fan 54 chin bad start,0
27718,siddiqui ye khi faltugiri h kutt jarur congress rahigi desh ye hi hindu muslim ka firk dijhat h india nan,0
28698,ye sala chakka hai kya isk 2 bach hai 😳,0
23297,hate peopl think papansin socm bc post / share stuff funni /… nan,1
29314,new post jk3r ricket-toss & atch predict guy payment close hai toss everyday free session free dunga aaj,1
16462,sab ki 2 3 match hogyi aur india ka abhi tak 1st game hone ka hai waah bc ... 👏👏😥 kis ne banya bey schedul ..😠 cwc2019 nan,1
24452,haari hui baazi kheln ka maja kuch aur hota hai kismat se zyada khudp yakin hota hai 😉❤️❤️ good morn eve,2
33776,delhi se accha street food kahi nahi milega likh ke le lo nan,2
19679,accha chootiy ke patth janta haari hai haraaya kisn gandu saal janta ne hi vote deke jitaya h,0
25027,tera darbar na chutee kbi chahe muskil ho zindagi ya easi bs tera sath jruri satguru ji,1
7351,g chutiy saal dictat aur democrat elect leader kaa farq samajht nahi kanoon samvid,1
14036,bechari actress kitni mazbooriya hongi zindgi jo bandar ke sath kaam krna pda god bless 😂😂… nan,0
7586,love beauti movi love song tu shayer hai mein teri shayeri jiy nan,2
12229,sir logo ko aps bahot ummid h best wish citizen nan,2
27723,aj ham militari superpow hain econom super power ban rahe hain wo din door nhi jab ham bhi america aur russia ki barabri kareng nan,2
36333,nahi ... ... @ nitin gadkari ji hongey 2024 ke pm sahji ka koi tod nhi gadkari ji ka jod nhi nan,2
880,dil k khush krni ko ghalib khyal acha ha myth 😂,1
25457,tf gon na assign hate reveal shit aur jb pori class k samnay batana paray ga tb kiya krungi fuck nan,2
32628,gabbiiii iillyy ur funni clown forev 🤡🤩 auks love one day hahah nan,2
8037,pta kro teacher koi muslim nhi dalo jail aur baqi desh mukdarshk bna dekhta rhe sharm inko kabhi nhi aati,0
5110,snack kisi ko peh messag krne se apki shaan mai kami nahi ajati han lekin dosra khud ko bohat toup cheez smjhne l nan,1
13209,great win namoagain peopl india unterstand capabl pm desh ab trakki ki rah pe gya hai ha,2
45037,nitesh kumar indirect say - bada mann karr ke bjp humey proportion seatein de nahi toh koyi b,1
15539,best luck dear pakistani cricket team proud may allah give success wc insha allah nan,2
28650,allah taseer sb ko janat ul firdo ata kari amen alway aliv heart shahe,2
41296,bass tum harami log ise kam pa laga rho balouchistan kpk ko tumara bap sambal ga nan,0
32180,sir aapko bahut ummeedo se desh ke sarvoch sth,1
27280,jhut bad zubani ki bat agr pti wale kre smj hi nahi ati q k ap hi log hen jo ye sab gand le kr ay pak nan,0
20507,pakistan banya kiss ne konsi terahk hai azadi ke jo panjab see chale .. ? logono ko,1
16171,v thoma bas yahi farq hai tujh likhaa huaa bhi nhi dikh rhaa hai nan,1
28233,rathe sharma tere l lg gye aur mamta ke bhi bjp virodhi ... .5 saal aur burai dhundn ka mauka,0
15570,bangal aur north east ke gaaon mein jake dekh illeg muslim immigr treat hindus bandar ke jais nachna bandh kar nan,0
5566,aaa romant song ello ji sanam tribut whole lot thing made famous retro bollywood tangewala nan,1
26983,lagtahai rafal k chalt hi rahul ji fail ho gay rafal ra-fail rahul fail amethi countingday bjp electionresults2019 modisweep nan,0
41895,fav video ever ‘ indian ’ . bollywood song ‘ hum logo ko samajh sako toh samjho dilba,1
2716,mla bjp k hain mayor bjp k hain nahi mp bhi bjp k koi bhi dhayan nahi deta pls look nan,0
23810,chanda 'm happi coz ca n't take care ca n't keep heart nan,1
13152,greet dearest friend shri ji birthday maa aashapura bless lot love happ,2
43763,follow newbi interact good tweet follow back 💯 bhot acha banda hai must follow nan,1
23945,prime minist modi ji aur cabinet ki sabhi mantrio ko mera hardik subh kamnay pray success namaskar nan,2
26546,altaf g 55 sale tum log ke wajah,0
37848,jaishankar bhai tu jyaada akadna mat tera baap minist bana hain tu nahi get thank nan,1
14522,happi birthday sir babu bhaiya 🤗,2
20289,ap dono sada khush rahi meri bahi bhn ali bahi mai dua go ho k ap bi gar mai eid kri nan,2
26801,crime khatm hone wala hain corrupt bacha hi nahi drug ab thoda bacha hain koi bhi kaam nah,2
31936,arr aap ko pta nhi congress bjp ko bjp ke trike se harayegi jais bjp 2 seat se aaj bahumat le kr aa,1
38709,assalamualaikum 💕💕 good morn friend aur allah taala se bakhshish maango allah behad bakh nan,1
22571,kk oh sound nice pina colada without rum nan,1
31388,sir tum padhai mai bohot kamzor ho agr ais hi rahog toh fail ho jao ge baar student sir mereko fail nhi h,1
12377,team kalank readi lot masti & dhamaal li'l champ n't miss kalank special episod srgmplilchamp sat- nan,1
26376,krk chutiy ka sabs bada mad fan hu uski chutiyapa ka na ki uski act ka nan,0
12674,jhuth nhi ye 😂😂😂 boy feku 😂 nan,0
30078,onesolutiontoeveryproblem jis trah fake te gand indian tv media ne dera sacha sauda khilaaf fake propoganda fake,1
22649,yehundinonkibaathai guy today look khali 🤔🤔🤔 idea hope u like 🤗🤗🤗 share one p,2
45061,kalank epic saga direct like auteur vision huge dvn extraordinari ekdum first cla nan,2
24111,sharma sharma ji mai aap ko ek im,1
23388,patrag modiji ne un rajyo congress ka zero balanc account khulwaya hai निर्धन योजना 🤣😂🤣😂😁 nan,0
38102,guy last night much fun ty 4 raid host bitti gift sub & love ty merino & …,1
9183,shukla thank let us know sachin 'm realli sorri know internet anyt,1
21549,kaha gaya sabka sath sabka viswa sabka vika 18 % muslim hai mantri 1 wah wah sabha desh badal r,0
9909,happi bdday may god bless 😃 enjoy day nan,2
10653,life ... 😎 choic ... 😋 mistak ... 😏 lesson ... 💯 busi .🙏 nan,0
33026,letter vla style accha h nan,2
26602,thopna ke koi sawal hi nhi bnta har desh ki ek matr bhasa hai hmare desh ki bhi kyu na ho aur wo hin,2
42371,harami kutt kab sudhrega tu sale kuch sharam kar dall pure desh ki barbadi hone ke baad sukun,0
29547,ha bhai pta nahi ye kon tha jo sala e,1
23030,saria isko stone death punish dene k liy 4 male wit bhi chahiy yeh nahi bataya jehadi ne nan,0
14612,khan241 wajih taseer alreadi get goosebump kind show lil jhalak us bilalabbasonjeetopakistan nan,1
30316,ye yaha se suru hua hai 😊😊,1
18684,assalaam alaikum jumma kareem mubarak muslim great day rememb muslim ur dua takecar fee,2
1362,pledgeagainstcorrupt good afternoon guru g bless us give us power sewa nan,2
14470,mid thirti shadi krna think advantag offer krta hai guest khud interest rhte hai bride groom ko zyda pareshan nhe krte nan,1
32449,bhai aaphiko sirf etn zabardast script kaha se milt hai ? ? ? aur aap har movi main apni perform,1
25956,💕 good morn rockstar papa ji 💕 🌹 plz bless sewa sumiran parmarth ka ba,2
15324,ulta beauti want help achiev goal ulta beauti excit announc open,1
28305,acula 99 aap ka irada hi nhi hai proff pass kr k bhi treat nhi deti 😒 nan,0
35327,ye jitni bhi baat aapn likhi hain chunav ek ka bhi jikr kisi parti ne majbooti se nhi kiya ye hama,1
6204,< ash > [ best baybeee bestedt friend evrr ] [ ami nightnayrw exact ] [ …,2
11977,hawk 🤣🤣🤣🤣 jyada hoshiyar hote hai yeh log number lene ki ninja techniqu thi voh nan,1
17445,know talk galat kaam ye kare gaali bjp ko de ye apn aap ko hoshiyar samajh ti hai > baaki bewakoof ! ! ! nan,0
9916,jai bheem great news 4 bahujan kumbkarnaa becoz dis happen de kick start art,2
11371,ab bjp sarkar hai desh aesa hi rahega,2
34082,srishti ke janam se bhi pehl tera vaa tha ye jag rahe ya naa rahe rahegi teri aastha 🚬📿,2
24664,thanku much rab ji saint dr ji use guidanc pledgeagainstcorrupt nan,2
14513,abhi bhi chanc 2 best player england ajinkya rahan yuvraj ajinkya k pass achi bat field format,2
44617,fizakhan fiza khan manay tumaray bhuut vidio daykhay tum hindustan aur pm modi jii kaay liy bhuut boltii ho,1
38770,saveungraduategam bahi ka channel hack ho gya ha plzzzzz support nan,1
6277,final chang cowkidaar jaisa bhi imandaar hey nan,2
25615,haha bhai muji pta muji na btaa main pyar sy tuji tang krtaa tyrn sath e dil lgta meri jan nan,1
39311,jharkhand bjp ke rajya tata motor ke convey driver ko nuintam majduri nahi milta hai kripya dilan ki kosi late nan,1
4385,sorri moulana iss kutt suwwar ka number hisk bhi pass hai muje pleas humbl request nan,0
16163,1 victoriaa mehra5 jhoothi u alwayz,1
9619,congress cwc ne aaj kaha ki cong sanvidhan ki raksha ke liy ladti rahegi kya unka aarth ki modi sarkar sanvidh,2
28494,jo diya wo sambhal nahi raha aur inko aur chahiy ..…,0
16576,54 totl chuty captainci chor de bhadw saala na bowler shi se rotat kr pasta hai na bsdk bat shise krta hai begairat nan,0
7941,energi eid safayi 😪,2
12936,yadavpooja tum jais logo ke hi karn sp ki ye halt hui hai jo jyada hi apn aap ko smjhdar smjhte hai par hote nh,0
39258,sadm se bahar nhi aye ho kya congress balo kmse km sharm kro doob k mar jao desh pe bhrosa nhi tumh ye,0
21953,ki ham kisi aaphi employe hai vaha 8ghanta imandari se kam kare taki har kam sahi roop teji se aag barh,0
21410,saori kimura sexi pic japan team toray-arrow high-qual sexi 50pic,1
7337,mere ram bi tum mere rahim bi tum sari kayanat ke ram rahim ho tum love much pita jii ❤❤❤ ... plzz pit nan,2
20742,ind jab tak congress nehru famili bankar rahega tabtak desh congress ka namon,1
29137,12 k like 12 k think nationalist hindu bhkt modi b,0
12649,ye naaz ye andaaz humar nahi hote jholi agar tumhar nahi hote bedaam hi bikjayeng bazar nabi iss shaan,1
26295,sir r leftist may one reason dont like capitalist state like israel 😊 . otherwis bo,1
33902,cheik nah like song good lyric listen whether slow waylon song,2
22395,uncl ji yeah meme video hai satir hai modi fan ko khushi hui shapath ka baad usko,1
44691,dragon quest favorit game seri see mani peopl shit friend includ hurt heart dude nan,1
29259,iss pehl ke bohat dair ho jay humein pashtana pare kiun na hum khud ko azaad karein apn dard se apn,1
12848,home person someday lucki haha hope spent today way want spend ! ! …,1
27250,1 mahina nahi hua aur phir shuru ho gay kya ye apna muh band nahi rakh sakt nan,1
6125,leee 😍 comelnya youuuuu heheheh yes im johor 🤗 hahaha im shi shi cat person im sorri,2
33237,😔 better find dat shit asap lmao nan,1
26081,tu khelna chodd dega hum dekhna chodd deng love uh infin msdyn365 dhoni thala,2
18861,alhamdulillah naya pakistan atleast tum logon k corrupt pakistan se ziada behtar hai shame babi zardari nan,0
31782,super excit super happi becaus first time watch dear offl sir silver screen ngk go releas nan,2
37293,allah islam ka elm smj atta farmay sb ko hmm ko b nan,1
20223,khush fehmi allah pak ik ko ab pakistan k lye hmesha pm banaiga nan,2
6981,us gaandu k bachi ne pain killer di nahi keh raha tha stomach ki waja se yeh sab hua bhenchod mera stomach theek hai nan,0
27271,guy must check app 's good platform leagu featur cool win prize fantast,1
34487,pay india visit interview poora hi yahan par shoot kar lete realis hope readi soon b,1
41436,mihir varna kiya apni bahan ko bheja mumbai sale bhosri chu,0
19257,gaurav bhaiii love ur vdeo alot frm hyderabad nan,2
16321,rt maar k khud ko save bi karliya 😂😂😂😂👌👌👌👌 nan,1
22243,lol whi fight bro talk darululoom deoband hadd hai mujh pe gussa nikaal rahe ho j,0
29334,gadkari sir pali dist marwar jn tahsil ke gavo sadak ki halat bahut hi kharab ho chuki hai krupya aap vishesh dhyan deve sir nan,2
20879,namaskar sir mai sharwan sahu mera bhai saudi ke jail me3 sal se band h chinta se uski wife ki,2
30657,u r right sir hum sarvey vaha se chalu kare jaha se sp-bsp aur tmc jite hai nda ki 350+ hai bahut time lagega nan,1
27495,modi ji prakash javdekar better suresh prabhu lagta hai account rakhana padega modi,1
11247,congratul hope minist,2
18915,tf peopl still use abbrevi everi word “ wt iz ur prlm ” bc kitna time bachat ho harkaton se nan,0
21559,dear sir want suggest good better futur strategi congress,2
40940,kal tak jo ndtv ko boycut kr rahe vo bhi bhakt bol uth ki hmne hi trp bdhaee hai iss ye sa,1
22560,assembl elect se pahl thik ho jai ga yeh har gaon ki ka,0
10710,karrr hell naw lol shit nan,1
26400,manak gupta bjp ka sabs bada kutta bhokn ke sivay kuch nahi aata hai bhasa ch,0
13660,🦁🙏🏻 respect narendra modi ji congratul modi sharkar ✌🏻👏🏻👏🏻👏🏻 nan,2
28995,n't worri sir aap hark bhi jite ho aur ye haar nai hain ek aur accha mouka hain r alway hero us nan,2
13213,agar adjast nahi hota ham log pakistan chale jate hmare purwajo ne hin,0
9244,jos buttler bowl wahab 😂 nice sweven 's dream alway pakistani first engla,2
29559,gujju famili member love care time maandu koi ek jan padyu hoy pan k,1
43290,bharat aur uska pyaar bharat ke sath 15daystobharat,1
43910,yeh kutta itni asani se nai maray ga jais ne jamia hafza ki hafz e quran baghion ko phophor b,0
24020,k n shah municip mulazmeen ki tankhuwaen na hone se wo eid kareedari nahi kr sakeng rpt masroor asghar shah nan,1
16336,good job good work u ur team real proud pakistan ❤❤ allah aplogo ko ese hosla himat aatta,2
36964,modi ji agar desh nehru ki hi neeti pasand karta toh phir aapko parchand bahumat kyo deta ek aash jagi thi k modi,1
37875,realli gayin lol nan,1
15644,good morn sohn satgur bless sewa simran parmarth today nan,2
30347,peopl come go yes 's call life aaj chai mere taraf se thing tak keep memori aliv nan,2
27281,pakistan ka worldcup jitega ya nahi 🙄 worldcup2019 nan,2
38046,teri jali na jali na teri 😂😂😂😂 kamrasur 😂 sath teri sath ke suar hai unki bhi jali burnol khre,0
7776,q madarchod ramadan mai goli nahi maarsakt lekin terroist ko bachan k liy pathhar fek sakt h,0
28231,serious tell one call ir msg switch connect shanti se jinh nahi,0
44879,baar rohit fhir 200 run banayeng aur india vs englnd final india 3run se jitega # # # # # india askstar nan,2
28901,happi choic smile 3.5 cri 3.95 . whatev may allah eas congrat everyoneee nan,2
16050,sacha tahreek pakistan opposit k raway ko condem karti hai nan,0
37321,isk baad bhi gandiwadi peopl like main fir bhi gandi ko chahunga 😪 . nan,0
35612,im hindu da dnt need hindi ! ! ! bjp fool know relgion divid polit ! ! ! chutiya nan,0
26845,hi _. feyn thank feedback realli appreci nan,1
34346,mein har jagah hu aur kahi bhi nahi jaagti aankhon mein khwaab ban ke aungi bheed mein tanhai ban lipat jaungi,2
2187,ind kitna murkh banavog janta ko varso se public ko dharm karam ke naam pr murkh banat rahe ho mish,0
30836,“ hasi toh phasi ” fake actual agar wo hasi toh phasa tu harami nan,0
9559,evryon might leav one wont god nan,1
29817,thank sis totoo yan artista din naman nagdedecid sa mga project na tatanggapin nila maja nan,1
23587,pion ari wah wo mera ex tha yeh fact apni bari mjhi bhii aaj ptaa chlaa 😎😋 uh made day 😜😛 nan,1
19031,mamta banerje say jai shree ram problem nan,0
25948,thank gita jumma mubarak happi weekend enjoy weekend,2
24831,differ role put life role kid say baburao best wife said,1
43656,bhaarh jaay hen e pedaishi begerat zaleel ho rahe hen afg ne b mu kaala ker diya ka ye,0
2531,tun chuteya hein ki pagal sala teinu kha c na mein phla apni aukaat ch rha kr teri aukaat boot,0
24708,masha'allah bohat mubarak ho ahsan bhai allah apko iska sawaab ata farmay aur ashranijaat ba,2
15481,wo nahi bol rahi jis tarah se polic ki unnecessari troll kar rahe 's bad atleast,1
22013,hello bhaiya namast main realm 2 phone use karta hu mujh esk use main bhut muskilo ka samna kar,1
32308,itn mahaan log hamar desh hain bhai inki izzat karo kahin doosr desh inko kidnap na k,2
9574,kya ap meri madad kar sakt hai mere gao rode nahi hai jabki 20 sal se bjp yaha jet rahi kya ham bjp ko apna vot,1
25895,ins koi ye puch ki jab isi join hone gaya tha tab kya hums puch ke gaya tha ya isk bapu ne modi go,0
15527,modi sahab namaskar aapk baar sab ko pata hai ki aapk haath desh bahhot surkhsit hai hamaar desh ka naam,2
29049,eid mubarak - ( ঈদ_মোবারক ) - bangla dj remix song - shakib khan - bubli p,2
12781,pak bhagmadarchod tum sale pak terrorist sale hamar kashmir ke youth ko bhatkat ho,0
2127,sharma1 bsdk nahi bc koh tumn hamar wali gali seekh li nan,0
14940,hun yeah dead interact nhi krti koi b nan,1
13986,sport bhai sab bahut enjoy ho gay,2
31336,put made listen risht ke bhi roop badalt hai background ! 👅 nan,1
34801,thank much bhayya love bottom heart ❤️ sock rd mujh khan saab bola wowwwww ’ …,2
29594,oye shatram dm close hua hai aankh kharab nhi jo dikhai nhi de rha tumhari baat 😠😠 nan,1
27532,aaj bej bhi dunga bhai thank bro nan,2
19413,swami ji mai ka diya hai hu iss vaktavya se pyari tara sehmat hu aaj bharat puri tara,1
16053,vishrut happi birthday vishrut khao pio mast rahoo 🙌🙌,2
22486,ab aaya kheil samgh ki feku sala makkar nich kitna gir sakta hai nan,0
42603,ji pranam sir ayush homoeopathi doctor ki jagah govt bsc gnm nurs ko communiti health offi,1
22699,💕 good morn almighti papa ji 💕 🌵 plz bless sewa sumiran parmarth ka bal,2
40981,media ko trp chi hindu ko bjp ki sarkar chi muslim ko congress ki sarkar isli ye haal hai gdp ka lkin,0
16289,commander8 ladkiyan cigarett 🚬 peeti hui kitni attract lagti h nan,1
22967,omg indira ji ki nose aur unki chhavi bhi kaam nahi aye sorri state affair nan,0
9539,sirf awwal shriman ne flirt ko kala ka darza dilaya h nan,0
10057,feel everi pass day kashaf murtaza 's philosophi life get relat zindagi har dariya khu nan,1
6503,even chelsea fan make happi sarri deserv,2
23851,insan1 dhan dhan satguru tera hi aasra happi birthday dear kasam msg papaji bless 🎂🎂🍫🍫,2
36332,congratul narendra modi ji 2 prime ministerof india karna aap se ek baat karna cha,2
28044,sushma ji set great bench mark foreign ministri sir,1
42188,keshav p morya ji upp 2013 bharti jald se jald puri kra candid bahut naraji hai bharti puri na hone ko lek nan,0
41001,jo asal cheez hai emandari wo qaom mai bilkul bhi nahi pakistan k saray idaray chor aur awam,0
11781,modi ji plzzzz saal kuch kaam kr lijiyega desh main halat kharab ho rahe hai videshon apni pehchan se j,0
11105,yes humein world cup 2019 ka start posit k saath krna hoga lagado zorr macha shor morekashor nan,2
34484,zaru done 😭 hockey stick ko acch se use nhi kiya could hve kill zeenat na sar phod deti 😒 ishqsubhanallah nan,0
43278,last night mad beh love fan friend famili see support away trust appreci nan,1
29506,evm se banegi bjp ki sarkar,2
12572,tyga khaya 😂😂😂😂 love 's definit lucif alright nan,2
19852,jad hope day coexist return region soon god bless nan,2
12787,70 sal bad nehru ki galti hai like serious bro ais bolo ki british 's ki galti hai nan,0
20493,life kabirsingh new song tujhekitnachahnelag new age love ballad fill melancholi long - watch video nan,1
26857,rp rahul gandhi pakka congressi like woman ruin congress,0
8586,tej pratap ji abhi aapko ko parti chalani hai abhi parti suru hui hai jai hind jai bhardt nan,2
15017,hatsoff thalaivaa ! ❤👌 sure deserv nation award thiz one career best act ! 😍💯 thiz ngkumar nan,2
24317,total agre youuu n't understand 's wrong societi kisi ko khush dekh hy nhi saktey nan,1
3361,yeh toh kuch bhi nahi hai 05-jun ke baad world cup bhi postpon ho jayegaa bhai ka stardom ❤❤,1
29073,abe zate chutiy haramkhor jara sharm kar aur 1 maa-baap ki aulaad,0
22163,jind jaan - offici trailer rajvir jawanda sara sharmaa upasana singh jaswind bhalla best song hd song,2
12792,indian muslim - hope modi 2 0 better 1 0 speech encourag * face palm * nan,1
7379,harbhajjan jesa third class banda nahi dekha overconfid chutiya saala nan,0
22530,brahmastra releas k pehl brahmastra 2 ki shoot start ! ! ! realli ? ! ! 😕😕😕 kya bakwa hai 😂 nan,1
33279,rangeen zindagi 🔥❤ white beard swag h boss jitn safe baal mere sar aur dhaadi mein hain uss kahin zyada nan,1
19043,pallaviiiii humn suna nahi inm se jyadatar place ke naam ko play arena aur claytopia suna hai nan,1
26342,month hi kyon congressio ab kabhi mat aao tv debat pe tumhari yahi aukat hai band kar apni parti nan,0
2016,say han na ghr nae tha sb ko peh 😂 best escap point tha nan,2
3747,sambit patra kal se kaha jaog tumhari bakwa band ho jayegi bahut kar li tumn bakwa tum bhi kaha,0
15580,yhm ever 1that lie anyon brain know fake news one patiala babe nan,0
3292,happi new month belov yahweh merci still settl case thank mrs seun ogunfil way fro,2
15543,nice pictur alvida jumma mubarak ramadanmubarak hinahol hinakhan,2
24204,miss bahi mulvi subhan son afzal hit six challeng 💪😢😢 nan,2
10830,well done ma'am apk jais logo aur khas kr apk dhrm se ais logo ki bhuy jrurt hai,2
28736,tu hi kr le bc tune fir evm ka randi rona suru kr diya ? ? ? beta jo tu khe wo shi nhi hota vese janmt sa,0
26161,awardwapsigang mamtabanerje 's intoler khan & nasirudin bollywood ko darr nahi,0
12662,veri good 🇮🇳🇮🇳🇮🇳🙏🙏🙏 sabhi se anurodh hai ki desh ke liy soch desh ke liy kare ak sachch desh b,2
20787,pledgeagainstcorrupt good morn sohn pyar satguru ji 🌹🌹🌹🌹🌹🌹🌹🌹🌹 bless pita ji 🙏🙏 ji nan,1
20032,good morn friend jay shree krishna aap ka din khushiyo se bhar jay,2
44067,lolzz alhumdulillah allah ne iss ki naubat hi nahi aanay deni enjoy tou aap karei,2
19942,congrasul sree amithsha ji jaihoo jaihoo bjp nan,2
24269,saal raandi ki olaad namak haram post krne sae phle research kia kr apni suvar jaesi ankoun ka il,0
40723,khan defnet fuck hindutva bc gandu madarxhod abus karega bhad,0
34910,abhi bjp ko 303 aay hai congress wale sadm chal gay 2024 jab bjp 400+ aayeg,1
13410,khan hamar muslim dharm jitni ourat ki izzat hai utna kisi dharm nahi hai apn modi j,2
44882,modi ji pranam aap hamar bharat jo sabs bada masla hai ram mandir ka vo aap ab jald se jald banvan ka py reya,1
9865,2014 main tere baap nawaz shrif ko tu bulaya tha modi ne q us ne tu modi ki maa ko sari b bheji thi,1
5494,dekho tumh didi nahi bol sakta kyunki tum rakshak nahi rakshashi ki tarah logo ke,0
8379,wat fail understand peopl stay outsid countri even attempt,1
16515,haan tm jese transgend gaaliyon k hi haqdaar ho 😅😂😂 bta bhai ab mere liy tweet kb ayegi k acc report kro biya ka htt nan,0
18948,dukhta hai sar daba rahe gala ko abb koi nahi bacha sakta arrog bunch crook,0
23046,agar ram ki izzat kart mandir banwat ram ka thinana mandir na dekat gali kuch post card,0
5095,wish narge mother aliv sambhoo snj duttmba banta countri ka naam roshan kartasab,1
252,oh haha soldier read american god hardi har har thank remind everyon clusterfuck nan,0
44921,khair hogai sarfaraz jani ! 👍❤️ still love .❤️ 1 t20 caption 🇵🇰❤️ sarfarazahm wehavewewil,2
39075,240 tak kheench lein afghani jeetn ka pakka chanc hai nan,2
18667,hram khani ki adat ho gyi lye juth nhi chor sakt khoti ke bachi gulshan iqbal karachi 4 ganti,0
11678,tum log journalist bann kais jaat ho journalist ka j bhi nahi ho tum jais log mann toh kar raha hai,0
6564,sethi 7 preet think 's true nan,2
9344,congratul sir salut desh k liy aap bahut special imandaar h bas ab duniya bhi desh ko,2
6997,shupriya river mateey 😕 aapk ashirwad ss koii abaad nahi hoga barbaad hoga radhemaa nan,1
36717,siyasi jayeka inka dua se kaafi umdaa gharopa hai har baat main khaana peena aa jayega anyway host fo nan,1
22996,khud ko famous karn ke liy akhtar jan pe tanqe kar rahe ho wais toh tumko koi janta tuk nhi,1
28334,captain yeah coz reason india loos world cup .. ! ! nan,0
43006,aqib life bhai ye sale bas apna target poora kart hai costom ko chipka k bad tehlat hain nan,0
28617,ap bhi bohat bholi hen ye ghareeb log ko itni pesi kabhi nahi de,1
20294,din iftaar k intezaar may guzar jata hay raat unki intezaar may 💔💔 life nutshel nan,0
21676,sanzer mc 72 hoor ke chakkar tum apna imaan kya tum log apna desh bech doog jo tumko b,0
19653,tharki jayda samaj ke thekedar mat bano phele khud sudhro nan,0
14619,good night mr khan 🌸 peac night 's rest sweet dream “ may allah accept dua & ibadat bless,2
35935,xdd kal unk jyadatar batsman ne apna best bhi nhi diya tha tb ye hal kr diya tha khull sand ban k,2
15744,bijli ki halat mai koi sudhaar nahi jhansi ki bijli ki halat bahut kharab raat din bijli gayab sar,0
6160,appi asslam alaikum appi kaafi arsay say apko contact kar raha hoon pleas contac,1
40667,tum kitn baad mc ho iss artilc se saaf hai bc ek isi ke agent ki,0
18665,whi earn bread butter famili kya dadagiri hai yaar yeh bjp ki bjp,1
22480,meme 's ur age ladkio se age nhi pucht insta 'd hi bata de samja hai kya nan,1
13618,muhammadpti aap ny bhtt axhi taqreer kii realli appreci pehleypakistan nan,2
14450,heart hosakta hai coz recent dono shoot v kr rhe may v survanshi ke,1
19833,media ki ghlti howe na us bachay ki nhi usko bura kehnay ka aur nafrat krni ka kia maqsad bnata hy nan,2
31203,786 aaliya ye jahannum ka irdhan khsbbis ka aulad iski liy sulgi h ki aala h nan,0
41117,randi leagu k plant judg rangay hatho pkray gaay general ni bacha skay tum bhurwo ko bhi phansi ho ge nan,0
33403,gujju ko aadat hai paki pakai huye khane ki last time anna se pakwa ke jo roti lee baar soch rahe,0
44164,jiya way much aisay kaisay chordiya usko polic ke saath kisi ko bataya hi nahi supportin,1
16933,aabi take logoki freedom speech hai ki nahi aukat rahekar bat kar takl nan,0
26964,ramadan special offer ! ! ! ! flat 15 % ! ! ! benzo food processor model - benzo udaya best buy rs 10025/- enq,2
10384,hasan haa phle confirm btao kha hua nan,1
14268,patrag khud soch lo ab kyu hara tu kyunki teri mein kide pade hain ab churi bh,0
41574,sat pratishat sahi saal ko gyan ho tab na,1
11689,skype famili like “ look beauti babi ” 😂 cat kitti chat minou miaou meow # 猫 # ねこ # ネコ…,1
39403,ofcours haram khor unlik ur leader certifi chor nan,0
15591,14 year kidd modi hi jitega ek bar modi 14 year old bc yh ankal icecream ki bat ku nhi kr 🙄🙄🙄 nan,0
14837,give shit rat bul rat,0
13954,wo tere duabai ke kharch wo teri makeup ke kharch 😏 wo tere mehang design ke jhore aur kiya,1
40804,jai shri ganesha 🙏💐 good morn,1
44595,mani congratul peopl haridwar vote modi ji bec,2
25538,thefilm,1
45086,jharkhand bjp ke rajya tata motor ke convey driver ko nuintam majduri nahi milta hai kripya dilan ki kosi kare nan,1
27336,uski kahaani jitni hai chatpati utna alag hai uska andaaz kya hoga jab uski pehchaan banegi uski awaaz ? …,1
41877,congratul 🎉🎊 sir ji hum logo ko ume hai ki app ko jo karya mila hai use aap ach,2
3906,tum toh khud ek buri maut marog bjp ko tumko maarkar haath gand karn ki zaroorat nahi hai aur wai,0
41672,namast sir dehradun uttarakhand ka ek 11th class ka student hu sir apka biggest fan hu ap hame,2
26381,u r right main focus icc cricket world cup film nan,2
8264,dikh rha h vo kitna pavitr rista h pyar ko love jihaad ka naam dene va,1
32056,sir ultim troll hai ye good 👌 sleep dress ha ha ha pakistan everyth import,0
18893,andbhakat ab eska detail nikalo wrong rumor failaw abus kro aur deshdrohi ka tag 2 ... nan,0
12905,ye na smajh nayi sarkar ki janta ne unh bahut adhik seat k sath jitaya hai unh ye dhyan rakhna hoga ki unh,2
13339,kaka god se nich utaro na 😣 modi ji ki swear ceremoni dekhn jaana hai,2
20071,apk pati dev ed ke bulan pe nahi gay kya ho gaya tha suna hai nation herald ki 64 cr ki,0
11178,ye coach centr nahi hai paisa kaman ki dukan hai sarkar ko ink khilaf kuch na kuch action,2
37117,jr yes indian vote describ happi,2
35730,irum786 u shi cancerian anoni mous happi birthday 👏👏👏..…,1
26018,yaar yahi cheez kamzor bana deti gain insaan ko halat aur log sab aap jais himmat wale nai,1
10263,iss kunal ka itn bhav mat kuch log apni aukat se jyada uchhalt hain better ignor hi,1
41146,citi 😍🤗 gaoun ka shoq bhot hai wo srf pakistan tour dkhne ko naseeb hua tha 😔😢,0
22771,hi ashish incred grate took time leav us note striv,2
30386,superb chindi movi amar boss abhi anna act ontu chindi act marvel ambi appaji scene,2
1669,chutiy ke lodo mna kisn kiya hai orgasm karn ko karo na bhosdi walo agar orgasm nhi ho,0
11772,dionysus meetha pani gol gappa whi better eat rasgulla nan,1
19528,pti ko chahiy sindh mey govt banay nahi ppp sindh ko khaa jayegi q k ppp chor parti hy nan,0
13626,aj sir hamari support contin aapki taraf bahti hi rahti hai thank tweet 🙏 nan,1
19193,sharma4 cong ne kabhi aisa nahin kiyatoh aapki kheejh wajib hai ek aur vachan modi ji ki tara,1
43694,salman 's fan get treat eid bhaijaan come blockbust iambharat salman kh,1
35530,ye ria congressi hai koi kal pakistan ki kisi ghatna ke liy modi ko blame kiya tha nan,2
2317,allah dont worri ramadan time hamari dua allah qubul karthi hon main dua karti hun appki nan,2
33484,song woh peh baar ( pyaar mein kabhi kabhi ) vishal dadlani,2
3465,hotel bakwa kar rahi hay habitu liar & fond creat hollow scene nan,0
15125,amma u 's choic us 's mandatori wow super govern kudo nan,2
17067,thank alot hafeez bhai good luck world cup inshallha well 🤲🤲 prayer,1
39627,jungkook sincer hug presid korea beauti jungkook realli special heart love nan,2
22490,agar rss walay yeh samajht hy ki marn aur maarn se masail hal hojayengay yeh 21wi sadi ki sabs bada mazaaq h,0
5721,sir kuchh logo ke question poochhn ka tareeqa ka samajh nahi ata condescend sa laga jais,1
8466,zadii dosti far better muhabbat jb one chor k chala jata ha tou dost hi yaad ata ha aaj,2
15007,wish best luck hope see good work least 5 year warna band pichl 5 salo baji hi hai nan,2
42830,ek din sabko jana hai aapko bhi jaan k baad desh achh se yaad kare aisa kaam kare sirf ram ka n,0
16071,womensday must know santrampalji maharaj support dowri free india beti bachaao & marri 17… nan,2
26630,mamta didi jai shree ram jai shree ram jai shree ram bhoot pisach nikat nh aav ram name jav name nan,1
10173,sambhaljo 52 sansad ne bjp paisa aapi ne nahi lai jay bjp atal paisa wali parti loksabha ni chutn,1
21910,sare choro ka av poll khul rha hai kejri bhnchod v chor nikla schta tha sala ye acha leader hoga ye v chor nikla nan,0
13222,mangifera libtard ko jalt dekhn k liy koi bhi bahana ho sahi hai wais tumhar pakistan imran khan bhikhari ho gaya hai 😂😂😂 nan,0
14905,thank dear shahrukh love encourag 🤗🤗🤗❤️ nan,2
16959,ye khud apni baato ko serious nahi lete kabhi inh elect nahi ladna tha ab kisi state e,0
34436,diya kumari dil se aan wali fir se ji fir se aan wale dils rajsamnd // tco / y0zctqis8q nan,2
39792,ye mariam ka pithu hai larkian isey apna crush banai baithi hein idiot harami,0
23411,modiji bahuth dhanyavad hamar desh ke prasid freedom fighter kho aaj ke generat ke saamn laan,2
466,bhaijaan ji pleas mein apka bahot bahot bada fan hoon pleas meri jindagi bachalijiy pleas mein,1
18913,want back ji 🙏🙏🙏🙏🙏😘 hamar hindustan hume chahi jai hind 💪🏻,1
23679,woh sab chodo - tu jayegaa ki nahi debat mein sorri arguement mei nan,1
25075,ppp abhi softwar upgrad hona baqi nan,1
24047,congratul sir great achiev sir apki twaja aik ahm masli ki trf dlana chahta hun k,2
11113,< 4 4 1 9 > hiiiiiiiii new moot hope get close soon ! 🥺💞 nan,2
36743,today tri make favorit dish pretti deserv nasi lemak use risotto rice infus blend nan,1
8664,koi toh yaad dilao yaar bhul gaya hoga retor ❓❓❓,1
8353,ye kisan gareeb hain itna dudh fek diya aur ye gareeb hain sarkar ais kisano ki koi ka,2
14871,sbi new parliament member ko dil se bdai deta hun v asha karta hun k jis ash visva sejanta ne apko desh v des,2
11391,'s babi deserv much better truli screw writer saar charact develop ka ra,1
12894,best photo pic via aquarius,1
17505,insha'allah world cup mei sbse km score bnani record b hmara taptan apni nam krni wala ha nan,1
24318,saya pesan untuk semua yg bergelar wanita bukan “ wanita berloceng ” ye dan jugak diri saya 😊❤️ nan,1
26042,hell yeah doe mean pepsi vanilla come back miss much nan,1
2481,kyu congress aur sp ke spokesperson nahi arah hai polit se cricket agay nan,1
42646,twt allah ap ko maaf nahi karay ga twt jungkook nan,0
26729,aap ko jit kliy bahut bahut subhkamnay sir aap mera request hai ki sarkar biotechn,2
12409,nawal n't need thank dear love person 'm happi well jus,2
1480,congress parti ne pehl se feku bhakt media ka agenda samaj liya hote ye chunav nhi hartefeku bhakt media ne fe,0
35644,bardo realli screw pooch one get man nehi stat nan,1
19479,sha allah certain best shayi joint world beauti voic could listen day nan,2
44849,pronam sir jiajj 1bar apps bath korna hai sir ji desh ke liya 7085987767 desh appk habal kordiya app age bart rahiy jai hind nan,1
18899,obianuju chudia yes nan,1
42701,x n't know peopl find good call worker maasi driver etc etc name call nan,1
13333,biggest idiot india ever seen dukan band kar aur sarak le futiy vote chaiy ga u ko nan,0
28199,fawad ki tareef kert tum thakt nahi mubashir ab jab us ne bolna start keya usk pech,0
14670,pictur bro use watermark deserv credit mani page post pictur love 💙❤ nan,2
20406,good morn dosto aap ke liy seedha factori se ekdum fresh smartphon kya keht ho,1
12874,saradhi మనకి media మద్ధతు రాబోయే 5 ఇయర్స్ అస్సలు ఉండదు . ప్రతిపక్షంలో ఉండి కూడా విష ప్రచారాన్… nan,1
43064,deep dat ocean love fa 💜 nan,1
6892,chaudhri saab ka status khrab kr diya tweet ne 😂 nan,1
19486,ke lye jokar shabd bhi chota hai ye dhobi wala hai jo na ghar ka aur na ghat ka hai,0
14763,ez1403 chutiy googl pe edit nahi ki hain tumhar dimag ki hard disk jehad naam ka virus,0
21977,aerigirl ahhhh hindi pla nagsend thank ate dhang jullenor bebeb shein love frenni lucki guy 😭😭… nan,2
14368,shaba khair superman sweet dream shaheer jiii 😘😘😘 nan,2
6253,everytim mamatafrustr act bengali song bhoot amaar poot petni amaar jhi ram lakkhan sath ach,2
11003,ustaaz subh far better tahajjud subh far better tahajjud subh far better tahajjud subh far better th nan,1
44772,shukar ha kki dhang ka topic kse ne rkha nh yha siyast ke chablosi se furst nh kse ko es q,1
22063,jagtap77 dikhav ki mohbbat se dur rahta hu isliy mahadev ke nash chur rahta hoo har har mahadev 🙏🙏 nan,2
31881,nice dp ke ghatiya tweet ke repli mein ladk ais comment kart hain jes é mandir mein murti k aag dhoop batti,0
22217,ok kuch snack banayiy match dekht dekht khane k liy nan,1
32780,sweet thanku much kareena mean lot much love,1
2623,jab tak bjp ke talw chatog tab tak congress kya koi nahin dikhega aapko aur kitna jaleel hoge sab dal,0
26577,mama mamu banan ka kaam chal raha hai dekho,1
8390,pehl apn kiy karm ko yaad karo phir kissi aur kae bare mae baat karna gujarat mae hui tabahi ko,1
14143,jummah mubarak bless day jumu'ah ramadan give gift educ make differ start,2
15706,nabi w ko ksi wasilay ki zaroorat nhi thi balkay hazrat adam ne bhi nabi pak w k wasilay,1
22107,sir g logo ko kuchl dooooo plzzzzzz pakistan zindabad pakistan armi zindabad pakistan 🇵🇰 love 🇵🇰 nan,0
26535,ishrat jahan & co task knock modi rule state facilit nan,1
38701,smajwadi parti ka media boycott accha tamacha hai ye godi media pe sabhi partio ko aisa hi karna chahiy mudd,1
14727,ur absenc high felt mama luv u alway may 29th wil never 💐🕯️💐,2
10573,ajay bjp aur modi ko desh chalana nai aata uska kya ek anpadh vyakti se kya apeksha ki ja,0
12721,congress ki haar ka 1 karan ye khujliwala baba bhi 😋 bada choudhri bana firta tha,1
38498,tussi day lo advic ki game nahi niyyatain bhe kharab hain,0
39319,journey beauti month end soon may allah forgiv us grant dua & may bless r nan,2
2109,happi birthday ador remark human earth love happybirthdayjenniferwinget nan,2
15400,molvi aik beemari ha jis tarah apki taraf padri ju b insaaniyat ki tazleel ki ba,0
36740,peshi pe jaarah ya apni maa ki shadi pe jarah ? ? ? tum chor ho isliy dart ho aur kiray ke,1
43131,ty nie umiesz w ciep ł e ł owa nan,2
17518,abe chutiya mera khun kaul jata hai jab tu bolta hai dhara mat jana kabhi gand bambu gussa du,0
32345,ahm akram bohot serach kiya hai kuch nahi milta 1 saal hogaya hai dimagh kharab kardiya mera ab person info,1
6836,madam congress ko aap jais log duba kar manog lageraho best luck nan,0
16059,hadd ho gayi hai aaj tak suna tha aaj mere sath hua pata laga ki onlin shop par trust nhi kar sakt ₹1…,0
15975,assalaam alaykum alhamdulillah 's friday last jummah ramadan 26th 1440 hijir ya allah bles,2
39690,rohit jo research kiya hai iss case aisi hi kaam demonet gst rafael karta aaj dall nahi hote nan,0
39216,ye sale boxer ka v vaha ki cricket team vala haal hai jett hai nhi fekt zydah hain nan,2
15881,insan ! ! ! nahi support karna dafa hojao dunia say likin kam say kam bakwasiyat mat phailao ha,0
5440,chanda hope fr best - nan,1
23837,one better srk charm person swag ek yessa hero jiski villain role sbse jayda popular hoti,2
15967,desh mai karib 20 crore muzlim hai ko pure desh mai sirf 12 crore vote mile matlab wanha bhi vo,1
14079,namo hame aap par garv hai ki koi aaya dhara pe jisn bharat maa ke sapooto ki kurbani,2
13248,evm ke khilaaf ab shashtra andolan ke siwai aur koi chara nahi 85 % moolwasiy,1
15753,sir ap bohot cute ach ho 😌💃😂😂 nan,2
28523,cute u good look b love peopl love laugh n smile love everyon hot itta pyaar mer,2
38898,everi test life mak us bitter better everi prblm come make us break us choic bcome victim vic nan,1
35467,ameen thank alot tweet allah har insan ko badaln ka moqa deta hai agar apko kabhi,1
23549,dekho madarchod hmare,0
18068,kyun ki hindu dayaban hote hai immandar hote hai punya kart hai paap nehin nan,2
13812,maa aakhir maa hoti hai kitna bhi nalayak etc ho bhi wah maa ke liy lal hai,0
43909,love mock jimin tho beh aaaa,1
11143,srkian hum log teacher ko pagal bana ke class se nikalt ye log maa baap ka chutiya bana kark date pe nikalt hai 😂😭 nan,1
22408,ok im wonder wht u guy think best kh intro song / best version song nan,1
337,rao hindi tumhari bass ki nahi nahi seekh paog dart ho kahin hindi mark hi nahi,0
8485,bhasad jayen sale aais bhee kuch sunn nahi pate thee unki wajah se desh 29 nation parti,0
23056,dil se nahi ho wese shakal ka mjhe pata nahi aesa kch matter nahi krta 😛,2
6016,best pour love mitra 😍😍 nan,2
22769,lagta hai geo sy paisi deni band kardiy hai 😂 nan,1
28926,presenc india sala murkh banata hai mere area bhi madharchod bekar chal raha hai nan,0
42860,jaan shaadi k baad apk hath kaat dunga wo q jaan main shaadi k baad apko apn hathon see khana khi,1
14988,iss advic pe dhyaan nahi dena hai boy ghabrana nahi hai,1
19853,tooba love yawr realli love yawr aor mein tumharay liay kuch bhi kar sakta houn,2
40515,good nyt khudaya ji ~😘 dhan dhan satguru tera hi aasra 🙏 'm realli sri ol mistak 🙏 plz,2
15656,ki zoya 'd bnd thi unfollow kese hue 15daystobharat nan,1
35037,bie baba barkha bangali driver wale talk bout bahut pahuch huy baba hain sorri minist,1
15154,sam rathe iss chutiyap ke tu bhi aawaj utha bhai usko shant rhne ko boln ke bajay nan,0
41113,jackson 7777,1
12863,humari tarif sa pakistan armi ko dil wo jan sa advanc eid mubarak nan,2
11728,janadesh se sirf utsah nahi hai dukh bhi hai aakhir 5 saal kuch kiya bhi hai govt ne,1
13124,boy - babi baba nahi tere equal ban jaunga ladki patan mein sanju ban jaunga shaadi karn bole feminist ban jaaung,0
15128,ye baat congress ko aur vaampanthiyo ne pdhi nahi h isliy kyu ki angrejo ne unh kbhi mara nahi un,0
42179,1 month ke liy hi kyu hamesha ke liy band kijiy kyuki us se aapka koi fayada nahi hai,1
27206,modi phir aagya jaisey ki brashtachariyoon aur tugd tugd brigad 's par pahaad toot gaya congratul pm modi & team nda - 2 jai hind nan,2
13144,🙏🏼 kapil sir 'm bigggggggggggg fan salman kat dono ko best luck,2
2703,long rock n roll und ‘ steal love von mando diao ; ‘ matter ( king leon ) ; …,2
35285,49 doubt much day 51st birthday wake say “ wooo-hooo birthday ’ … nan,1
22260,ab kissi se bhi madad talab karo chahay modi se ya daddo trump se ab kuch nahi hoga kyunki allah ki,0
31910,love kendra kash jas ❤️ cute nan,1
2235,bapa ki 26veen aap sab ko mubarak ho humari mubabbat bapa se aur barh jaati hai jb hum mure e kamil nigran e shoo,1
17955,nation kutt bhonkt rehat hain nan,1
27444,ranjan good collec,2
32665,jesus said unto go thi way ; thi faith hath made thee whole immedi receiv sight fo,2
39143,jhhasi ki rani ko enk karn gwalior mai sarn nahi dee gayi kaychand hai nan,1
42208,yrr tume bada rona aa rha tum hi keht na freedom speech honi chahiy usn bhi bol diya jais tum kanhiya ke,1
9941,mam aap jase best anchor jahan rahog chanal number # 1 hoga hi congrat 👏 👏 💐 nan,2
34251,congrat welcom amitbhai ab ghar ke cockroach ko saaf karo ham sab aapk saath hai bharat mata ki jai nan,1
33857,nahi jaanna call mizyal nan,1
28845,shah fee pay want know mahin ka kitna kama lete ho p nan,1
10581,uska record check karo director ahmedabad cooper bank wahan ke scam 😂😂😂😂 nan,0
9329,ye qanoon - e-fitrat hai social system jo khuda n design kiya mard ko hi agay chalna hai wo dun,2
41017,17 • anoth lq mutual na super pretti 🧡 whenev see ig stori 'm like ang gandaaaa 😭 super thank rin,2
40816,aparupa happi burthdayyyyy khusbooooo 3o alway come fresh fragranc life thank g nan,2
14472,humbl chosen subject show sangharsh se shikar tak 🙏 talk myjourney far nan,2
13114,dostonassalaam alaikum good even aap jant hai hindutva wadi sangthan ko jay siya ram kahn se keyon parhez,0
12213,job eat & shit mufat khana & daru pina rahul ka nam japna hi tumara kam hai dhechu dhechu kahika nan,0
42194,ms might done super work educ delhi modi done superb work field - edu nan,2
43992,tu ne niazi ko behn pesh kia tu bi apna aur apni famili ka naam azeem niazi,1
23022,sir constitu nawada big fan modi work consti,2
2493,love continu inspir peopl alway rememb alway f,2
18738,oh tabhi ap jyada onlin nhi aat da best bro b'di girl ki dil se apk liy dua h sb jldi theek ho jaay 🙏 nan,2
34357,sadhvi ji dhara 370 par karywahi karani chahiy agar nahi karywahi hoti hai modi gov se bhi moh b,1
44262,abe chotiya apna media apna chawal prime minist ki suna ga na bus phir tujha ya hi,0
16243,shame zaidi bara sensibl journalist khud ko portray krta tha tu b lafafi nikla nan,0
33270,congress ne 70sal mai tumar nikaln ka haptalbhi nahi bnaya ab bhugto tumhara jija marnewala hai nan,0
13892,24th ramadan kareem 24thramadankareem happi ramadanmubarak muslim rehmat maghfirat nijaat 2k19,2
24044,bjp ko wahi bura kahta hai jo bura hota hai main aapko bata doon ki bjp ne paanch saalon mein j,1
27300,hahaha kitkat forgot abt thank shyam 😊😊 nan,2
9023,chor vadra bhagn k chakkar h bahaana bnata h treatment aiim bhi h chor vijay mallya banna chahta h nan,1
167,mohsin dawartweet daikho aur kuch kha ker mar jao bayghayrat insantum aur ali wazir harami ho pakistan,0
37920,aaa ca n't wait,1
10446,har larki ki khuahish * eid per bas haircut perfect hona chahiy baaki ki kher hy * 😂😂😂 nan,2
3852,yun kehn ko teri rah ka patthar nikla tune thhokar jo laga di toh mera sar nikla ek woh shakh tha jo phoolo'n,1
8205,use proof du bolta hai fake hai 😂 nan,1
23871,main smjha atiya ka uh top krni ka irada hai bar 😂😂 nan,1
36779,behad khush nan,2
17426,ab agar sarkar rojgar nahi degi aam public pariwar paln ke liy kuch karega hi kon se niy,0
30425,anna congratul hope u becom good cm kcr telangana & work togeth water probl,2
40596,maa ki khidmat karnewalo ka maidan e hashr makam - { amaz } short bayan maulana tariq jameel,1
14355,aap log apn comment kr ke apsi rista ki khrab kr rhe ho lekin ye rubika madhar ch,0
42310,bap yourdad bsdk chutiya homobakchod even know ( joke ) nan,0
4063,2 kaudi ki film maker 😂😂😂😂 aukat se bahar nikaln k koahish nan,0
8254,siddiqui,1
19800,mir sb koshish krna aj k bd agr sach nahin bol sktey ho tu km uz km jhoot b na bolna nan,2
26866,apna predict ye wala na apn gaand daal le pich se aap ye hatao ki,0
15815,chor ka bacha tum muh ya bata acha nhi lagti tumra ami bap dono chor haram ka pasa kha kar pa,0
37727,belll fruit look nice tho 🤯 nan,1
23417,galat suna chakki kutt ki baat nhi ho rhi king world ki baat ho nan,1
22514,keseringan turun di el pozo jadinya bar-bar nan,1
26526,keep dark avoid much bijle bill nan,1
34794,sir aaj apaka byju 's wali ad dekhi apako ek tamil film villain wale look dekhna chahat hai god hit hogi film nan,1
18995,filhaal twitter ke madhyam se bol dete hain jai shree ram 🙏 didi nan,2
11237,break free ye ladkiyon ka bada hi galat kaam hai first order differ drink,1
2557,mitali ji ye haramkhor ladna nahi chaha raha tha isko phasa diya gaya ye,0
43851,offic congratul bhayia bahut bhadaiyiya apko pmo call u great nan,2
11433,om islaam kabool karn ki bohut aag lagi thi jawaani ka bhooth jo sirp chadha tha ab jawaani ke,0
740,yeah jo aap hamara roza kharaab karay hain na yeh uss ka notic hay lol allah aap ko aur aap ki famili,1
39782,koe bat nahi sir ji dekh aag jay desh ka vikash ho aur janta khushal ho yehi,2
29004,akshay chutiya h aur bhosdi k hindu musalman ki baat kr k logo ko ku bhadka ra mc 😠…,0
2882,sattar ya allah logoon se pakistan ki louti hui dolat ka bhi hisaab le ameen nan,2
13957,'s kabza da small song despis much filth 🤮 nan,0
15626,shah ji karnataka mey 9 lingayath mp jeet kar aay hey aur umesh jhadav ji kalburgi se kharg ji ko ha,1
44329,happi mood ☺ weather - happi pill yungblud - parent mcr - teenag txt - blue orangead ajr - 'm readi shaggi - w,2
6887,hye u open ur dm thankyou 😊 nan,1
41713,soul tag person jo sara bakchodi ka list rakhta hai 😂 nan,1
15016,abbasi 's careem wali umer nahi hai meri wesey bhi kabhi apun careem mae nahi betha ✌️ nan,1
26485,agr baar world cup india jeet gya socho ink bach k naam kya ho skta hai virat koh dhoni jde,2
14288,ham na pahlay bhi shahksi baat kabhi nahi ki pak watan ka hi sath detay hain koi ahsan nah,1
14748,person much infect madhar chodi nan,0
5153,jais ghar pais ke lale pade ho bach kheln nahi jate shoaib ye asar hota hai dimag pe play,1
15134,naa idhar di gal na udhar di gal karang seedh dildig ith link vich video dekho,1
25076,woi main soch rhi thi k abi kuch din phli ap kch bol ry thi 😁 itni jldi kesi hogi 😁 nan,1
885,ngk good one kudo hero offl nan,2
14603,madam ji alway miss videsh mantri nan,2
39135,mere kaptan ne mah inhein zaleel kar diya hy k yeh sare chor mill beth hain inko bhol gay,0
40929,uwaaaaa happi bornday kak jiii wish u best suks terus yaaa - ! ! ! nan,2
22700,nilesh56 problem pata hai kiya hai tum jais logo ko muslim ladkiya hijab burqa,0
37798,hahahaha bhai mere hr kisi ki apni life ha ns ka ak bhai america hota ha usk,1
6333,sahab ye sab news chanlo ka kamal hai obc ko samjha diya gaya ki jo pm jo pm banrah hain wo,1
16184,disappoint day pro-kannada / karnataka represent loka sabh elect puppet high command nan,0
2062,true yaaaar load disappoint countri turn 😞 ye aisi ch,0
22973,agl 5 saal toh kahin bhi show karn layak nahi bachog 🤣🤣🤣 tabhi iski jalti hain modi se,0
33470,love meri jaan 😍 well pic call crop 😁 bharat nan,2
7840,mujh samajh ni aya pleas clarifi ma'am nan,1
23857,owaisi ko chorah parr jhote maro hinsa failata hai ye nan,0
7711,aur iss tarah zee news ne jo elect 2019 hissa lek,2
9787,great grandfath pt mehanga ram ji girdawar gilgit till time partit serv 40 year nan,1
5114,sir alladin ke jariy aap ne hume bachpan yaad dilaya hai thank stori kabhi kabhi th,1
26860,whi amit shah modiji ne bataya tha sab ko jail ke bahar tak le aay part ii jail ke andar b,1
5741,ugh love ap hamein ye eidi bhej ga eid per okay nan,2
24006,moulvi ba wuzu sona ibadat hay ( turn ac ) sleep day 😂 life hack nan,1
10673,sahi hai ab tumko bs hindu muslim hi bacha hai parti pravakta hai nhi jo debat krogi anchor,1
12283,sir group wait clear karwa dijiya ab hamara futur aap k hatho ha sir bhot mahnat kark test nan,2
16280,jo dood ki nehrain beh rahe hain sab aik din main acha nahi ho ga ahista ahista kaam ho ga,1
33940,suvar pappu aur putana ne apni aukat dikhadi shri surendra singh ki amethi mein goli mar kar hatya karva di - ye u,0
37097,good morn cute kartikeyan annaa 💕😍🤗 happi sunday annaaaa 😁😁,2
43731,ye barha acha bnda lgta hai 😂😂😂 hr kisi se barhi izzat se baat kr rha hai 😁😁 kaash saar,2
22634,band karo behe jo aapko bura ni kehta aap usk saath bekar unnecesari behe mat cha,2
29751,bosidki sharam karo kitna vote aayar tuje saal deposit nahi mila sabs bade gaddara chutiy b,0
3196,nahi radha ji kaon kahta h ki bhagat singh chandrashekhar aajad jais deshbhakt dharati pe janm nhi,2
22336,sheikh yes serious hamey insai bhtt pyar hai 😡😑 nan,2
19574,wo afghani tha tu pakistani madaresa chhap kutta hai 🤒😂😂😂😂😂 nan,0
6104,absolut wrong hisab se modi ko opposit ne elect se pehla itna kuch bura bola wo bhi,2
20833,respect sir kya bjp k ek chhote sevak ki jholi mei aapk ashirwaad rupi phul nahi naseeb ho payega,1
11976,modi ji aap aam kais khaat hain,1
31657,level play field thi usmein bhi bowl ho gay yeh 5 saal hogay kaunsi aisi gaali na di hogi,1
40533,jahan pyaar hota hai wahan itna chalta hai team also need understand world cup w,2
38540,happi memori weekend,1
41818,apni chori band kro coffe ke name pe pani pilana band kro warna consum forum complain krunga aur wohi coff,0
42717,muah 's go nan,2
22792,farook8 hanaaaaaaa happi budday babyyyy 💜💜💜💜💜💜💜💜 amaz day week month year life love 💜…,2
30575,indian ye insan h hi nhi ins umid bhi insano wali nhi ker sakt nan,0
27491,oxford ja ke haram ke bap ki haram ki kmai laga ke bhi degre na le,0
9929,gandu muslim gud hindu logo aur maro inko behan chod muslim utho aur maro hindu kutto ko buzdil,0
22889,sarwatje wednesday ke muqabil ki open speech bahut behatreen lage good express ke saath,2
1401,india arjun ji 🙏🌹 jai punrasar baba ki jai bikan rajasthan,1
14570,facee97 cute hawa 😂😍 miss much nan,2
18740,tayosa jaiga wag sa jamil fuck stupid stfu nan,0
27214,sab farzi h 5 saal bpsc ka result nikaala h vacanc ke naam pe sbse pich h koi standard ni h,0
352,gulwish nahi wo news ko defend kern ki koshesh ker rhe hain,1
39200,song hye kyo & joo ji hoon report cast lead new kbs2 law firm drama hyena,2
14696,col rsn singh veteran armi offic & fmr raw offic vand matram jai ho n jai hind look gd life nan,2
19423,happi birthday chicha great day 😄 nan,2
2816,raja prithiwi raj chauhan galti nahi karta toh tum paida hi nahi hote,0
38714,janmat ka samman iss ek word k aar 5 saalo aapn satta se sawal nahi kiya phir v,1
34920,[ v live + ] jun-23 ( sun ) 7pm ( kst ) bts 5th muster [ magic shop ] live stream seoul 멀티뷰와 함께 즐기는 머스터 실황 생중계💜 623만 기다립니다..… nan,1
14761,hame ghanta farak nahi padta tum kya socht ho shehzad jee,1
24674,tumn akel jitna islam muslimo ko badnam kiya utna 5sal bjp-rss milkar bhi nhi kar pay makkar farebi kahi ka nan,0
18812,ia offic ke bayan ko misunderstood kiya gaya hai wo khud gandhian hai wyang banaya tha k,1
38885,good n't say desh ka bhagwaan,1
23888,bs uska job uski dilwa dijia ni zindangi zee ni paiga jish kam ko apn 10 year dia h use lad,1
40967,ok next updat 1week ke baad dena bro dekht hai k,1
27259,noor say pak ka koi mukabla nahi kisi bi jaga se lekin norway bohat khubsurt countri sare rast “ subh nan,2
42353,jo exam pend hai wo clear karao sir juli august tak nan,1
26615,71 thank much bhai bharat se jude sab detail dete ho mai 2 saal se aapka youtub,2
15388,matlab hum 😲 main aik b chutti ni ki te iss month 😭 april tak e 18 ho gae 😩 nan,1
26928,apn chor baap se pucha kabhi pakistan se paisa lot kar uk mai apart kiun kharid apn baap se,0
20980,bada na 2015 khud ke bal pe jeet thee ya rjd ke support pe rjd wale ek baar hutiya bann gay,0
30367,veri correct jhandu akhilesh baap chacha ne kursi pe bitha diya khud ko,1
26017,today auspici glorious day belov pm shri ji take oath second,2
24046,saheb aziz abe oye chutiy madarsa mat ja quran ko bahar gatar feek jake thik se,0
35228,sharma govt 5sal sirf jumla diya hum e ye bjp sarkar juml k siwa aur k,1
16994,made boondi also home wow 👏👏 nan,2
20280,ohhhh fab great thank worri gone thank help ) nan,2
32722,watch tornado documentari day rememb young hope everyth look littl,2
19191,* sex * girl-kisiko batana mat me-do n't worri koi mujh pr yakeen bhi ni krega ... ! nan,1
5719,11 fed anyth atheist religi teacher come home teach quran b,1
33135,captain ko confid hona chahey bodi languag strong haar jeet game ka hissa hay,1
13847,'s santet korea thak nan,1
30488,es desh tum jais chutiy raheg kais koi apna parti ka prawakta bhejega midia desh ka 4th,0
31483,aj ap us shak k bachoun k sath iftar dinner kr rhe hain # بدکار_کو_سنگسار_کرو chairmannab,1
30960,diva13,1
22214,problem sir ji aapk muh kholn se hai jab bhi khulta h bakwa hi krta hai modi best still u,0
14828,congratul sir happi ki aap hamar pm bne dil se welcom kart hai aap ko thanku much sir apn indi,2
15926,rohatgi hindu muslim hindu muslim kitna krti ho yaar milan ki baat nhi kr skti kya hmesha baatn ki baat ky,1
28373,bc wahan sarfaraz keh raha hai k amir mukam fit hai phela match kheln k liy yahan tum chawlain mar rahe ho,0
30096,chacha ji sri ji ko iss vishal jeet ke liy bahut saari subhkamnay 💐💐 . ab hoga asli nyaya sabka saat,2
22419,shrikant003 veri nice pakistan bhukha nanga hai nan,0
7262,iss shw mein shuru se yahi bola hai 90 's mein yeh nahi woh nahi hota khaskar ladkiyaan itni fast thi ye,1
39713,hr cheez ka credit laiti hain aaap yahan b lain na kharab ac lagvani ka credit ! ! ! nan,0
14967,sir due respect ye evm ke wajah se nahi hai ye hamar desh aap kal wahi jitega jo,1
24087,anshul vaiya ek educ problem hai pehl main khud tri karta ho solv karn k liy agar nahi hua,1
26368,mashaallah allah buri nazar se bxhae hmesha ap khush rho ameen nan,2
39050,g ü eyyyi la amanecemo en chapu jajaja c ah í te damo de nuestra chela conseguimo qui é n la compr 😂 nan,1
27370,3rd qualiti ka print expert toh likhna aata nahi bade aay saal articl likhn wale bina spel,0
35030,agar sach bahaduri hai rajneeti chhor kyon nahi deta mader tera baap amethi haar gaya,1
15394,satan except hehe ❤️ hope good day bud ) nan,2
28421,love much jeon jungkook amaz ! ! ! 💜💜💜💜💜💜💜💘,1
43233,wecom sir badhai safti clean one attand call nort,1
23211,aaj quantiti tweet zyaada thi isliy nahi dekh hoge nan,1
26885,congress jal ke rakh ho rahe hai aur baba ab bhi jhoola jhool rahe nan,1
17743,plate laga hai car pe fir kya dikkat hai hanuman ke bhakt kabhi niyam nahi tort hai ab tum cha,1
10191,ye log hi desh ko chalayeg alka ji kyo ab enki sarkar jo man aayega hi kareg deshdraohi sadhvi pragya nan,0
25226,bad good jab na umeedi bohat ziyada ho jay insan tarah k rast talash krta hai khush rehn ki koshish krta hai nan,1
16010,news happi ramjan,1
27031,tum bjp ka apman krke jnta ka apman kr rhe ho agr modi ji ne jnta ka vishva nhi jita hota bo dubara,1
9859,sabs pehl yeh politician hain ya shayar sala inki puri parti ka system hi lull ho gaya nan,0
28302,hindu ke naam par sabs bada kalank hai tu jodna shikho neta ji na ki batana nan,0
8159,bina baat bewajah bina kuch soch gaan marwana koi ins sikh chewtiyon k sath rahog toh ya,2
35207,fbr walon say corrupt koi nh job requir direct interact hnis unhi jo log filer ho bhi nan,2
42154,magreretak hindi cheer us surviv anoth school year year growth & matur meet new peop nan,2
12385,sir pahl se dher sari subhkamnay hamar pradhanmantri ko ❤️🙏 motichoorladdocak,2
25809,kanha batman hum nahi tu zarur h bot aayushman k fake id 😂😂 nan,1
28296,see rock prizm lens like 👀 chanc win pair offici rule,2
27967,think smart ass design tell ware realis de,0
9365,pegar jogada da partida jogando de lucio com uma internet cheia de lag é pra fechar noit com chave de ouro nan,1
44319,yr ye jo log divis ki bat kr rhe h tum ek bat btao ye jo yha 20 % muslim h ye tums brdash ho ni rhe,1
39166,feel readi hv yakeen & make dua sha allah provid good thing answer may come nan,2
34526,ambedkar owaisi sahab aap k mai bahut khilaf tha aur aap ki baton ka mazaq udata tha lekin 2019…,1
2404,hi brook store usual substitut line main thing sell,0
30587,manoj tiwari ji ki aitihasik jeet par bahut bahut badhai sabhi delhi vasiyo ka dhanyabaad,2
13016,raja ram ko ni bhule vivekanand ji ko mt bhulo america tk k log unki speech kayal h,1
40966,dead hahahaha predict shit wan na predict shit press nan,1
29026,khush kismet hai yeh insan jis ko ramazan mubarak ka akhri jumma mila inde brave man nan,2
31405,lakin itn bhi nhi kamzor k kisi bhagor ki misaalien hmien di jaien tm ek ex-muslim ki baat krte ho duniya,1
21069,bha ab koi brahman nahi shudra nahi kshatriya nahi vaishi nahi sirf sirf hindu hai ek,2
18771,girl hone ka ek nuksan ye bhi nahi keh sakt k badthan dad nan,1
44615,hassan jinsa 5litr ki bottl nhi uthai jati wo bhe bc lart wa nazr araha hain 😂 nan,1
39617,gangapuram kishan reddi ji shown metal modiji yogiji bound harvest support sanatan b,1
25587,ab nyay hona chahiy nan,1
28408,bahut bahut badhai hamar aadarniya pradhan mantri modi ji ko hamari taraf se pure banara wasiyo,2
18829,eeeeee mmmmmm sorri ! ! ! ! good morn ! ! !,2
18892,al ò barikad lan ki te dwe soti en decembr lan ki poko janm soti nan,2
44111,richa anirudh jiaapko janm din ki bahut shubhkamnay mere ram ji aapki ye jivan ko sakaratmk dish,2
892,sahi hoga sayad tabhi sirf appki channel pe ye dikh raha hai warna kuch bikav media,1
30428,tamam bjp suppot bjp4telangana bjp ko naya govern mobarak ho nan,2
22715,pata nahi sab mullo ki kyu gulami karna chaht hindu torch everyday pakistan nan,0
10701,surya modi ji inspir us bt 'm wait day take oath ☺ 's hist,1
12228,bie whi kerala lungi best invent far nan,1
34293,fc fc9 isko kha ke ki bimari ho jygi nan,1
19207,murkh log ye nahi samjht ki consid wrong good thing normal human nan,1
45053,antar atma ko bech diya hain jab tak beijjat kark bhagaya nahi jata tab tak nahi hilega lekin rahe,1
43891,hahaha rememb balanar total boss xd darr lagta tha hahahah good ol day nan,2
8552,robert wadra ki ghotal k khabar bahat dukh lagta ab usko congress parti v nahi bacha payegi su,0
25656,lie one pvt sarkari kharcha nan,1
4545,bawdi ga chutiya banati public ko mc mulli nan,0
22358,diya jo ab vaadi ko jaan se matn ki dhamki de rahe hain anurodh hai ki prakaran men giraftar kar chode gae aropi,0
42618,jab koe muslman hindu ko tadpa tadpa ke mar deta hi koe hisad ki aulad nahi bolta par ek jhutha muslim ki topi,0
28519,abe bhadw ye gandu nehru desh ka sabs bada gaddar tha sala buddha ek ka ayyash tha sala iski vaje,0
14211,thank much least time knew build pr,2
30713,chal ft 2 chainz & nicki jam - love n hennessi ( remix ) ( clean ) nan,1
38722,hurii apki person aur avi ke hisab se apkoo kya hona chahiy drop name tell u 😆 1 doctor 2 hafiz e quran 3 nan,2
45078,goi goi india congratul janab sb joy see tak,1
24202,aapko jo karna hai woh kariyo famili ki baatein kabhi nahi sunna ham kuch bhi kare unh har ch,0
17406,veri good effort congratul,2
14354,love comedi kapil paji 😍 u nd ginni mam like shin star khuda aap dono ki jodi humesa banay rakh 💑 nan,2
26527,dear ruksar ji muslim plz bjp jaisa mat bano hindu muslim soch rakhn wali,1
12672,hon b cm uk sh rawat ji ko bahut bahut badhai regard rajesh parmar parsad n n dun uk,2
39516,asingwir haha 😂 era gwe kale one deciv futur alreadi see futur 😂😂😂😂 nan,2
28370,22 crore se best 15 gye ho tum 1 % bhi confid nam ki cheez nazar nhe ai amir fakhar k elawa ksi thori si effor nan,0
12813,momta tolabaj jai sriram ek bar bol jai sriram tumharey sarey sonkt kat jayga kisi rohingya se,1
12539,sale chu arvind kezriw wo hai jo aaj bhi tum jais chatukhor ko apn pas bait,0
20451,tum kahan se chalaog jab mata pita bhi nahi chalat hain apni auladoon ko laat mar kark nikaal dete hain nik,1
15715,24x7 2002 hai vat niraash mat hona kamzor tera style hai tu nahin 😁😁 nan,2
101,nolo weni anker gae weekend 😂😂😂😂😂 nan,2
9599,ind undeliver distanc 5 min / 1 5km order much,1
23969,fuck fuck penalti sala momentum nai bigardyo nan,0
42858,jab teri maa ko uthaan keliy jab abhinandan ko bheja tha india ne tou wardi waal thay jinhu ne us,1
26443,tumara best friend yr pta nahii tum girl 's b kya souchti rahti ho 😄 nan,1
24110,best sushma ji aapn videsh mai bharat ka man badhya like everi daughter wish,2
30789,lost 5-0 australia 4-0 england lost warmup afghanistan lost open match wit,1
19575,bie say compar chutiya andhi gandhari insult gandhari nan,0
24257,ji nahi satru ji siddu ji ko bjp kabhi bhi nahi lenaa cahiy ye dono jish parti ko join kren,1
14693,keep ajinkya need form test championship 👍 nan,2
20570,bachpan mein suna karta tha ... .😯😯 ki chudail safe sare mein aati hai aur ram ka naam sunkar dar jaati hai cha,1
30670,best wish pseudo atheist new countri advanc bon voyag,1
11024,gadkari happi birthday sir jio hajaro sal sal k din ho pacha hazar aapko tamari umra lag jay sir happi birthday nan,1
30498,itn pakistan ne ni khele jitn mene roze rakhly 🙁 pakvwi wc19 ramadan wc2019 pakistancricketteam nan,1
15243,meus pai tavam com meus tio falando sobr bonoro e agora ã sentado na sala vendo carlinho maia na tv nan,2
24505,mod ji ke saath -2 aapn bhi desh ke liy bahut badiya patrkarita ki hai sir aapko ni,2
23374,vand matram 🇮🇳☺️👍 awesom represent atul g jai maa bharati hindustan jindabad modi g jindaba,2
27513,bhaii fan 😎😎😎😎 ye nasha nahi karna hai baba e tu aa ye list ko bhulja aur herapheri pe,1
18764,nation educ polici 2019 ke draft men tet ke saath jo bhi alag parkirya hai aur cpd ki jo baat,1
23524,predict saint rampal ji mahan sant bharat mein janm lega jo prakritik parivartan kat skta hai,1
1448,rahiy sex cool nikah ose phele kise ko hath laga ne ka bhi haq nai hai hume nan,2
26153,rishabh bc tum bhakt itn chutiy kais ho sakt ho kal ko tumhar ghar jalaan se pe,0
26491,ngk bold & quirki film sarcast expos current realiti polit sir touc nan,2
26651,14hb arey ganwar jaahil tere jais kutt ke saath baat nahi laath aur daanda se kaam chalna padta h,0
15739,en gaddaronko parti mean wadia mat lena warna 2024 elect mei,1
11475,aaj ka gyan 💡 zaruri nahi ke offic der tak kam karn wala ladka mehnati hi ho hosakta hai ke,1
9195,sohail wah superb isi lia celeb walay kam bhi shuru kar dia apa nay unfollow kar k chali gya 😂😂😂😂 anyway congrat bhai ji nan,1
37646,may god keep away kind sad bhagwaan jii aapko bimari se dur rakh hamesh fit fine raho,2
42613,2nd request kind look sir thefilm jai hind sir 🇮🇳 meri didi ki ladki hai bahu,1
40749,aap nay jo apni bate ka rista daa na tha na humay chahey nahi jasa namak haram hai wasay tari bate ho gee 😂😂 nan,1
7523,shade garmi aur hab ka kya karen jo karachi may per rahi hay garmi aur paseen se bura haal kitchen jaan ka dil nahi kerta nan,1
13845,shrimaan modi ji namaskaar ji pahachano apney param mitra mohanp pandit ji villag mawai faridabad,1
17873,achha hi hay samajh nahi aati enjoy music nan,2
36536,u decid leav polit pappu loos amethi mard ho aur mard ki juban hai polit ch nan,0
13904,mera funni ka reservoir empti ho gaya aaj se sad boi hour nan,1
33526,amit sir congress ke netutva main koi rastravaad nahi hai yahi mudd par woh elect bar bar hareng nan,1
14654,modi ji mujha apsa ek baat puchni h ki agar koi kisi k bacha ko god leta h baad fir usa,1
35039,rahul ke sath itali bhejdiya jayega marn se kiya milegi marna hi hota upvash nhi chhodvat tera ye bat chos le,1
26126,dhan dhan satguru tera hi aasra papa ji 🙏🙏 papa ji bless health get well soon 🙏🙏 miss u papa jaan nan,2
24333,yaar congress hi q apni khud hi parti ho tu rss aur bjp ki lag jaig nan,1
22424,- ami sabr - went wnc natur preserv last weekend get pictur nan,2
27228,jaat kaha chupa hai deshdrohi harami muh dikhn layak nahi raha kya ab bada ucha nan,0
23553,jeet ki hardik badhai hume bharosa h aap par ki hamara desh duniya one par aapk netratav aa,2
25667,ji ek bar aap ndtv ke patrkar mr ravish kumar se debet jarur kare 's humbl request pleas sir tha nan,1
41166,nehajoshi veri beauti 👌💐💐 heartili congratul bjym friend,2
15718,love u dhoni sir aap hamar jharkhand hi ke nhi balki pure desh ki shaan ho aaj aapn fir dikha diya ser sika,0
32148,like pair jeetu bhaiyya much look awesom nan,2
14488,se alon sex kisi ko bataana mat n't worri koi mujhp yakeen bhi nai karega 😂😂 nan,1
28124,afvao felnan se sachai nahi badalti jo dard ke palo ko jiya hi nahi uss jara sa dil dadkan se hakikat nahi ban,1
19444,aai hasai rulai aur chali gayi 😑 wtf yrr abi abi khush hua tha 2 din se dekhi ni gyi meri khusi .. ? khud ki glt,0
38459,onlin applic khatam ho gay hum swayam vaha pe gay kuch respond hi nahi diya sale,1
8780,messs aap bole n mujh lga yhan bhot sari shadiyaan ho rhi unka bhi hua hoga bt sri didu aag,1
22726,iss bkl ko didi mat likh karo pleas fuck nan,0
10116,kisi ko tkarki ya tharkan ko agar bo # * dekhn ka shaukh hai ko follow kr le 😬😬 . saynotobra nan,1
18661,sir big fan serial main start se episod 1till present saar dekh hai,2
6466,tujhekitnachahnelag ft kiara kabirsingh sure make feel love loss lon nan,2
7602,🙄🙄🙄 nahi 😂😂😂 way apki love,2
5017,abhivyakti ki aajadi ka gala tum tv channel wale ghot rahe ho bulaao debat common peopl ko nan,0
10391,joo se cae la baba de escucharl en el buen sentido jajajaja como se llama el sitio nan,0
5235,p longer fan pleas join fan club -- like pulkit samrat suraj pancholi good r nan,0
28584,shaadi / ruksati night ❇️ lot creativ input creation look realli proud th,1
19156,nair menon languag na toh malayalam se bath kar nautanki sala tu meh nahi nan,0
2099,allah say night al qadar better thousand month may allah forgiv famili fulfi,2
24052,wan one litterali one facebooki comment men congrat type kren agar uska color red na hua mtlb aap ka acc hack hog nan,1
27871,hakikat andhra ke natizo ne hi bata di thi vaha bjp nahi thi isliy jagan ke bhag khul gay n,0
19666,hi jay transgend care femm think look girl never challen nan,2
18280,pura roza kharb kardiya inhoni bus esi ki tension hot hun leap k bad kiya hoga nan,0
19389,dogla pann ki bhi haad hoti hai ladki hindu hai jalan wale muslim hai itna koi kais girr sakta mai,0
13293,royal bhargav1 sale kasai hadi narad tere jaiso ne hi desh ki phle aisi tesi ki hinduo ko aap bhida kar,0
23922,kyu pappu ki sarkar iss bhi jyda huml huy par unka kuch nahi hua ye kyu,1
36950,dera sacha sauda run free primari school poor children prove boon poorer sectio,2
27721,n't use kid isay famous krnay wala media h wrna ye ghr baitha hwa tha skoon se ka kya qsoor,1
14164,kabhi acha socha karo band karo ye divid n rule nan,2
15479,aabha bhai iski haalat thakur jaisi hai khujli lagi par khuja nahi sakta haat main jo nahi hai ! …,0
14491,whole wide world reason everi singl day keni even everyth wrong life look,2
21377,notobaccoday sant rampal ji maharaj acquaint mangal knowledg million famili live free nan,1
15269,palwal district go 25 saal ho gay hain bina pani mai fir bhi koi yahan par bani ki nahi sunta hai yahan ke kisano,0
43601,salman crimin fan ko pka jail hogi ub 😂😂😂😂 rishaw wali search kr kr k 1 comment ka screenshot le k post kr rhi hain nan,2
7995,look forward isp summer social guin breweri june 11th 5-8pm join us networ,1
30021,mujh nahi pata hamar politician ki kya majburi hai warna haqikat unh bhi pata hai hatsoff offic nan,1
30423,karan cute keeptheban,1
16520,ye india gandhi ka nai h nehru ka tha ab hmlogo ka h gandhi se aajadi ke bad congress ko bhang karn,0
29730,manish hijd tu thakur nahi ho sakta nan,0
36456,jhothu ki peidawaro mahat muhammad ki ye pic 3..4 saal pehl ki hein jab wo wazeer e azam nahi th,1
36111,good morn friend jay shree krishna aap ka din khushiyo se bhar jay,2
39594,kaabil buht saray hain pakistan unko sarkari idaray pocht nahi,1
22745,global agenda sirf modi ji ke pas hai congress 72000 se vote kharidna chahti thi aur desh ke agend,1
13307,ondisa mose,1
19053,hatr like carri heart 4 modi bad person bec,0
15613,bhaiya ab ye chamchagiri ki hadd h bjp walo se ye expect nahi kiya tha koi insaan,1
11148,smay btaega hope get honor hope mahadev give deserv nan,2
14631,thnk views0 allah jald 100k karway apk gud luck nan,2
25943,kunwar ab surjewala tumhari class lega usey follow krte ho vote bjp ko dete ho f,0
19384,bjp ki 300 + seat ane pr agl 7 din gst registr free * jay maa bharati,2
44895,mp rj mein aapki sarkar hai aap kitna de rahe hai govern madat kar sakti hai pal nahi sakti kisan bhi,2
28219,hindu dabang tha hai aur rahega tum jais jaichando ki wajah se hindu aur hindu ki dharti ko sadiyon,1
33626,modi ji ko congrat kaa modi ji ye msg pdhte toh mai bhot jaruri baat bs ek hi baat bolna chahati,2
14279,mamta ko marnek bad bhutni hona hi per ye zinda dakin nan,1
15070,happi happi bday kas love share stage great energi great vibe aao parti karein nalasopa nan,2
14269,sorri special joke “ hurr durr ” sorceri speak nan,1
26164,best kitti jus good yarrrrr nan,2
17486,aaj pakistan aur raha hai wasim akram ki vajah se pakistan ka sabs bada dushman hi hi imran khan tum,0
30639,abe kuch sharm karo tumhr jais baklol ke hisab se secur naam ki kou chiz hi nahi hai,0
21383,train big joke hari imam jab tak team main hain kush nahi ho salta nan,0
23931,leader hokar ke kehn par chalta hai aur ek taraf safdar hai,1
5647,dear ji nrc tho koi bhi sadharan vyakti bhi home minist ke padh se kar sakta hai parantu aap jai se v,1
25171,khan10 ramadan kareem mobarak aap ko allah khoobsorat bnaya aap ko inshaallah khoobsorat kaam bhi karti hogi,2
13614,sharma1 mere jais singl laundo ka bhi 😭😭🤣 nan,1
26096,yar aik nahi dia spinner ko khilay 4 hoe hain ticket baichnay wala idea ab theek lag raha nan,1
37285,well done presid proud eye ear toge,2
27338,indianelections2019 🇮🇳 bjp 😎🇮🇳 tu haar gaya 😂😂 itali ki ticket karwalo jaldi tatkal ki 😂😂😂😂 nan,0
12619,mukhiya mujh poora yakeen hai muslim kabhi hindu ke saath nahi ho sakta hi yadi huaa bhi wo bus gaddari,0
37778,bhagat05 garrywalia ragupati raghav raajaraam desh ko bachaay nathuram 💐💐💐😘 nan,0
15377,hey bhagwan aur p thakur jese gunda insan mp bangaya wah modiji wah nan,0
12547,tweet jo apni maid ko 100rs ka paa banwa ke nhi de sakti wo badi badi bat,2
24215,phir suchai jaanna jaruri ho gaya ab kya gods deshbhakt hi baat ko congreess ne daba di,1
15288,hinduo ko gulf countri se dhhaka aur pit pit kr bahar nikal dena chahiyea nan,0
35916,aur tabhi siddhu kuch jyada hi bolt hai kyoki ek hi hunar hai dalbadalu halat unki dhobi ke,2
9546,sharma4 evm dhand ho sakti hbut etn bade level pe nahi congress ko agar vote lene h andar hi,2
13917,sunoo tum leke aougi warna tumh bhi ghusn nahi dena mein 😠 ab senorita k pech mera hath,1
13747,upa k sabhi dal dhiyan de agar evm par sandeh hai aap har savikar karen awor na hi jeet evm k virudh bharat,1
34848,jai hind sir main prashant rathor aaps request karta hoon ki pubg game ko india mein ban kar dena chah,1
15844,samaj sakt hain bahut dard hora hoga par aadat daallo kyun ki baar baar modi sarkar 🚩 ...,1
26134,mubarak bhaijaaan wish jammu jndk allah bless u nan,2
21816,mubaarak mga kakaaa 💚 def miss < <,2
13837,thank fan love - apka bharat,2
25985,com isliya pakistan ko attack kornes gussha ho gay thee shame 😨😰😔 nan,0
16326,'s best filmi classic song follow manna da laga chunri daag respect legend .🙏🙏🙏 nan,1
30294,mubarak ho ap ki new video k lie ach clip mil gay hong us aik ghant ko wast krne k bad,0
10003,haramkhor aam aadmi aadmi,0
28672,juth hai court khud check karbay tumar ka ilaj india nahi hota khana india lutna india ko ilaz bhar ka,1
8195,long pawar raga owaisi mamta one dethron modi ji 's differ,1
5327,zimbabw ka shoaib akhtar tha yeh wahiyat tareen baal thay bc ke eid ke eid nahata tha nan,0
42829,ar ha yeah hmara person matter ha tm sale porkion ko iss kya tmhari tarah nhi ha hm log ki koi,1
15399,mehra dear ji charvaka indian liber wish list hope fulfil wish,2
22655,5sal mein itna kuch ho kar bhi agar phir modi humara pm hai serious congratul modi ji apn sach mein,2
42123,allah izat daini wala hai allah zilat daini wala hai tum jitn marzi batain kar lo mojhi koi fikar ni ha fake text 😆😆 nan,1
6193,insan1 happi birthday dearest kasam sada khush rho msg aapko hmesha bhut khushiyon de dil ek man,2
21029,hamar pension ka kay hoga jai kisan ho gaya jai jawan kab hoga jai jawan tavi sahi mai,2
5825,love kee dia,1
24375,sk chetan eid festiv bharat 3daystobharat nan,1
36991,🏵️ good morn papa ji plz bless sewa sumiran parmarth ka bal bakhshna ji dhan dhan sa,2
25832,fahsion ka jalwa loco today 's themeforspe fashion industri india game start 4 pm,1
37440,hon auwal muhammad yahaya yaro mai kyau famili realli proud 🤝🏻,2
13029,lahu may bheegi hui aasteen jeet gayi chunav haar gay sab machin jeet gayi good even frie,2
41735,akkian aditya true bc open n lt na hua bc taboo bana diya saal,0
22216,syedaqeel militari noth chokidar ko itni ahmiat nai deni chaie 's even pillar st,0
44013,hunar modi ka bol raha tu kitna chilata tha tere ko yaad ki nenhi ek interview pe ancor ko,0
17897,good jai shree ram jai bajrangbali har har mahadev jai maa durga devai namah namah,2
37147,apna time se meant shra eid ka chaand ban gaibaki sab logo k maze h roj new new look aat h pari k bhi 😍😭😂❤️ nan,1
8368,izzat get well soon jat selamat hari raya aku maafkan semua salah kau jat semoga tenang ye 😌 nan,2
19001,iqrar ul hassan happi birthday may u live happi life live long need u love u allah pak hami,2
19117,sudhir chaudhari bjp ka bada agent hai isiliy ek media wale ko itni khushi kyon,1
28817,😍 dino one amaz puppi seen pleasur abl see progress,2
31398,khaadi sit next super cool sindhi aunti proud sister choic cloth,2
12629,koi rasta bacha nahi kare kya ! ! ! ! vais unhon parti ka growth kiya hai bat k,0
13483,tm v morega jyada aatyachaar krna band kro warna bangal se bhar ni aayegi public ko bewkuf samjh,0
15638,manzoorahm geo ch saab great slap face aawaz bradford uk taq pounchi hay dil khush k,2
26131,cat world best bro slam h apko ❤❤ nan,2
36256,hariom com dont worri ab koi fayda nahi tumh bharat ratna kabhi nahi miln wala hai ... .😆😆😆😆😆😆 nan,0
11851,siddiqui bum chum trust pakistan public sulk india daili basi spoil,0
18777,great sens humour aur bas itni tareef kafi hai 🤪 nan,2
35605,nanci pelosi block disast relief bill third republican stagger everi day ho nan,1
13979,respect kaptan khud aya hai mard ka bacha nai harni pr kisi youngster ko bejh deti press confr nan,2
28525,banda bollywood bhi bahut ha sport bhi h,1
29690,waseem bhai jab bhi ap free hon tou plz post selfi 🤩😍 masha'allah ❤ truli love bhaiii 💜💖,2
3167,jaahil think everi voter vote bjp gods bhakt netih mindsick like u nan,0
20921,kuch gaan sirf gaan nahin hote thank amitabh bhattacharya song life ) notjustsong rjsayema,2
22390,smajawadi parti ki jab sarkar thi tab tuna kiu kuch nahi kiya de istifa bjp ka 304 ho jayeg nan,0
11763,dhan dhan satguru tera hi aasra bahi ji papa ji bless u & famili bless ji thnx bhai ji 🙏🙏 nan,2
34858,land good morn dear friend guten morgen roj bas 🇫🇮 nan,1
27516,mamta didi bjp ko gunda wali parti bolti h pr didi ko tmc wale gund kbhi nhi dikt tm,0
35114,keep close watch congress said debat nahi aayeng also warn media debat bulana bhi nahi 1 month,1
28990,happi birthday ! ! ! 🎈🎂🎁 hope wonder day mani mani fill lot bts jhop,1
14881,muze modi ji ko jitana tha aapko modi ji ko jitaana tha modi ji jeet gay ham aap khush huy,2
10804,inc dr ashok tanwar ji jindabad rahul ghandi jindabad nan,1
17452,jab ye media mai aapn leader ko nhi bhej rahe toh media kyu ja rhi inki pc mai koi izzat hai ki nhi tum logo ki nan,0
39959,acha aik bat common sab uthaou logun ne note ki k ye sab k chehri mubarak pey koi gha,1
40954,anybodi els love vada nan,1
11829,adhiraj bechar ko interview nhi dia bhai ne rone laga 😂 nan,1
36872,hindu ? ? ? phir modi ko use jarur bachana chaiy kyuki ek hindu aatankvadi kais ho sakta hain,1
5841,duniya ka sabs bada imandaar tu hai democraci birodh ka adhikaar hai tum unpadhoo ko kaya malum,0
27164,congress apn pravakta kyu bhejti hai media bik chuka hai media wale j,0
6369,modiji happi god bless cabinet best pradhan mantriji 🙏🙏🙏💐 nan,2
35242,dekho bhaiyo iss ka muh kaisa tota ban gya ye bhut chandal h lakho ki jindgi kharab ki h ye apn bhatij,1
23912,realli hope ab fark aay ' ! nan,1
32805,mithun sir appko aur aapk bete ko bahut bahut shubhka,1
21000,boob perfect wow get boob done enough,2
39441,happi birthday least favorit kinney 😂 good one brother 🥳💛,2
26148,whenev anyth goe even tiniest bit wrong,1
16423,jii king18 dekhi ga wo keasi ankhi ni bnayi apn nan,1
22239,love peopl underestim pleas stop actual encourag better get nan,2
15210,alguien ya vio love death & robot ta bna nan,2
11010,yeah good decis pakistan zinadabad pak armi zinda abad nan,2
9809,hema hate type parath 's hate muli ke parath fart oksorri nan,1
22928,kaam man laga beta chowkidar warna tjhse sasta chowkidar modi le aonga sala,1
42398,yaar wo haar jaien tou hum ooper chalay jaein gy bounc back retali brother hum,1
26364,💖 good morn rockstar papa ji 💖 🌳 plz bless sewa sumiran parmarth ka bal 💪 b,2
24408,thank & show miss “ naa tv ” chanc interact everi weekend nan,2
19505,darshi wish guru nagri sri amritsar sahib ji give strength complet start jaype vote conclud nan,2
12796,inderjit apko bhi congrat sir ji dil se mere echa hai ke ap,2
1420,wrong love soti 2 naa ? ? 😹😹 nan,2
21829,field fat boy bolton certifi froth remain chang oh meant th nan,0
10089,vy meri jaan need wish k aaj ka din bohat acha rahi aap ka bilki din 💕 prayer alway u 💕💕💕 nan,2
35871,outtal 995 tbh tell anyth found disrespect,0
32077,kakar true sector need improv make sure segment given due right nan,2
33746,sala tum harami log hinduo se itni nafrat kyo rakt ho kisi bi hinsha ko hindu muslman bna ke pesh kar,0
33095,jage jage luca moura tu super sub coy nan,2
6376,dear everi one help vishnu sharma gwalior madhyapradesh se hoo mere teen better jo jan,1
3200,mani mani congratul 🙌🙌 ab apk 2209 follow ho gye hai ese khub tarraki kro khush rho 😂😂😂🙏 ram ram sa boy _… nan,2
8659,abe hai kon tu chutiy let u trampl constitut khud sala pagal kutt ki tarah bho,0
28000,patrag court lega hi nahi court ke pass press confer jo karn hai ye angrejo wala collegium system bandh hona chahiy nan,1
17577,rag rag main ganga special moment rajeev sir ki yhi baat mujh pasand hai har kisi se apn pan se milt hai ek hero nan,2
12858,teri tab hi lag gai thi jab tu cngrss ka bhade ka tatu ban kar ghum raha tha teri okat ab k,0
13506,congratul 💐 belov ji take oath pm india 2nd consecut time u r true pm,2
27429,artha bhag bsdk abhi bhi gali dunga teri maaki chut teri bhen ka bho $ da ..…,0
10515,sala r u one invite nan,1
591,ab ye btaega iss pucho tere jiyn b mla hai usm se gina hindu mla kaunsa hai teri muslim awaadi wale gaao,1
9990,imp remind - keep one thing alway mind - jo shakh huzoor ﷺ k zikr per kisi bat ko foqiyat dy aur huzoor ﷺ k ad nan,1
14953,sun saal ek thapd sula dunga rajneeti mat kr baap ki aulad hai faridab,0
12833,like youtub maahi kesari cute love stori akshay kumar & parineeti latest hindi song samarth swar,1
8086,ye lo yha bhi aaega modi hi 😂😂,2
27116,9246 hi annoy chooza fav person first day realli appreci realli nan,2
25266,bhai ye dekh kar lgta hai aap yogi ji ke rste chl rahe ho 😜 nan,2
43392,yogi ji apko dekh ke accha laga nishank pokhariy se bolieyga ki baar modi ji,1
21859,sir sbse phele book salman khan super star bharat movi ka hume besabri se intzar ab khtm hone wala super jodi sal kaif bharatwithfamili nan,2
17578,surya tu gulam hi gulam rahega murkha bevkuf desh drohi tu pappu khan ka mutr pe pakistan ja maderchd nan,0
13453,elementari day areeee soo color nan,2
17113,lsrk congratul 2 samsung wali complet 22k fanzz may mani mani bht bht mubarak ho apko 😍❤️🌸 @ kathrin brid nan,2
20469,happi birthday 2 u love babu bhaiya ji god give good health great year head,2
16008,bahut badhiya lekin atal ji ne aur kuch kha tha ki main ye nahi kahunga ki congress sarkar ne itn,1
40589,ye bohat koshish kr rhi nicha dekhan ki per se ho nhe pa rha nan,0
18113,jin ko imam parchi lgta hai babar selfish lgta hai imad ki worth smjh nai ati amir team mn kiun wapa aia ye nai,1
12371,miyan kahan chup ke baith gay fake news par toh awwaz uthao musalman ko 2nd class aur 3rd class nakko banao nan,1
8925,congress parti aur opposit parti valo ne tum jais feku bhakto ka pehl se boycott kar diya hota,1
6854,yahi ladai hai us kitaab ki chalani padegi trailer movi eager wait watch love nan,2
23415,pehla pehla ye pehla pyaar tera mera soni peh ye mulakaat hai god romant song ever creat,2
2667,dekoyou good form see got far unfortun time 's nan,0
10505,sabka saath sabka vika sabka viswa,2
41489,sbse jyada prachar media ne hi kr diya tha bjp ka kaam adha aplogo ne kr hi diya,2
44945,marwadi 5 log arrest hue hai modi sach kaam laga hua hai kaash tum samajh paat ki wo hate nahi faila raha nan,2
24015,? ... . someth wrong dont worri kite jump nnti k insyallah jage diri nk raya ni 😘 nan,2
20255,saria us bechari ki sautan kyu laa rahe ( much ekta kapoor serial drama ) 😬😂 nan,1
21904,sabor de mar special place unassum unpretenti realli realli great seafood - prepar perfect,1
22907,chawlapreeti thanku much papa save us 😊 love alot 😘 plz paa ji kal bhi sab kuch acha hi ho aur usk rela nan,2
14610,miss mam aapn bht logo ki help kri h aap ais chodkr mat jaay aapko wapa aana pdega,2
29800,kaa sichai avm jal sansadhan vibhag k mantri ji bhi aam janmana ki aawaj ko aap ki tarah hi sunt thank much,1
24305,happi marriag anniversari 🎂 🎂 🌹🌹🌹💐💐.. aap dono ki jodi hamesha lambi bani rahe khushaal rahe god bless yo nan,2
22638,hamar priy pradhan mantri ji sabs pahal main sabhi bharat deshwashiyo ke taraf se aapako badhai,2
13427,launda serious hai best moment show come tweep let 's look epic web seri,2
7996,aap sada hast rahen khushal rahen dusron ko bhi khus rakhen good afternoon,2
12820,jamanat jabt ho gayi teri tontii chor logo ne jutt chapal maar ke bhagga diya buya bab,0
5332,patrag jab movi tv nahi tha rape nahi hote daketi nahi hoti thi aap jis sanskruti ki bat kar,0
8689,unless congress parti n't come famili base polit modi ka kuch ukhad nahi sakeng,2
21137,hahaha di ko ka post ug sweet messag nmo hahaha nan,1
21751,tune bataya nahi wo mahila konshi jati ki jais har bar batata nan,0
18854,good morn 🙏 dr harish bhalla urf swami harshanand 🌺,2
42904,love mian muhammad nawaz sharif qasam se main nawaz sharif se bahut piyar karta hon nan,2
14641,tm kon hoti ho chor ki chor olad pakistan ka pesa lot kr kha lia pakistan ko neelam kr dia pakistan,0
32684,ye bairiyan hum khud hi apney pairon main dal letey hain parinda pinjrri se nikal b ata hai uski di,0
20586,swami ji karmo ka fal jaroor milta hai chinta na kare apn acch karm kiy apna dha,2
4041,rahul keep bro u r real champion world cup jaisa natur hai waisa hi khelna bro nan,2
24510,kunal tum ik number ka kamina ho makkar tari kah ke len thapadd ki gunj suni tumn nan,0
16042,zindagi ki yehi reet hai still one favorit song jai bajrangbali dialogu fi,2
19382,congrul madam ji aap ko bahut bahut subhkamnay dr balbir singh sisodia incharg sugarf haryana co oper cell bjp nan,2
19107,one fave book reread everi half decad nan,1
15634,armi walo ki tu decenc b nahi hoti na k khud aajay jaisi nawaz share,0
28656,indrani isk pass blous kharid ne ka paisa nei hain abh yeh modi aur demonetis ko blame kare gu nan,0
15431,ye hona tha koochh log apn bachcho se bhi mar khayeng jab bachcha janega ki uska bap bhi unki b,0
27086,mauka mauka mauka indvpak pakvind cwc19,1
38720,es kuti ko bhi zaban lag gai ar k kfalaf bhoknay ki nan,0
35928,jungkook onli thing good jerk oh god jin clear jealous jungkook onl nan,0
16102,log gujaar dety hai ye baiskimti jindgi ye soch kar ki ye tera hai ye mera hai ke bhavar ika,1
17424,pallavighosh hum pehl hi keht congress nehru differ congress indira gandhi,1
15801,aye meri zameen afsoss nahi jo tere liy sau dard sahe mehfooz rahe teri aan sada chaah jaan meri yeh rahe na rahe,2
32541,wave24 kyuki naak symbol pride bina naak wale ki koi ijjat nhi hoti jais lord voldemort 😂😂 nan,2
18702,tamanna nahi ji aapk type ke school mein toh bilkul nahi gayi aur na kabhi jaaungi ab nikali,1
32551,ye extra vote jo govern employe bahar raht hai apni constitu se unk h vo evm nhi hote ballet se hote hai nan,2
30965,ye dukh sehen nahi ho raha abhi wapa ashley young ke pass jana hai hume 😭😭 ucl uclfin championsleague2019 nan,1
30666,modiji time time chang come congress ka hath garibon ke sath abhoganyay ht nan,2
26079,thefilm salman khan khud ki film hit karna chahta hai toh interw deraha hai bewajeh ton karega nahi nan,1
12985,happi happi birthday maula khushiaan dikhay great year ahead prayer mother may rest peac ameen nan,2
15186,haha baji one 🤪🤪 nan,1
14535,ye side wala rahul ko kais jungl kutt ki trha dekh rha h soch rha hai kaisa namuna paida kiya hai soniya ne,0
20602,subhkamnay bahut badhaiya mananiy pradhan mantri shri narendra modi ji ko ek bjp karykarta hone,2
43952,daya hang rai back bang trailer appa look promis ❤️ beautifulon trailer,2
38882,origin bhagwan hu yaar narayan vishnu krishna jagatpita ram parambrahm god allah jese parampita sab mera hi naam,2
19081,return kyun allah ki rahmat nahi chahiy kya india ko nan,0
24835,sir fan fan readi eager wait shadaa besabri naal udik nan,2
19443,quota wale har jagah pahunch jaat hai har cheez mein chahiy reserv mehnat kar ke bhi roti kamao aarakshan ki nahi nan,0
29032,hud hud dabangg song done dabangg3 dwivedi,1
14821,[ special vote ] 06-jan ( sat ) 730 pm ( utc ) ❗ start bts world tour wembley stadium ~🎉 armi think first nan,1
37997,amjad isi alway rememb one thing keechar mein daalogay ganday hi rahogay saffai door se khar,1
27899,pakistan k hum bhee nahi belgium main baithn wali hume ab batayaingi k paki,0
28783,new praveen padh dada aur daadi ko adarsh lekar yeh nirnay liya hai u rememb n,1
42402,sardana ji aapn cong ko ghreneka kaunsa mauka choda hai sir jabbi vipaksh ke waqthaar aata hai jo,1
4898,2244 kunwar wo kya h na ki fake profil itn ho rkhe h ki lagta h ki pi6e koi na koi bjp,1
14193,veri good modi ji bharat mata ki jai jai hind jai bharat har har modi ghra,2
23729,fulu liter best ever 😂😂😂,1
38029,aadiii fizakhan beta teri aur tere pakistaniyo ki maa chud jani tum pakistaniyo ka baap modi aa gaya doba,0
20687,lama 2 hahaha mera dil churaya h nan,1
15105,pahthon ne sai chor bzari gram kr rkhi kaptan chpal k name pe inki chpal ko koi puchta nhi tha ab oqat,0
22373,oooh cute emma ! ! ! welcom queue 💗 nan,2
5146,khaber de rahe ho ya opinion band karo ye drama jitn propaganda journalist bhare studio unko nikalo bahar nan,1
40898,banara ghat ki bat hi kuch aur hai modi ji ne banara ko bahut kuch diya aur badl banara ne modi ji,2
17604,champ,1
24016,two wasooli waal dhundt hain isko 😂😂 ghanta fan 😂😂 nan,0
4254,dear 😂😂😂 105 run maar kar poori team bc modi ka itna darr ki bat samhal nahi paa rahe pakistani play nan,0
21975,got opportun meet mam sought bless wish best health 🙏😀,2
20359,tum jais dalaal patrakaro ko koi bhi pad nahi mila sab mehnat jaya ho gaya khair jane pare,1
26832,nafisa 28 's quickest follow made nan,1
13996,baba ramdeo kuchh neta ki tarah mausham vaigyanik ho gay hain save jyada kala dhan unhi ke pas hoga apn,0
20760,1101 1 ) also,0
44763,chhori okay soft movi would make cri marshal nan,2
43861,shona babu tum khana nahi khaog bhi nahi khaungi babu par mene pehl hi kha liya le shona,1
21030,mam aap janadesh ka apman kar rhi hai hindustan ji janta thago ko achhi tarah se pahchanti hai ho sa,2
8894,oops04 shatram ache qualiti ka dio ho toh nahan ki jarurat nahi nan,1
12988,yes ye yes yes ye sye krystal new realiti show nan,2
3335,yes u got right remov infiltr except believ human human hater,0
29922,lawrenc iss kya toh aaj shayad dinner nhi bnega 😂😂😂 chutiya critic nan,2
36923,musalmaano ko kaun si awaz darati hai yeah bata aur fela ke tum anarchi phelat hobut tum ye kabhi nahi b,0
22521,wallah lol like u know govt announc late aap ki asuvidha ke l,1
7236,ganga gangabachao saveganga namamiganga pollut waterpollut गंगा का प्रदूषण मापने का क्या है पैमाना,1
36689,moti bhain sandi sindh ko bhutto ki badrooh ka maskan bna dia tum ne masoom bach qehat se marey kbi zehre,0
21688,break worst feel .😔😔😔 kabhi halmet pahen k bike chalatay hoy srr pay khaarishh hoi h ? ? ? ? ? 😒😒😑😑 nan,2
18792,yes anxieti realli high late 😩 tryna pray & shake deff gon na look,2
27528,tum bhi kr lo rahul gandi usk chor jija vadra ka gudgan kisn rok,1
26676,toung hurt love pain nip 😂🤪 nan,0
4208,modi modi kaht kaht hindustan pura ho gaya kathmulllo ke jute pade pakistan adhura rah gaya aaaj maa,1
35265,bhai ajay good last movi point taken great continu,2
22023,bless papa ji today last xam baithn ki himmat dena ach paper krke aau rehmat krna jii nan,2
18439,proud u yogi sir congratul behtarin jeet k liy jai shree ram nan,2
10644,movi date tayo u want hehe — sino ka muna,1
15145,doubt great work museum se ziada iss mulk mein r & ke institutiona ki zaroorat hai nan,1
30131,time today releas chandigarhamritsarchandigarh intazar ke ghriyan khatam hoe best luck love 4 yo nan,1
14900,agar tumhar jais chu idea india sekoolar muslim vote na chillak economi pe campaign chalat feku would n't hv nan,0
40643,@ 8882259371 hamesha se hindu neta ko hi apna neta mana jb masum musalmaano pe haml hue apko pta hai,0
15851,bahot easi see love self love self hum perfect nahi hum dono ek jais ult pult band,1
29611,politician ki tarah journalist ko bhi apni dukan chalani hai pahel bal thakeray ko galiya dete rahet,0
38570,modi sarkaar 2in 2024 modi sarkaar 3 & 2029 yogi sarkaar 1then 234 cong mukt bharat 🇮🇳🇮🇳🇮🇳🇮🇳🇮🇳🇮🇳🇮🇳🇮🇳🇮🇳 modisarkar2 nan,2
26272,naarishakti fatma bjp ec evm media milkor deshki janta ko gumrah banaya . # sob k sob bikahua hein cho nan,0
29849,project ka pap khatam hua ab sala theori kaun sambhalega die 😭,1
28409,rajasthani humor1 90 kutta wafadaar bro nan,1
17493,yeh roz ka affair ho gaya hai iaf take train bus nan,1
15050,sound fit much better origin song apna naam badal doon ya tera naam chhupa,2
26241,birth month jan ➡️ shakki feb ➡️ matlbi mar ➡️ dil ka sacha apr ➡️ intellig may ➡️ love person jun ➡️…,1
37942,assalam alaikum friend ap sub ko alvida mubarak yaa allah sub ki maa ko khus rakh ameen,2
30624,ordin ko tear karna bhi dictatorship hi thi haar ko maniy aur mahnat kark agay bde nahi pata nahi phir kya hoga nan,2
28753,bushra bibi ne aisa pakra hai jaisey ik ne kahi bhaag jaana hai 😂😅 anyway look love togeth ❤️ nan,2
12911,sambaad ke name par fir bo hi bhasan hua kuch nahi ? ? ? naa kisi ne ye pucha ki ki haar ka jimmedar kon hai,2
6066,chaar panktiyan perfect tool writer provid free edit design publish market,1
18663,congratul 🎊 💐 sir ye hamari khush kismati hai ki mai aapk yug janm lia aapko pm,2
33957,koppi amarind poora likh na bhai congress ka kutta na ghar ka na ghat ka,0
13463,agr usko jail na bhejt congress wale gala pkdte ki mod,0
39369,kutt ki aulad pakistanio pe tanqe ka moka hath se nhe jane de ge aur ghair mulkio ki tareef zahir h,0
18698,bakloli band karo mathra musalmano ne 2 hindu dukandaro ko lassi ke pais mangn per peet pee,0
19260,poison krishna gadho ko ye bhi nahi pata ki obama ab presid nhi hai us ka 😂🤦 nan,1
26394,sir ji hrd minist bannn ki aapko bahut bahut bhadai sir ji mujh b,2
5391,geo ager qom e youth wah wah leni ho ik baar bolein nawaz sharif chor ha apko follow b mileng tar,1
30172,polic ke pass power hona jaruri abtak polic asmarth unk yogyata pe lagam laga rakh,1
44924,chunaw ke bad chanelo ki niti badalti hai negat mindset ka chanel hai abp nan,0
9560,apko baar ke sarkar mein hum sabhi miss kar rahe h aapki sundar karyasaili ki mein fan hu aasa karti h,2
8703,gmail yes youthiya better chutiyaa like beth jaay araam se aap nan,0
34281,modi g kalyug ke hi bhagvaan hain nan,2
11477,world cup dekh rhe sir 5 ko india jitega dhwan virat rahul ka bla bolega jai hind jai modi nan,1
22427,@ @ papaji92531904 27 feb ko bhi 12 jahazo ka jhund aya tha sirf 2 jf 17 ne maa chood di pori india ki heheheheh gayhind ) nan,0
26359,waalakum us salam prayer khosh rahan jete rahan nan,2
17789,sweet 😍😘 good morn msg papa ji bless pita ji sewa simran parmarth good health 🙏🙏 mondaymorn,1
13154,rotudu wagl ha ha ha enjoy even enjoy elect victori parasit,0
43096,ab behtar yahi hoga ke pakistan ko apn match scotland ireland zimbabw kenya aur uae ke saath kheln chahiy,1
7712,aaplog jais broker politician ka dukan ab close hi samj ki lalu ke beta ke rajsabha aana hai nahi nave,1
36746,ok sucha good song,1
28274,mock wherev u see sala urban naxal kahika nan,0
41543,issi tarah k bare bol zab ne b bole thay meri kursi bohut mazboot hai jals mai maa behen ki gali khul ker bolta,0
36240,namaloom take care soon ia shikare ko shikar mili ga zaroor happi hunt sea,1
44223,aansayi shayad sbhi femal frnd yhi khti deserv better 😁 nan,2
9727,askstar ajinkya rahan effect 4 world cup worldcup2019 nan,1
24970,honey pa jiheartfelt tribut chandra shekhar azad birth anniversari valour & nan,1
15505,wahhh one fave moot din kita huhuhu ilysm,2
36957,chant hindu chant ( jay shree ram ) secular fir keht hai modi ne mar li khud ko sudharo pehl,0
19153,lord ram slave bihari jharkhandi bjp ye ravan sena hai unk mukh raam naam shobha nahi deta nan,0
16343,namooney vanshavaad ka matlab ye nahi ki kisikey bachhon ko mauka naa miley vanshavaad wo hota hai,1
21639,sir vote apko diya hu mera ek demand ki ye privat compani jo btech wale ko 11k / 12k kaam krwat,1
44696,bjp wale kyu bhi bhejt ndtv pr apna spokesperson ye bhi btaa dalal media nan,0
25493,* ramzan k 26th din ki dua * ay allah ( j j ) maah mai meri dour dhoop ki qadar kar meray gunah baksh day,2
34372,tujh 50000/- milt hain azam khan ki ji hujoori karn k paaltu kutt nan,0
8234,congress parti aur opposit parti valo ne tum jais feku bhakto ka pehl se boycott kar diya hota,1
15188,meepark ohhhhhh get 😂 slow today nan,1
15911,best jaishankarji import mission given modiji sushmaji di,2
22940,badhai ho sir ji aapko mujh 101℅ umid thi ki sarkaar aapki hi banegi kyon ki aapn jo desh ke liy,2
18402,tu pappu ke degre aur citizenship ko ko hi clear kar le pahal nan,1
14385,ka ho gya tumko tabiyat thik ba na bahan ka ho gya bhauji ko k,1
24616,jai sri ram jai bajrangbali,1
7981,inshallah pakistan win come world cup 2nd time sarfaraz dokha nhi dyga wehavewewil,2
15236,yah toh achi baat ha best luck bhai zindagi tumhri ha liya zuban meetha taseer lakr,2
27547,5 yr jrurat hi kya h ye elect gya jin state congress aay unk hi vada pure nhi ki,1
14716,fan jo captain afg sy match nahi jeet sakta waho nz / aus / ind / eng etc ko khwab nahi haraskta nan,1
31392,hamar desh ke yasyasbi pm manniy narendra damodardash modi ji ko purna bahumat se dubara satta aan ke liy,1
7541,want kashmir kabi nahi sudrega ee log pspk nan,0
39657,famili pari chatukar becom presid except chatukarita jio pio tonic wholesal regard nan,1
38306,realli felt happi meet today offic aho bhagya humar aap hamr offic padhar nan,2
27047,😂😂😂 see recal button fail nan,1
39280,got time ima stay singl time fr best thing rn nan,2
43658,yes cours subs zada humar desh ki janta jimmedar hain jo ki ek dhongi ko vote diya hain nan,0
27503,💕 good morn sweet sweet papa ji 💕 🌲 plz bless sewa sumiran parmarth ka bal 💪…,2
22474,veri good aisi maa bahut bahut bahut bhagyashali jo apn bete ko itni uchahiyo pr dekh aur aisa bet,2
23115,hard one becaus definit ratchet bc 'm bias oooh 'd realli l,1
36100,aik philosophi shuroo kr deti tum 😟😂 bura waqt ka lena dena sb se hota hai 😔 tum bura wqt ho ? 😒 nan,1
39080,veri good pak armi zindabad tm jasi ghadarok sath yahi hona chay raw sa pasi ly kr apni hi armi pa attack krti ho nan,2
24311,om pahl dam bhar kooto sale ko nan,0
43635,विनाश काले विपरीत बुद्धि। sabka saath + sabka vika + sabka visvash ( trust ) = victori bharat ( india ) भारत माता… nan,1
14552,hume realli go miss 6am journey work home,1
12922,jis insan ne khud fix interview kark kisi polit parti ke chief ko promot kiya ho usk muh se ye,1
21228,surya dear sir enter cabinet modiji wish best luck nan,1
6970,chanda take screen shot ur account put wallpap whole life love memori nan,2
14983,hmaray saray maslay e ping k hein aur ajkal tou emul pe hacker ka raaj tencent walay ban b na,1
34033,utar librari quiet day errday hahahaha nan,1
13426,pichal 10 din 4 mob linch shanti dooto ne ki sab hindu mar hi gay per news nahi bana al takiya ke tahat,0
17715,hyder khalid h veri true dont even realis nonsens say jhoot kay pawoun nahin,0
19580,bahut bahut badhai ho aapko aapk parivar ko ki aapki beti ne bundelkhand ka nam rosan kiya ki aaj b,1
38354,vishrut happi birthday vishrut khao pio mast rahoo 🙌🙌,1
37806,chalo goiz 1000 follow hogy hain ab mujhi unfollow mt krna warna allah pochi ga tum logo ko muslmano 😂 jisko follow ba nan,1
20735,happi birthday love dream love much tum hamesha khush raho bas yahi dua hai kabh,2
18103,zada pleasur mine nan,1
12789,ssrajput humor thank bhai 💕🙏 cfm jinda hai 😮 nan,2
14616,wish happi birthday akka 💝💝💝,2
43363,kya hua aur bolog cahukidar chor hai apn ghotal baj ko kabhi chor nahi bole rahul g,0
39175,congrat mam hope india achiev new height uor gudianc kind chang descript,1
43148,rofiqu 😂😂😂😂 cute kitna acha wrd h cute doc per ladkiyan mrti h bhai nan,1
14701,lokesh ngk film good brilliant perform around especi offl sir portray amaz everi nan,2
16977,smile deserv happi jisoo ahh foreverwithjisoo,2
7425,tension mat le excit kudo ba khud aaega spur lead half time 😂 nan,2
30795,vote bank ki rajniti hai musalman never vote bjp even whole countri may regist name nan,0
24237,usk bap jo mp hai uski hava nikal gay ye tho bc ched doodn,0
8266,sach cctv ne muslimo ko badnaam hone se bacha liya warna yha sajisho ki lambi kitab likhi ja rhi thi nan,2
5984,happi happi birthday 🎂🎂 teamindia,2
35261,bc review dekh kr ek minut ke lyie dill bahir agya pakvseng cwc19 cricketworldcup19 uncl majbooorr nan,1
18411,aishwarya rai get beauti ? ! 😭 bulleya - ae dil hai mushkil,2
13976,vaha ke hindu darpok hai lad nhi sakt nan,0
15252,kya karewhi u share reason bc chutiyap ki bhi seema hoti hai nan,0
14217,agar aap pakistan elect ladt zarur jeet jatay lekin bharat desh drohiyon k liy koi jag,0
2718,hum labon se keh na paay un se haal dil kabhi aur wo smjhe nahi ye khamoshi kya cheez hai,1
41066,metro se bahar nikal kr batayega ki call karega nan,2
19068,yeah joker parliament nahi jaat l,0
20818,koi buti ki pich koi paisa ki pich koi ladki ki pich koi dusaron ki biwi ki pich koi dusaron ki pati ki,1
2242,lagta ap old age b cross kr chuki han nan,1
13830,sale congressi sansad kam karn nahi dusro ka kam kharab karn jate hai sansad ka kam r,0
35399,bhasha ki maryada rakhana tere ko mirchi lagati hai muslim ki bat nahi boli mevani desd,0
23703,nayi sarkar ban chuki hai lakin ye kya karegi ye ek sawaal hai kyoki desh ki economi good per sawaar hai job ki,1
37189,ham kabhi gardish halat se mayus nahi bus yaqin shart hai jazbon ko ubhar ane vers sada ba sahra poeti nan,1
24063,mohad sarkari pump par tel dalwan wale maheng sast ki baat kart hue ach nhi lagt 🙏🏻 har har modi nan,0
37395,abey saalo harami ke laudo kya ashleel photo daal rahe ho bey twitter par 😡 sharam nahi aati 🙄 bu,0
10931,khud ke rs se hi dalwa raha thhaa khangress ki tarah bheekh nahi maang raha hai,2
4371,thank waraich pti malik zaman come aftari dha nan 131,1
16867,ye suar ka bachaa langdaa chotala khud bhot badda chor hai jail sadd marr raha hai,0
38136,9981 modi ji k raj mai bhi gunda raj bahut hi jyada phal phul raha hai gundaraj tutna ka,1
11816,cspdcl ki lachar vyavstha ke karan hum bhartiya nagrik industri area hous board bhilai modi ji ka shapath,2
39440,shame kahi tu siyasat karna band kardo pmnl walo aur,0
23754,tu gaya kunal gaandu kaamra tune galat panga le liya abhi ab teri swami band banayeng nan,0
34884,pancholi & veteran good joke bare 2 emot brand actor lol nan,1
22706,gd mong sir main ye batana chahata hu ki palam dwarka kaam nhi hota bilkul yaha ke saanasd rame,1
36534,takleef ho rahi hai bhokn nahi milega 😂 rule k log paisa vipakash ko boln na dia jae iska pay kart hai 😂 ab,1
17043,sir great jeet khushi mein subhkamnay aur dher sara pyar 🇮🇳❤️✌️,2
14633,kyu nahi hoga tum log major main jaha ho jay ho hindu ko bhaga dete ho nan,0
23915,kadri2 mauka mauka mauka indvpak pakvind cwc19,1
19498,pakistan apka armi zindabad ... ❤❤❤,2
19504,mi favorit movi time old day bachpan ..😍😂 babi day -1994,2
14302,wese aap toh full pat gali se nikal liy elect result ke bad ab toh media pe bhi,0
31381,big hitter har dikha de dusri team ko har - dikh nan,2
23953,one bhakt live london heart india alway remain,1
21441,saurus get intend joke funni sens humour anyway crazi kid 😂 nan,1
42670,oi fakalofa pihia ti koe toka f ē f ē e fekau haau mogonei exam hope went well nan,1
34182,modiaagaya moblynch india ka naam baigan milaader,1
6479,1 sholay 2 good get 3 jo jeeta vohi sikandar 4 shashank redempt 5 kshanam kshanam,1
28166,sorri spam μ ’ back rhey alon done much im excit feel l,2
34321,admir poet aapki saral aur sateek kavitaon k liy rememb suprem court court give,2
1858,look great & stay way jatayuplywood-visva ka prateek plywood wood plywoodfurnitur woodwork,2
14037,sharma4 tu pappu chor ki saddi hui tatti ki shapaath le ke boll vishwa kareng per iss,0
26129,dhan dhan satguru tera hi aasra gud morn sohn saint dr ji bless apna v khyaal rakhna,2
12223,mp big heartfelt thank friend n wellwish wish yday birthday - ur goodwish n support make nan,2
24338,unus evm machin hain uncl ab inm chah ke bhi vote nahi dal sakt 5 saal pehl hall,1
4984,anchor look happi,1
29811,mj77 haha sach mein jhand life hai yar 😂🤦 haha iam readi want work day 😂 nan,0
18179,oo aunti say jai shri ram sens posit vibe around us blood destruc,2
6931,yahi mudd ne rahul gandhi ko haraya ab lagta hai apki bari hai bjp ki jeet hi muddo par hui hai ye mudd nahi,1
25138,bear english toh pel gay teri convert ki maa behen ko saala vatican ki jooth nan,0
33408,w8ng fr u tere se kch b na ho pay ga 😌 nan,0
6130,namrata 's sooo good alway teach 's usual student 's favorit stori nan,2
655,mc hai sala sale lo jyada ghamand hai kuch din ruk sale tera ghamand dur ho jayega,1
27157,think need statut act strong deterr savag peopl rapist q,2
25882,ok ok admit yesterday photoshop fun seem excit today real com nan,2
6696,kal also bad step 4 pm bearabl bhai abh na ho payega nan,1
7293,ye hi sabka sath sabka vikash sabka vishwash tabhi banega hamara bharat mahan c nan,1
23832,3 saal aur bach hai sahab student ko mariy naukri mat dijiy exam paper kra ke paisa km,0
12755,jeetan patel absolut legend great win let 's hope 's onward upward coyb warvsu nan,2
18580,love twitter girlfriend wth 😭❤️ shehnazmalik tamanna nan,2
28332,onc aunti yell back gandagi within peopl parent fault tri,0
7647,yeeeeee want see thank nan,2
42956,u guy never fail make cri like precious wan na give 💔💜 - taehyung v,2
16238,offici jin muslim bhai behno ko ye laga ki unh desh main kirayedaar bana diya gaya hai woh pleas jak,2
18898,congratul hon p aapko jeet ki bhut badhai ho congress vale aa,2
14795,mull khalid baiman koi kharab comment nhi kareg nan,1
30287,tiwari one crack pm modi main sabhi karyakartaon ka koti-koti abhinandan karta hu pak media pm modi jeetn nan,2
29917,whole republ eseng team ya bolo ee formilweng ke rraagw,2
439,color tum india wale sari yahi sochti ho ki pakistan wale atankistan h par nhi kuch log lagti h thik pakistani bhuta achi h nan,2
15964,ahmad tariq lanat one support listen speech com,1
10737,hoti kha se ati h itni pavitr ldkiya jine bc nahi pta 🤣🤣🤣 villen,0
22499,sharma 2 ke debut sab ek see badkar ek hai 👌👍 film blockbust hai lekin logon liy kehar hai 🤔😯🙏 nan,1
25705,saal ki sirf shirt phada tho itni halchal jo mathura bharat yadav ka jaan li ye darindon ne uska kya chal b,0
39042,kind opposit n't want speak apka muh band h,1
24404,teri ka bhosda madarchod randi ke beej lagta hai teri ko bhi mullo ne choda hai tabhi tere jai,0
30364,13 jcb ki khudai dekhn tum nehi jaat ho kya 's trend bcz jcb meme n r hilar,2
43968,bihar ka doctor ka hal ye hai ki midecen dukandar deta hi nahi h,1
8221,yes cast flop sabk sab bore hope cast good season good c,0
28936,70salo apki govt ne kya diya babaji ka thullu sudhar jao ab bji wqt h warna 52se 5par aa jaog nan,0
25328,koh - bc chutiya mat bana mujh paata hai tu hrithik hai 🤓,0
39880,scene realli broke heart 😭😭😭 berharap aap boy berjuang sampai akhir 😭😭😭 nan,1
18455,ram ram sabji bhaiyo ko,1
24371,opindia great work,1
10367,kaltum islam best religion ❤ nan,2
41267,india saal ki gaadi khud hai wagonr 's gareeb cas,0
38095,boogeyman maaf kren yeh nh hoti practicl kr kr k moat waqiya hojaegi meri nan,1
10379,sweety0 rishta bhale hi onlin ka ho dard dil hi hota hai nan,1
10664,rajput one mihan / madc offic nagpur well 😎,1
12791,presenc wo vodafon waal bolt hai par kart nahi airtel karta hai par bolta nahi nan,1
28739,abe atankviadi ki jaat bakwa baand kaar apna aur mandir ke jaakar chakkar kaat tere guru ne,0
43487,ye saar data tabhi aay h jb opposit ne debat pe aan se mana kr diya h well play bjp nan,1
21503,ind sharma hum tumhari tarah sadko par nikal kar chillat nahin pagalo ki tarah tum saal chh,0
26811,congratul mere pyaar bhaiyo aapka apna pyaara imandaar world best pm modi ji jeet chuke hain,2
19375,veri good congress isi ko posit polit kaht hai nan,2
24612,har utm har prabh gaaveaa bhai manind singh hajoori ragi darbar sahib,1
20381,😂 n't want talk madarsa chaap chutiya like stop talk like pig nan,0
17967,true dat jah oaa shit rn nan,1
22774,nesamani enough distract sad love nesamani sun die pray neasamani,2
14184,jalebi sexi hot good night darl nan,2
21983,har tensn k jad ki ek hi dwa sandeep maheswari show 😋😋 nan,2
12984,them360 jabh sarkaar 😍 aap ki bhe shadi ho jayegi aap ko ptaaa chal,2
19932,news come arrest hawaldar true nan,1
19268,pehil btawa k ye tumko likh k kon diya hai ye hi sab jo yaha likhi ho tum baaki uska bhatiyan,1
9144,movi / albumsari sari raat 2019 songsari sari raat singersmannat noor rajvir jawanda song lyricistshappi raiko,1
23956,na kro -1 cute -2 ” beat debat -3 great natur ( 4 ),2
12357,baaki sab tho theek hai yeh gym membership kahan se beech mein aa gaye littl,1
1664,hamsab milkar dhundh us teesr ko jo muslim jake hindu bnke aag lagata ya hindu jake muslim bnke aur dono,2
38730,panday thank girl ❤😘 imma tri best 🤧,2
21298,sadia aqal na ho moja moja patwri hazrat ka aqal soch se door tak koi wasta nahi nan,2
23293,sir apki sarkar ko logo ke health ki chinta hoti ais ayush doctor ko alg kar ke nhi rakht kyoki ek ay,0
14864,mp happi birthday lokpriya vidhyak manniya nagendra rathor vidhansbha chetra bhojpur nan,2
22160,veri happi see star truck 9xm apko khata dekh mera pet bhar gaya bhai nan,1
26237,jao good stay bless nan,2
25592,n ã vos enganei de deus n ã se zomba ; poi aquilo que homem semear isso tamb é ceifar á. g á lat ……,1
24482,new zealand world cup jeet jay almost utni hee khushi hogi jitni pakistan k jeetn ki hogi alway hi,2
39647,alwaysstaywithlalisa h ã lu ô n lu ô n ỉ c ườ nh é lalisa manoban ❤️ love nan,1
16911,miss grill day - maaza toaster,1
23916,dilawar khan mumbai auto rickshaw driver hail azamgarh uttar pradesh give free ride peopl head work nan,1
17083,wish mani mani happi return day happi birthday babu bhaiya,2
24515,react kaha ta ? ? ? mni simpl apki bt ko neglect kia k r btaya k copi past ni krti r kru b bta dti hu simpl nan,1
43949,vote employ modi ji aps meri request h ki next 5 year aap itna employ dijiy ki har aam adki k ba,2
5715,duniya ki sari khushi ek taraf padosiyon k harn ki khushi ek taraf 🤣🤣🤣🤣 wehavewewil pakvwi wivpak cwc19,1
1458,lekin itn kharab result se kuta bauna harami handsom suvar singh etc ka gussa,0
15542,world best jameen contractor king heart 💓 🔨 pray naesamani nan,2
23895,compound intrest rs agarw part 1 ke video jaror dekh jo log koce ki pee nahi bhar sakti bo log parfit ac,1
28153,sardana ji aap toh avi live aajtak studio se waha baith k v twitter par iski baja rahe hai awesom 👍😂😂🤣🤣…,2
17947,respect honebl pm sir aap ko bahut bahut badhai ho aap ko outh lete dekh dil dima,2
18945,bhaiya ji ham apki har ki sari galiya apk mla aur adhkch pad par baith logo ko dete hai jinhon ap,1
23400,happi birthday babu bhaiya wish healthi life nan,1
26517,aaj main news paper dekha dosto se baat karn se time waist hota hai news paper hi band sala dosto pe ung ut nan,1
4270,hariom ye log kabhi bhi kisi ke saagein nhi ho saktein kyon ki inki aasmaani kitaa,0
26942,vote chariti khairaat daan mera vote khairaati nahi hain agar mein vote karta hoon mujh usk badl nan,1
19683,narendermodi garw ese bete par appki mako ki appki mom ke sath app apn desh ki sabhi maao ko bhi support ka,2
27268,swear think heart legit broken everi sinc g ladi die shit even hurt nan,0
26397,loveyou ty alway ps hindo ako mkmove sa post ni lanc hahahah gelanceatgr nan,1
6486,jao gaaarl mainu samajh ni aaundi ki pakistan de saar account fake pic daal kar prove ki karna,1
12893,tum chu porkistani yahan se dur kyon nahi reht jab baba fake hai jhooth bolta hai 😂 apna,0
3876,india deliv new terror like sadhwi pragya congratul new india ab aapk bachh yahi baneng ..👌 nan,0
19252,q apko kya jalan horahehi odi 105 match bann ka gussa ab es per nikal raheho nan,0
20843,fast btw useless drama distract peopl real issu nan,0
12717,selector ne bhi vijay shankar ko ye soch kar choos kiya ki chalna kisi ko bhi nhi hai number,1
25519,person ca n't good thing,0
36145,khokhr nae cahiy bc hd stream nan,1
33983,waheguru ji ka khalsa waheguru ji ki fateh one friend stevi kaur recent start busi call “ kaur arm nan,1
28169,follow karu twitter par tag karu facebook par tere quiz ne googl ko beat kar dia 😍😍 song ( fan ) movi desc nan,2
17619,na jan na pehchan phir bhi mention krdeti ha tag kr deti ha kya ha ye sb nan,1
42263,modi ji par jitna kheechad uchalog utn kamal khileng tera aukaat hi kya hai,1
2747,kodwa guy gave us thandiw forget nation man intern treasur protect nan,2
26253,junkey lover 9 exact spirit appoint minist india india mai,2
27465,” mayb one day keya shannon & shanieka fortun enough partner love,2
12822,hahahaha good morn ji vais hui nhee hogi aapki morn good yaar aap dhaansu wali,2
25765,sir kannada ya hindi news channel nahi dikat nahi aur hamara shiv upper ka hatya hogyahai leki,1
30445,chaku hafidz shit sherlock nan,1
11465,🌹👫 𝐹𝒾𝑔𝒽𝓉 𝒻𝑜𝓇 𝓊𝓈 👫🌹 fight nashvillemovi 📝 fight ray rayna nan,1
24983,love viswa vani paper regular suppli kengeri upanagara bangalor 😞😞 nan,2
37600,sir himmat maat hariyega aag aur jahan hain aap jarur jiteg,2
30632,dear modiji appn student k stipend badhadi achha batt hain filpn apn ye kam per hamar desh main kab hoga,1
17747,haramkhor aam aadmi aadmi,0
35161,good luck team pakistan hope start win inshallah pakvwi pakistanzindabad pakist nan,2
28017,sensei got ta love hoyo allaahumma baarik 😭,2
22749,ye chor buddah kyu chup chap nehi rehrakta hei rss walo buddah ko gaand maaro jail rahkebhi khu,0
28036,indian prime minist shri narendar modi ji badhai congratul nan,2
15947,har bhartiyo ko armi train karey tabhi bhart fit rah sakta hai israel jesa es umid ke saath pahala vote kiya bj,2
12523,nice sir aap ko hmare trph bhut bhut hardik subhkamnay dher sarin bdhaiya bjp modi j,2
22719,chutiy yha time kyu kharab kr rha kisano k bich ja aur unk liy chai pani ka,0
12970,dont like much thank 😂😂 sukoon se mein rehn waki hi ni deta nan,1
26905,pakistan ka doosra match bhi aaj kara dena chahiy time bhi hai aur player bhi thakay nahi hongi cwc19 nan,1
38323,kejriw jais log gadder hai jo bhattacharya mitatey mitatey khud hi limpt hai bratchar mai unko,0
35091,khadim rizvi ka kia muqabla kutt k saath uss 35 lakh vote mile isk kon ha support bas ja,0
19922,yeah shit isnt happen gon na hang play bass instead 🖤🤘 nan,1
16516,saalo chutyiuo mere ghar ki nahi poorey area ki light nahi hai 340 night power suppli yet gandu nan,0
10997,jay shree ram hame bahut khushi hoe ki bharat k 2 bar pradhanmantri shri modi g ko mila / mai uns,2
16009,ye ek chhota sa teller h aag dekho kay kay hota h,1
19435,ye ki nahi shayad bihar ki ghatna hai nan,2
12954,happi june 1st u jada also happi saturday u & ur famili also dad birthday toda,2
8449,love triangl ko choro bina sar per k love stori bhi raj rajj k likhi hui hain 😑😂 nan,1
3249,ye zaleel mulk ke prime minist ko galiya deta tha offic ko damkiya deta tha ye ghaddar q nhi nan,1
39579,kafi tym baad chutiy ko dkha bhenkelod dadagiri mai aya tha maa chud wali apn career ki bc dusr,0
12716,phle pure pakistan se atankwadi saaf fir kre gae imran ko maaf nhi vhi apna ullu chaat nan,0
7853,rizvi right mm hindu muslim yeh lougoka dukan hein nan,1
965,ha ha ha cow mutr peek war guy st,1
20866,5 saal tak ab yahi dekhna hai mahngai rozgaar gdp ki koi baat nahi karega hin,1
29894,ji nahi dusra fc h phla insta ka shikaar ho gaya ! ☹ oh btw multi fandom x nan,1
12743,54 thank wear nation dress open ceremoni cwc19 done us proud,2
34735,sir ye icc ke jyadatar event england hi kyu hote hai jabki ye fix hota hai ki har dusra match,1
20940,kamin gaze arushi ki jai hun jayegi * nan,1
12770,need worri abhi fir kuch khulasa hone wala hoga nehru gandhi famili ya left walon ka nan,0
373,beta nafrat tum jais jahil ( illiter ) failat hain pata nhi kon si phd chal rhi h,0
24643,bina soch samz engin mat lena nahi lene ke dene pad jayneg 12thboardresult nan,1
30181,ap ke cover pic kisi bachhi ki pic sayd apki beti bhot pyari 👌 ek beti ke baap ko ai,2
42617,love soo much 4 year hogy humarai dostiii ko tujh main itnaaa sa bhi chang nhiii aaya,2
26930,tu safar mera tu hi meri manzil tere bina guzara aye dil hai mushkil 💘🙈 love u ❤,2
16949,allah kher kray ye match jeet jao bhallay world cup na jeetna ..😭😭 54,2
35736,omg 😮 ! ride love peopl fan made damn good video,2
19527,woto ye bharat desh ese logo ko bi moka de deta hejo esi seat ke layk bi nhi hote inhon,0
7441,friend - yr itni garmi chai nahi peeni chahiy achi nahi hoti - apanindori,0
13149,gadkari congratul sir — well deserv nan,2
28472,ye dekhiy sream train kisi ka hatya ho gya hai kisi pr iska koi dhayan nhi kya aisi seva koi nhi h jism,1
33905,cuttinup got ta check dude aint never heard shid keep g wilder much heavyweight move much nan,1
24431,gazi aur aap inh kya bata rahe hai ye apk yahan ki tarah ki suppress nahi hai jo hijab pehnengi 's strong smart nan,2
5588,5 15 bolna aata nhe hai siwai jhoot k aap ko aata kya hai aur wo 5 bacchay ke wajha,0
24999,bhoolo mat sarbjeet ko bhi spi btaya tha tumari geedad armi ne lekin ham tume galat saabit krne mn ka,2
22356,much top secret shit come soon 😈 cant wait present world ‼️ nan,2
40620,chunaw harna ya jitana ye bari baat nahi sangharsh jari rakh aur aam logo ki ki baat aur bharat logo ki eq,2
13578,hahahaha wo sari puran pakistan ki baten thai ab naya pakistan un baton ko rafa dafa kren pm ik nan,1
13170,baarish - show finest perform miss screen,2
29767,adarniya ravi bhai sahab aap ko bjp ki jeet par bahut bahut subhkamnay ab vesno devi mai ke darsan,1
35658,friend - new phone le rha hu sath chal rha hai lene -,2
29406,sharma4 aby chutiya ye choti chaddi gang krti hai muslamn nhi lgao uspr ki,1
20514,ye dp wala dheela bistar garam krta tha goro kaa deshdrohi tha hindu k nam pr nan,0
22015,kalian mau tau gak kenapa yuvin pake gaya ini terus ? ? ?,0
10765,first time make halwa sawanak guy proud bibi jan,2
23299,twt love u sm ! ! ! luv purpl hair ! ! ! purpl ! ! ! hahahaa fantast today stun alw,2
27537,club • massiv respons podhachalum song 🔥 offl bodi languag & manner 🔥 nail 🔥 ngkfire nan,2
36839,congratul upcom narendra modi 🙏 advanc 🙏 modi ji aa gay ab aapki film k liy,2
14736,rubika ji logo kisi ki respect karni aati hi nahi ye apni bekar ki baat kart rahat hai nan,0
24238,oh realli scarciti talent pakistan relev sector e fia ib polic,1
22547,tum jcb ho bohot acchi ho gal post fight jcbkikhudayi nan,1
13856,agenda congress lao modi hatao spread hate u tell nan,0
24559,thank see novemb braam luv bhut 👍🏾 ( 'm show respons grandma sy,2
35624,pure partidaar samaj ko chuna lagaya hai mp ke chakkar yeh hai '' partidaar 's ka neta jo un,0
10648,tu tension mt le bhosdik tjhe bhi jldi arrest kiya jayega aur custodi liya jayega bc ye tere bawa,0
19879,worldvictorioussaint predict saint rampal ji per prof ( harar ) spiritu knowledg great saint wo nan,1
28131,gautam gang hide n sick kheln wali koi mili hi nhi kabhi kabhar isk naam pr bas sick hi milti hai 😭😭 chatarpatar nan,1
28114,thefilm,2
15033,badola shame still backward countri head .. ? illiter ppl shld punish nan,0
11159,hahahaha na baba bas amazha ba nawi sha3irakay bka tkaya 😂 ba awa haday mn bi lo tu kaka 😂 nan,1
10749,allhamdulliah good ap kaisi hain faisal bhai nan,1
24581,wtf u didnt like raagi mudd ? ... .. u reallli cant get anyth better ami part world,0
42369,buzz world cup time iss zyada attend ipl hoti h nan,1
7436,ais keh raha hai jais k kabhi kisi larki ko hath nai lagaya ho nai nai yeh bhai,1
41825,achaa manoj sinha ko harwa diya uska dukh mujh bhii hai par kya pure desh gajipur jais halat h,1
20012,sir face difficulti chang intermedi board station tatkal ticket see,1
20134,nan london join us tomorrow open night new exhibit network eng eng knowledg eng showcas institut librari nan,1
38646,sanya kb le ho rajniti se ais hi juml bole ke tum jais logo ne congress ko giraya aur ab,1
37061,1000 ka cylind aur 200 rs litr petrol bhale dalwayeng modi ko jeetwayeng bhai 100 rs ka ticket lekr,2
8782,love remov drum gun yayayayyayay,2
14598,oi everyon told comform movement hold shit back dont get involv fuck dat im g nan,1
12749,yeh hai hindustan ki shaan jo apni jaan dekar dusro ko tofha de jta hai salut brother 🇮🇳,2
25617,hmne bhi vote modi ko hi diya tha media india ko bat raha hi aur sb,1
8165,love bade aay pyar se dil jeetn wale nan,0
17572,-10 cool guy veri uniqu person ais batein kartey rehna make u fun ♥ nan,2
15300,aww 's great kaunsa zubaan mean languag nan,1
13438,sudden lyric bhulleya came mind 😭❤ underr song dil hy parinda asmaan ko maa,1
21372,khuda ke chune hue log hi dusr ka dard chunt hin ye har kisi ke bas ki bat nhi,1
25586,inna trial ke nervous feel nahi ho raha kya nan,1
36444,india rss way gazawa e hind someon explain,1
23245,dear rahulgandhi opposit ke leader toh ban jayog na regard aapka entertain ka ek saccha fan,0
15311,west indi se hamari pak armi jeet nahi paa rahi hai india jais shero se kais jitegi better hoga pak ko india,2
34264,elect verdict ke baad kuch log bhut dukhi h lekin show nhi kr rhe _…,1
11268,listen utena figur beauti love looo hair detail ! ! ! ! ! ! !,2
21318,shabash total got - true punjabi style mum like 😂❤️ thank rishi x nan,1
39422,one jealous individu respect bollywood kisi ko suicid karni ho,0
30833,rah thank got dm ensur sort right away happytohelp ) - aisha nan,2
19698,fals case burst jhooth ke paav nahi hote bad karma shall start reveal,2
26450,kejriw tera galat samay chalu ho gya hai teri itni aukaat nhi nhi ki tu apn aap ko indira gandhi se compar kr sak nan,0
21803,ye vo randi hai jo din mein 50 ka land leti hai aur sun randi ki paidaish jo kisi ko nich bole vo apni,0
15143,shukr beauti form ibadat allah love thank everi bless matter small one nan,2
21436,dilli polic ab chikara ke hai ult sidh kaam mat karna warna ab polic teetar bana degi,1
9278,sir appko kitn bade bade lok badhai de rehen hong mera badhai aap ke pass pahanchega ki nehi pa,1
6175,😂😂😂😂 watt lg gyi fake victim card kheln ki ... ... # metoo expos,1
20584,yogendrayadav dono ko bolo anantnag pulwama main bina secur k 2 din jaisa marzi ho campaign kar k dekha sala opportunist nan,1
12541,aziz,1
26192,tere jais gaddar pr 1000000 baar lanat harami sale humara hi khate hai humi pr gurat hai nonsens teko,0
8905,meri kya aukat jo mein kisi ki majak bnau meri root khud gaon se judi hui hai 😊😊 nan,1
26197,still support pakistan 54 tum jeeto yaa haaroon hamain tum sy pyar hain pakvwi nan,2
14551,bharosa rakhiy leli gang k outrag pe chadha ke hi maanega aapko iss stage pe,0
26053,happi birthday love nikhil 💏💏 god bless cuttipai 💑💑😍😍😘😘💖💖💙💙,2
38079,rajiv plz rahul indispens bjp victori rahul jaan tujh deng nahi ! 😂😂 nan,1
9441,excit ako 2d anim past sem kse iniisip ko baka masaya pero hindi pala hahahaha nan,1
13275,oehl kya jhand gaad rakh hain jait ne note-bandi fail gst fail toh uss dobara vitt mantri kyon banaaya jaay nan,0
6088,jab bhi heard mujj bhi payar ka hak hai mauli best friend hamri khushiyo ko ghar,2
22322,na88 teri maa ko lun ek rs ki corrupt teray leader k baapon yani k napak fauj k general ko nahi mili tu,0
38560,appki bakwa se koi farak perni wala hai lafafi aisi halal nahi ho jati nan,0
13587,117 dhoklaa b lol life soul,1
14391,ye templ aur ism jo paisa h ye kya tumhara baap rakh kr gya h whi n't give money p,0
31255,sir india ke berojgar youth ne aap pr bharosa kiya hai taki aap es baar unk ley kuch kare kyunki,1
7846,wish happi birthday akka special year lot respons shoulder nanna bl nan,2
14974,koi baat nahi joint famili system ho ga gher main amna samna nahi hota ho ga nan,2
16144,zaidi saab ap bhi apni day k binyad rakho agar asa buntadain rakhi jati shame nan,0
27200,sala khud hindi pic mein kaam kiya paisa kamaya pura hindustan tumh ijjat diya aur abhi tum sala hindi l,0
33539,went nostalg see old episod laughterchalleng mazza aagaya paaji journey nan,1
1357,isko nikal dia tha world cup 2011 sayad ek banda call p aya bolta h india england australia ni ayga semifin nan,0
13526,tf peopl still use abbrevi everi word “ wt iz ur prlm ” bc kitna time bachat ho harkaton se nan,0
5538,bleed blue cheerwithprid jeetega bhai jeetega india jeetega jeet hamari hai nan,1
20017,shame ksi ki maa ko q ghest rhi gandi ghtia polit main nan,1
3864,wish u best namo sab ka sath sab ka vika sabka viswash iss bar hum muslim desh wasi p,2
20503,11 fast krega bhai mil jayega prize hope next winner aap ho 👍 nan,2
7817,ye pagal ho gaya hai ab se itna bhi darn ki zaroorat nahin hai,1
26250,kutta sala isko laat maarkar button suna dena chahiy par saal ki jali hai na takleef hua hai,0
33578,ji aap iska hal nikaliy pleas humlog kolkata roz mar mar kar ji rahe hai jai sree ram,1
41601,delhi ke gandhi nagar ki ya gaya delhi polic ki barbarta kya polic lynch nahi kahi jaegi,1
14154,tere sang pyaar main nahi todna tere sang pyaar main nahi todna chaah tere pich jag pare chodhnaaa fav song behir ! ! ! 1yearofbehir nan,2
21784,ye kuch bhi lagal ab iski bc mein koi na aan wala ek number ka baklol hai ye,0
23854,kya damdar dhasu pradarshan bjp ne apk aur amitshah ke netratav diya hai pure vipaksh ka supda saf ho gaya,1
23833,cm sahab jai johar mai jamgaon patan distt durg cg see hemant kumar sinha meri wife ko kam see nik,1
32559,jab jaago tabhi savera one hell say nan,1
20870,pr4 happi birthday 🎂🎉🎁 mam may alway scatter smile god alway bless watch nan,2
7822,janam din bahut bahut mubarak bhai happi birthday dear bro nan,2
19589,soup ty bech ! ! ! im free final 😤😤 nan,2
19319,shiva footfal ka tel nikalna h jais produc ko 😂 nan,1
15339,rathe apn pappu ki degre ka pata kr lo pehl thappad wo havard fail hai r agr padha bhi,0
15617,aap jais bhrasht neta desh k liy kuchh nahi kar sakt hain lakin desh ko jati dharm majhab k naam,0
20026,sir 😂 bjp ne darr ka mahol bana diya hai ab lassi k pais dene k darr kuch muslim ne owner ko mar dala nan,0
26910,17 king tu nlyk hi rahega thk gya isko sudhart hue 🤧 jesa bhi dil ka achha 😌 ipl pe dosti ki vja se ye trol nan,0
15887,abey bhopu wo media ne nhi air marshal ka bayan h fact check kar nan,0
23841,24 yr realli cool luv yr transform sure need take tip tmne mugh khi ka tour krwan nan,2
41158,grate girl never stop smile deserv happi world happybirthdaysona nan,2
37960,u kraaa move sarri alway chang coach win normal,1
43876,amaz twt perform live bgt stage last night love everi second 🙌 reliv perform nan,2
9784,kitni movi ke sath naam joda ja raha yaar bc kabhi marshal kabhi 3vikram vedha satt pe nan,0
26403,110901 gwapaaa bet nako imo lawa hue confid pd kaayo kaaaa god bless alway ☺️ nan,2
15816,mukhya dhara ka matlab ye nahi ki muslim jyotish shatragaupurani mytholog vi,1
25816,achcha hain janaab social media pe nahi hain warna neutral se khoob gaali padti saala ladkibaaz 😝 nan,0
33469,wo isliy nahi pahuchayi qki uski apni popular kam ho jati aur yahi kara,1
6783,good job pappu let ur mom job u carri play video game n watch chotta bheem next 5 year nan,0
19984,parent told throw money away bad invest nah pass nan,2
32693,gulshan devaiah appreci post realli effortless mard ko dard nahi hota kudo nan,2
1855,bam happi uncl fine ♥ hamar bb ke pita ji hey aais hi thodi bimar rehet strong hey uncl 😍 nan,2
16327,nawaz sharif love u may allah help hard time muji yaqeen ha ap wap zaror awo gay u r victimis ❤️❤️❤️ nan,2
24182,krishna piti worst thing condom bhi nai lagaya wi ne nan,0
45220,iss ko wale doglepan alawa kuch bhi nahi kareng,0
31698,ji aapka vikalp congress kya desh nahi hai main kahunga univers nahi hoga,1
22456,anyway want port outmi number problem cant abl send messag number want kam,1
13123,offici arjun sir aapn origin song ko bhi pich chod diya hai thank,2
462,world cup mein mard nahi khusr gae hein jo larna nahi twitter per k sath talian bajana jaant hein nan,0
3661,mp congress ki sarkar aayi hai light kase rh jaegi invertor le aao ki sarkar phle pai,1
14538,2 year old cousin give fli kiss random toddler saw street ramadan ka bhi khayal nahi hai begh nan,1
24800,jish pedhi tak hamar desh ke liy jivan shamaraprit kar diya unako hi abatak ki sharakar ne bhoola,1
36046,aj ka kid segment best tha 😁😍 bus ahmad ny apku eid py apni sath ly kr hi jana hai apni ghr 😂 nan,2
36215,koi btaa de ye savarkar kon tha aur major achiev kya h uss ki jo log naam le rahi h nan,1
30110,doubt molvi beard sign islam cultur oblig chutter usual c,0
38610,shock feel get feel lot 's okay love stuff nan,1
31261,sab umer ayub ke tareef ker rahain good lekin jo banda back end pay baith k technic sab amoor ko dhaik raha hay nan,1
24091,outsid matlab kya bengal still india indian resid anywher india jay shri ram,1
39875,g maini ap per bht bari novel likhni ha jis sari apki dastan e zindag ki sleep ho ge ahan 😂😂😂😂😂😂😂😝😝😝😝 nan,2
8581,ye lo bhai modiji note ban se nak note band hoga hua kya aatankvaad khatm hoga hua kya fake currenc worth r,2
43865,rohatgi bechari love jihad ki shikar ho gyi 's 🤣🤣🤣🤣🤣 's funni answer nan,1
25010,jaroori nhi ke ye khaber sahi ho aarkar apna kam keregi mai iski tarefdaari nhi kerr raha,1
10159,pata nahi tera kb udega ab ti kuch sharm karo beshram ensaan abhi tk regain kara nahi gay,1
36000,sookh sir nice nan,1
16494,tum nazren uta kr jiyo tum kamzor nhi ho bs tum nigahen jhuka kar chalo liy nahi k tum achi ban'ni ki koshsh k,1
34015,realli suprb trailer eager wait main trailer article15shocktrail,2
1079,proud part brilliant commerci releas 1996 wc time great product team includ nan,2
3072,* sex * kisiko batana mat koi mujhpar yakeen karega bhi nahi 😶 sedlif meme memesdaili nan,1
24588,namma bengaluru thankyou great edit wait see tonight show ❤️,2
21144,lasvega realli get us 10 $ deposit huh alright say fam edc2020 come ! 😝 nan,1
14849,thanku much rab ji saint dr ji use guidanc pledgeagainstcorrupt nan,2
26556,dimak se aap har chuke h yh desh ka durbhagi h chund shamprdayk log es desh pr raj kr te h nan,0
6218,chup se baith tere har tweet main sirf hate n crime h sirf batein tweet karn se kuch nahi bad,1
41743,best anim best superhero film ever made favorit away cuz aint wrong 🙏 nan,2
34824,happi birthday mairoooo may almighti bless best world wish good hea,2
44779,sir ye log randi aur bharuaa se kam nahi hai ye sale harami log deshdrohi hai mai galat word esiliy nikalta hui,0
10839,mana ki nahi kaha lekin ye propaganda nikla bjp cell se hai iss bjp ki seva aap 24hrs karti ho nan,1
17446,one thing certain indian railway regular irregular dream abo,1
11974,worst thing ever usay poetri ati hai r mjhi smjh hi nahi ati 🙄 nan,1
25346,happi birthday favourit actress ♡ ur diehard fan small fan huge world watch nan,2
32597,farig ho dimag se mashwara b farig wale de rahe khud apni ankho ye noor barsao 🤓🔫🔫🙃 nan,2
37382,sister wake 1100 sleep sharp 1230 pm say ; turn light shut,1
19690,waah glad hear thatthank much nan,2
7353,rubika ji mere bhai nishant se koi kuch nahi kahega samjh gye ki nahi islam ke thekedaro nan,2
10823,modiji ko hardik subhkamnay bharat ka bhavishya unk chhatra-chhaya main ujjwal hai,2
37640,abb na govern bodi pe bharosha raha nahi kisi institut pe vajah hi nahi koi kyuki koi sunn ne wala nahi 🙏,0
7837,baki jinko fikr ni hoti wo apna balon se mouchain bna k pix leti hain 🤣 nan,1
18281,malum ye kaun si ladai ki baat kr rha h ? ? ? ? ? ? garmi muffel pahann se ladai raast kisi bhi vyakti se thapp,1
26702,good even friend great even jai bhart jai hind goodeven indianarmi,2
14047,patrag upper wale ki lathi mai awaaz nahi hoti jab padti hai agla pilchla,0
27994,tweet abe ganjedi ki aulaad padman ne kab ka $ 10m cross kar diya oversea ganwar nan,0
19010,jenai hand beauti n ur lip sweet 1 ajwain ek chutki subah moon main rakh k pani p lo,1
17101,aur punjabi hone k naat apko bhi india phaink daina chahy jahan ki aap aur apk buzurg paidawar h,0
28402,gazab bc kisiko aur k opinion ko rephras kar diya 😆😆😅😅,0
21579,410 sa sabhi wc semi final toh khelti iss baar toh vo bhi nahi hoga bb11 ke time kisko predict kiya tha hina nan,1
29396,love heart 💜💜,2
14084,mam ji good morn ji yahi baat cong kay leader ko jaan layni chahiay ki unhonay rahul sir ji ki,0
22072,tum jais log ko ye kyu lagta hai ki bjp ko support nahi kar rha,1
13906,use favourit month ramdan realli focus anyth 😕 nan,1
30062,wo jo gaan hai jo ki lip sync nahi unk koi mayn hai nahi jo bhi gaan jo hit hue hai wo lip sync ke hue hai nan,2
14152,100th episod favorit interviewe throughout year catch talk f nan,2
15923,tu bhi tha yaad h ka time ya bhul gaya,1
10771,hamar aadarniya pm narendra modi ji ko doobara pm banan par dher sari subhkamnay aasha karta hu,2
36208,ind ye insaan smriti ji aur modi ji ke pichh hath dhokar padd gaya hai 😂😂 har,1
9298,bridg charsii kuch like kai ley maini troll tou nhi kiya apko nan,1
8916,kissi ko jaganey ki jaroorat nahi hai ye desh jagh chuka hai aur pakhandi journo ko jaan c,1
15509,aap sab ko shab e qadr mubarak ho duaon main yad rakhiy ga main agar koi ghalti ki ho ya kisi ka dil dukhaya ho,2
28505,sardana hindu muslim debat karana mat chodna tere jeewan ka yahi lakisha hai teri ne tujh liy,0
15595,awesom video hai style danc wanc sab awesom hai rahul aur aap toh pucho hi mat tammaam,2
41659,good bye prof legend one replac,1
15763,pm modi ji aapk haath mein woh power hai hi ki ghant mein naksha chang kar sakt hain aap hamar,2
5853,kalindi express -14703 railway bed facil sleeper class seat confirm hone ke bad bhi nahi milti seat bina,1
26528,jaleel kar diya nahi bulakar yahan ke jo haramkhor jo yahan ki kha ka,0
5476,bahut bahut badhai priy modi ji janta jis bharos se aapko chuna hai unka dhyan,2
34961,ek unmein se main bhi hun jaldi humlogo ka ek bahut bade aur dhurandar,1
19699,desh ki suraksha ye kadam kuch bhi glat nahi hai news 18 tarh se samaj भ्रांतियाँ ना फैलायें🇮🇳🇮🇳 nan,1
27197,x2 poora bihari twitter ais jama ho gaya hai jais upsc ka exam centr ho nan,1
5600,insan12 valuetim valuelif rever saint dr singh ji insan motiv peopl put time good go nan,2
28849,saria miya kya sbka vishwa ghanta kbhi tumko vote nhi deng wo baitha lo bc sar pe unh sala mera ab,0
28665,dad sometim chat like girlfriend super mad dad good r,1
19997,ye pani koi na khareeday ye zehrila pani ha khud ko bachon ko bachao plz illeg water plant band karwao,0
20246,ye jehadi sale desh ko bantn k liy ghum rahe harami,0
6688,kitno ka haath mein rakhvat app ye ek baap ka lagta nahi 😁😁 nan,0
13065,thefilm,1
13653,sir ji bar dooud ko nipta nirav modi vijay malya sab see kugh nahi hoga ye rat kugh na,0
23592,thefilm,1
24628,chikara king without kingdom lakin aaj mota bhai ne unko mantri bna kar kingdom de diya hai ab bas ch,1
28770,brownmochi awwwie love mochi ❤ nan,2
12611,sahi h ab news dikhao bina debat k serial ka episod movi scene esk alawa kuch h hi nhi tum logo k pas godi media nan,0
6359,nonsens aasa ko cm bana diya jo bhagwan ke naam se nafrat karthi hai usko muslim crihsan se,0
8617,kyun humlog ye hindu aur musalman ki rat laga kar jhagda kart hain main hindu hun,1
28430,unhon ne apna sb kch daan men dy diya akher ul momineen ko azeem riyasat ki kh,1
13949,happi birthday bhai 🎂🎁🎉👑,2
9558,loktantra vijay hua har har modi ghar ghar modi sabka sath sabka vika sabka visva,2
41060,bhai sanjay apn teek kaha appki bad juwani jari rakhna kyun ki apka se log bahut help kiy bjp ko,1
20225,thx everi singl memer make day u guy r amaz 😄 jcb jindabaad jcbkikudhayi jcbkikhudaai,2
26667,aj 2011 world cup quatar final ka badla lega wi 😪😂 pakvwi nan,1
34287,happi birthday talent actress beauti person earth love u happybirthdayjenniferwinget nan,2
2893,kamal sir app bari admi hay ignor made person comment pleas focus cmship resolv th nan,2
6774,dekha tune bola aur public ne actual main dimaag lagak aur sochk vote diya hai ab thoda khud akal use karo v,1
12445,v debat congress ka koi pravkta nahi pahuchana kya bhadv kaha se laata h itna nichpan nan,0
29570,lmao uhhh work dawg nan,1
27511,uss chutiy ka account abi dikh nahi rh marr gaya h woh social media nan,0
14425,jet lag truli taeil song ever skip song nan,2
39409,sir ko allah hamsh achi sihat de sir hum k liya hamr liya dogha karre allah,2
41804,bharat mata ki jai jai shri ram mandir wahi banaeng modi hai mumkin hai abki bar firs modi sar,1
15991,bitch666 raja rani k miln se new stori start honi chaiy na season 2 ya second part kuch 😌 nan,1
5060,ar1 iska ss leke rakho badm tweet delet krke palti khayegi warna 😂😂😂😂 nan,0
38257,odisha heart congratul sh naveen ji n mr vijay ji victori smt,2
33658,humri post utha kar facebook page wala itn like comment lay jata hain humra page par humri post par 20…,1
13576,sirje wholeheart appreci among intellectu rare henc u r endors new eam feel proud abt u nan,2
25776,gujju dr harshvardhan best delhiwallah stop specul upon gauti let first,1
13558,pti govt ne mashallah bohot chang layi hn pakiatan hamari duwa hn k es tarha hamara mulk taraqi kare allah hama,2
20283,kis bil chhupe ho bahar niklo ya wp tgnt modi ke blog likht rahig kuchh ukhad nhi paog ek,0
38259,mashaallah khushi bhe hy mager ankhon mai namii bhe jj ke kami sedhat say mehsoo horah hy 😔 nan,2
35723,south africa b haar gaya samajh nahi aaraha kya kru yr jisko b support krta hu wo haar rahe 😭 savban cwc19 nan,2
18944,wo insaafi nahe ali chutiy hain manag isol peopl legitim question abil nan,0
14197,kch bhi chutiyo jais baat kart ho bhaiya tum bail buddhi lagt ho daro maat kch nahi hoga,0
28429,chalo gill ko mat lo pant ne aus eng 100 maar rkhe h usko kyu ni lia nan,1
19250,h9 silli jab hum jite sab theek aur jab tum machin kharab saal bade wale c nan,0
13249,agr nawaz shareef chor ni tha allah usko surkharoo kri aur agr chor tha ay allah usi nishan e ibrat bna da nan,1
13642,🎩 bjp itna nek kaam tums hi ho payega economist bta rhe h iss gdp 10+ ho jayegi nan,0
23651,jais samjwadi likha jaata samajwad naam ki koi cheez nahi sirf sirf jaat p,1
34860,sir realli great person zindagi haar jeet hoti rahti hai sir ek din apna bhi din aayeg nan,2
20651,allah na karay hum laayen world cup q k 92 k world cup ko awaam bhugat rahi hy nan,0
15206,aagl pach ( five ) saalo ( year ) koi agar naukri mang uss ulta latka ke maro bolo saal yeha,0
2155,v mr 😪😪 feel nan,1
40993,madar chodo ko goli mar deni chahiy ye sale kutt ki dum sidh nahi ho ge nan,0
31490,never follow cricket super cool analysi best player ( kholi ) done,2
14489,leav polit abhi ye nautanki band karo mard bano ya chudiya pehan lo nan,0
13887,ajjj mujay andaza hua k ; dill ko lgnay walay ghumou x xb x bra ghum baiii ka h allah kbhi b kixi ko b uxk b,2
22518,amit shah get home ministri anoth arvindkejriw said moment may god save india .. ! ! !,1
30090,proud mother clap son prime minist india simplic best 😊 modiswearingin modisar nan,2
10013,pyaar chutiya press raval ji aapki bahot respect karta hoonbhen ke pakoday maa ki daal aapn b,0
17735,rout 774 ki koi gadi nhi h jo h 2 se 3 hrs ki time pr ye kesi parivan suvidha h dtc transportminist nan,1
44972,whi get feel one follow first bachpan ki mangetar nan,1
40510,yogesh93 soniya kamini kamina nahi 😂😂😂,0
22326,yeh sale punjabi logo ne kabjaa kar rakh hai bcci aur cricket par koi aur state ka aa hi nahi,0
28148,sir apko bhut mann lagi apk biopic par jo movi bni pm narendra modi serious bhut bdiya vivek,2
9460,abi islam ko par ja ka ke jhaga teri maa bhn,0
44530,93874611 ... . choos 1 ... ☝️☝️ dekhat hai aap kis ke favourit ho repli mein see interest nan,1
28779,jago uga mainnya nice game,2
16508,love salad favorit everyth bean salad potato salad pasta salad kale salad nan,2
11940,happi birthday puraa 🎈 sorri semalam pukul930 dah tidur 🤪 nan,2
26108,gilani jumma tul wida may last jumma ramadan bring peac prosper ameen dua jummahmubarak kee nan,2
35892,two 😂😂😂 nai jai shree ram bolega rhega zinda nan,2
22378,arjun ram meghwal bjp thank pm & amit shah ji show trust thank behalf peopl bikan pm nan,2
33265,congress dictatorship chal rhi h bechara rahul gandhi resign dena chahta h aur con,1
6759,'m mubarak al kabir mubarak al kabir muhafazat mubarak al kabir,2
24077,wow love ador realli maa ke ashirbad bada duniya kuch nhi hai maa ka ashirbad ji,2
21538,saray noon leagu kutay bhgori kay media hous ki paidawar jinka najaiz bap modi hrami hai nan,0
22272,uss é*,1
1013,obc bhikhari nahi hai aur bhenchod bheemt obc naam ka account bnakar apni maa chuda rah,0
15992,india heartiest congratul sir india deserv best nice time sir 👏🙏 nan,2
14694,correct hisedar jai sath chalana hai nan,1
20911,kea yr yh world cup khelni gaay hn nan,2
23986,tum hume yun bhula na paog,1
31585,ye kiss haram ki aulad h jisko ye maanta hoga vo sala khud haram ki paidaish h bhdwe sale ek baap ki au,0
33818,big jay mcneeli - someth mind ( top 65 classic - veri best big jay mcneeli ),1
26492,alway miss mam aap ka videsh mantri ke pad se jana bhot hi dukhad hai apaka apn deshw,1
41645,tweeter hic capt saab aapn daru ki hic rate badha di aur hic bijle ne apni hic,1
24547,digit wese ab pakka confirm ho gya ki tu pakka chutiya h 😂 chal ja ab alvida ka na,0
30945,ave congressi gadho ye economi kam nahi hue h desh bahut tezi se age bad rha h economi pich rah gayi h nan,2
8556,mughal khabardaar jo ab kisi ne kaptaan team ko kch kaha ✋ hero ❤ heart throb ❤ nan,1
30513,ser firmino har trent alternativt nogen veker ikkj touchet det heila tatt å ha ett par å l spur komm å scora nan,1
15722,offcours ho sakta hai zartaaj gul ne deni nhi kya defen,1
11286,fearless stare huh lick ass bitch dheet beghairat zardari thu gaandu hai,0
4754,dont feel even jealous allah sb ko nhi bulata apni ghr yaha tak k 2 bar itni jaldi mash,2
1028,👌 congratul 👌 akash bhai aap ko phir se 5 saal ➕ ka contract ✔ mil gaya keepitup note - sorri,2
38107,chubir 's fan like hum katwan ko taiyar h aao humara kat jao sale chutia 😂 nan,0
21169,hadd hai yaar hindus india main jai sree bhi nahi bol sakt musalmaan bahar aakar,0
20050,report news academ mental health,1
11758,south africa ka aisa haal hai ki unk koi nahi bhi khelega bhi wo haar jayeng cwc19 nan,1
44192,happi birthday faizan 💘💘 khush raho ese hi namoonay baazi kartay raho miss uu,2
20656,dream [ station 3 ] dnyl recruit 🎧 nct dream x hrvi need love nctdream nct hrvi dontneedyourlov nan,1
23936,tabhi vah badnam sale hindu dharm ka compar mt kro kattar logo se hindu sha,0
15204,nahi nahi gaandu ab bahut der ho chuki hai ka,0
26001,yehi kark khush hona hai tumko pakistaniyon pure tournament bss bangladesh ki khusi ka jashn manaog nan,0
24093,wais swaraji kanhaiya kumarji ko bhi kuchh milna chahiy paritoshit karna chahiy kya hua agar kanhaiyaji jeet,1
34103,srk prashant srkian aditi x tujh jais teacher ko student laat maark bhaga de nan,0
20237,univers main aesa waqt bhi aatha ha jab banda ya tho attend lagani jatha ha ya siraf aik nazar crush ko dheknay k liy 😄 nan,1
37703,inc anurag ye sabh feku ki hug ka kamaal hai nan,0
7280,pakistan 105 ho gayi iss jyada log hamar gaaon mein jcb ki khudai dekht hai pakvwi,1
5010,insan chahe apn vichar dusronk dil-dimag sthapit ker sakta hai kubhi kubhi bade insanoko aisa lagta hai ki,0
35343,pragna thakur ko congress ne fake case creat banak fasaya tha isa,1
28432,happi 13th anniversari ajumma exist life bless 💙💙💙💙 happyelfday happy13thanniversaryelf,2
24592,pandit kya hindu muslim isk elaawa aur koi baat nahi hoti yahan ye socho hindu ho ya muslim hay,1
26194,apn 5 sale ke bjp ka hesabenahi pocha kaladhan kab ayega pucha nahi 2 crore job ke barem pucha,2
29655,anoth chotu babi whole cuti ilysm ! 💖 mother liter beauti omg im alway need nan,2
33501,ager esa hy desh k muslim j & kme apn bachchon ki shadeya kr unhen visthapit ker sakeng ye ek sukhad,2
18979,ji hardic badhain subhkamnay ji maa ambica ji ( kangra fort old kangra hp ) …,2
36969,biggest shame patidar shameless purson gujarat u r dark shadow gujrat shame u nan,0
30753,patrag sambit bhai apka jaan khatr mai hai shayad ghar se kam nikly,1
1186,ind prothom kolkata campaigncal media sangbad biswa bangla etc eisob chotokhato channel gulo dekho sudhu jai sree ram cholch nan,1
29869,arjun ram meghwal ji ke dusri baar mantri banay jane par yashasvi pradhanmantri shree narendar modi ji avm rash,1
31615,mae apk ley apk famili ke ley hamesa pray krti hu lala jaan bboohhhoott khubsurat bboohhhoo,2
37413,ahem r u stupid 😂😂 u pretend mtlab ham nhi jant tum chor kitn imandaar ho jo,0
20346,aur bjp join kart hi kitna hi aatankbadi bhrashtchari rapest kyon na ho sab dudh ke dhule ho jate hai nan,0
17455,kya problem hai parchun ki dukaan main koi kaam kharab nahin hota jabtak woh illeg na ho make fun nan,1
7702,shri narendra modi ji pranam mai aap ko dekh kar bahut prabhavit hua hun mera man aap se miln aur aa,1
35767,new album sound sooooooo good fuck tonezon realli like “ night ” . love melodi nan,2
12581,47 yh hai isk samn jcb ki kudai kuch kaam ka nhi hai nan,2
22653,khushkhabri free free cit 4r male ( 10th pase ) e c ( ladi 12pase ) nic hona lazmi hy mahdood seat savera institut 3013461454 nan,1
44715,rajoelina maira modi ji se nivedan ye appki jeet ke sath bhagwan shri ram ke bhi jeet modi,2
28883,first space movi hai bc aur ye bc ek poster nahi de rhe launch se lekar mar ke ch,0
15721,hello delet orgasm tweet zyada khushi ho rahi hai toh bhagwa chaddi anchor kar nan,0
27270,sumit ye sarkar berojgaro ke nan,0
10489,chotay chor hi kal ko daku bantay hin zartajgul reprimand yeh kal ko nawaz zardari na banay,2
29120,time tomorrow insha allah y'all see 5m hug 🤗 0 trophi 🏆 7 loss 7 straig,2
13610,khan sb opposit k jalso pr pabandi lagayei media k pass itna ziyada time hei jo fazool bakwa pr kharch kr rahey hei nan,0
11043,mujh bhi aaps bahut baatein karni hai also cute haha thank much ❤️😘 milo mujh 🤗 made nan,1
31667,question kaah pucht ho opinion hai kya bc direct bataat kyun nahi nan,0
34882,woh dusri evm kha se aayi uska toh evmhack 19 lack evm kha gyi ? ? ? evmscand nan,1
37146,tum jais sonch waal patrakaron aur netaon ke kaaran musalmandalitgareebadiwasi ko vote bank se bahar nahi nik,1
174,kuch media channel dikh rahe hai ki ink upar kai prakaar ke crimin case hai shame type media channel nan,0
35954,mai hriday se cangrechul byakt kartahu har nahi manunga rar nahi thanunga bal ke kapal pe likht,2
35524,sahi inki lasho ko petrol dalkar hi jala diya jana chahiy nahi,0
30529,bahi agla elect 2024 hai energi bacha ke rakh nahi pehl hi exhaust ho jayega ... 🙏🏽 nan,1
41062,ujjain aay aur famous ki kesar kulfi nahi khaayi toh kya khaaya famouskikulfi best thing ujjain & musthav nan,2
28943,dhoom seri mein swag chaiy aur srk acchi choic nhi h . # salman khan good choic dhoom4 nan,1
25319,aapan sagl parthana ch karu shakto ki pappu hach congress presid rahil istandwithrahulgandhi nan,2
8298,haa tum logo ka sc toh bohut acchi hai iss liy apna dukan band hote hi shameless person ki tarah,0
36738,boo realli sit absolut noth & like ᵒʰ ᵐʸ ᵍᵒᵈ ʸᵒᵘ ᵃʳᵉ ˢᵒ ᶜᵘᵗᵉ ᵍᶦᵛᵉ ᵐᵉ ᵃ ᵏᶦˢˢ nan,1
9772,main islam terrorist ka bola tha tere jais jihadi ko mirchi kyn lagi tera bhi hua hai kya halala nan,0
38669,🏆🔟💬 goal la é cima import career 🤩 reliv unforgett night lisbon nan,1
7639,shatram arey ye meri didi depress ho gyi 😨😨😨😨😨 bechari chlo 5 din rr band hoga aur ye tweet kuki mjh,1
23118,ab bechara dobara train mein chadhn se bhi darega sad hear news nan,1
14155,awww thank love roz 's kind x nan,2
25451,mast news hai baba waah modiji waah desh ko duba hum tumhar sath hain 😂😂😂😂,2
20881,hmare yashshvi desh ke pardhan mantri shri ji apko sapth samorh ki dher sari subhkamnay mujh jaisa h,2
28886,co best awwwi thank youuu uwu ♡ nan,2
21100,ach se padhai kar new chapter life < 3 nan,1
15927,aur inka captain keh raha tha iss world cup sabs strong team ye hain 😂 nan,2
30808,unko koi nhi dekhna chahta phir bhi ye expect kart hain ki wo jeet engay rahul gandhi pehl bolna,1
21793,guha boot lick nehru congress ur degre u serv well destroy factual histori n,0
34978,ah okay follow say much joke tha saal nan,1
42671,ekdm correct ✅✔✔✅✅ ekbat wrong ha meri breakup ke bad meri mom friend mujs kahi thi ye bat nan,0
12080,respect madam ek hi dil hai kitni baar jitog jai hind 🙏🏻 inspir nan,2
14175,pak maza aagaya aray bilaw ko kyu nahi mara kutt ke ba,0
8793,fav ram bhajan “ sri ramachandra kripalu bhaja mana ” .. chant ram naam bring kripa & shraddha-in true bhak,2
359,ahmad884 1971 😂🤣🤣 lulli hoti nahi khadi baten karalo badi badi,1
32591,karrr aw yeah stay home good lol nan,2
19038,jo jis layak hota h aisa nhi ek chor ko samn wala c,1
30480,memon taubaa itnay veley log hain jo py b issu creat kr rhi 🤦‍♀️🤦‍♀️ kch ni ho skta mulq ka nan,1
31927,pritam ke suro ka jaadu pahuchega anand raj anand aur judg ke dilon tak srgmplilchamp par sat-sun 9 pm shaan @ … nan,1
20528,chan kithan ataullah khan amaz chan kithan ali sethi beyond awesom video give feel nan,2
12794,💕 good morn rockstar papa ji 💕 🌵 plz bless sewa sumiran parmarth ka bal 💪 bakhshna j nan,2
26267,hiiiii luke 5sos u see tweeet ! ? ! ? ! pleas click follow button make day happi pleas nan,1
42451,women power smriti irani ko dher saari subhkamnay proud u mam hargharmodi ✌️✌️✌️✌️ . @ smritiirani nan,2
7170,ddl ca no060011340068 ca aur pichl 4 dino se baar-baar power suppli cut ho rehi hai su,1
40708,maza toh jab hai ke haar ke bhi hanst raho hamesha jeet hi jaana kamaal thodi hai verdict2019 nan,1
8452,siddiqui pura sarkari hai ye siddiqui musalmano k naam pe rs saansad raha hai aur ye b,2
13730,f ahmad acha batao ahmad voh ladka jyada pyara hai yaa main ahmad aap f heheh b voh jab mahira ko jyada pyari nan,1
5817,mamtadidi yeh ranga billa ki jodiy aeisiy chalak lomdiy jese hei ke khud kucchh nahi kareng onliy bholi publick ko,0
18693,thank friend ❤️ realli look forward resid 🏴󠁧󠁢󠁳󠁣󠁴󠁿 thank make feel welcom eid mubarak 😊 nan,2
10625,priyankacraina thank babe 😘 n't even know much wish mean 😍 wish rai nan,2
17565,marja bhosdik hope driver would sallu bhai nan,1
5762,ab bsd k kisi ko jalan nahi hoti koi nahi bolta inka bap nahi mara na isliy ko,0
31360,sale kute ye chaht kya hai inko ye pata nhi k india rhne ka haq jitna tumh hai utna h,0
31636,shabash india dark age mubarak ho hour lynch one blood-curdl indian short documentari nan,1
26830,man halka karl 5 year strong 😂😂 nan,1
38267,abe chutiya teju tujh bda chutiya desh koi nhi h sabs pahl tu khud sath chhoda tha ab kisko,0
27903,pakishtan player ko rooza todana hai isley jaldi ho rahe hai pakvswi worldcup2019 nan,0
15841,khiladi pata hai congress kahan haari yahan 👇😂😂😂,1
26874,soul jais ki wajah se accid hote hai ye nikal jayeng nan,1
18906,pakistan se bada pakistan toh bharat hai uska kya gandhi nehru ne jo beez boya wo bahut bada ped ban chuka dekh,2
9826,namooney vanshavaad ka matlab ye nahi ki kisikey bachhon ko mauka naa miley vanshavaad wo hota hai,1
33223,asman bc tujhi payr se samjha raha hn tu kuti ki trha bhonk raha inta mard hai randi k bachi,0
18965,15 minut hold karaan ke bad sorri avail nahi hain 😭😭 nan,1
22939,veri exil aaj b hamar desh kabilon ki kami nhi bulki unki khoj ki kami h,2
15669,pakistan shameonyousarfrazeleven tums ni hoga beta wapi aa jao pakistan ko wese hee badnaam kr rhi ho,0
18338,kia 92 k world cup mai petrol 4rs mehenga hoa tha cwc19 ptigovern nan,1
15875,narendra modi ji jald se jald pure desh mey sharab baandh karwaeey iss desh ko profi,1
5198,jerri ghr mae best hti ha bt ab bahr ka arda ha nan,1
955,thicccccccc xd ( confirm dare 'm one wit hahaha . ) nan,2
33894,hurt anyon feel u think missionari sex inher bore bad fuck ppl u like nan,0
6368,ok date ramdan hala even sahor nan,1
32757,👍👍 gd mrng mam wish happi apara ekadashi 💐 ekadashi consid bodi & mind purifi nan,1
8850,respect madam woman child depart wish happymai apki jeet ko dekhan ke li,2
28250,percept realiti darr aank ka hota hai hath ka nahi nan,2
37709,chutia adil abbasi isko pata hi nahin talk paid troll nan,0
16357,dear dakho wish nice day fulli great emot love forget ili much r nan,2
20463,jai bharat congratul p modiji ke uper pura bharat ko viswa hai p rajpurohit 9949436427 nan,2
21695,surya believ system kam ki cheej hoti h ar hindu muslim ki baat h,1
6018,happi end 😍😘😘 sad k inta zabardast tv serial end ho gia 😥😥 hat iqra aziz nd imran ashraf amaz inc,1
25419,feel like someth wrong liter noth wrong hahah fuck nan,1
13510,mufazz sumaya aimim mr,1
18924,bhnchod sale ye bhe tere trha marengi hram zado nan,0
13009,khan sab jumah tul widah hai aj bohat mubarak din hai ye mubarak din py allah pak se guzarish h,2
8178,tmhi bt pe shrm ani chahy jo masoom bacho ki jano pe b sayast kr rahi ho itma drd tha,0
21957,avra sir aap shayad sirf khudko hoshiyar aur baakiyon ko bewkuf samajht hain bjp ram ka naam lek,0
497,scratch kfc ke bhi auqaat nahi rahe today 's defeat - pesay doob gaye sarfi ke chakaar main andaay,0
36840,phir kyun likht hai ye sab ye chu chapt log 🙏 nan,0
14643,honour part icon histori india heart pray glorious safe futur india led @ … nan,2
15472,ghuru ghantal hai saala bhagn ke firaq hai uae jaan mat dena chhodna mat sahab pak,0
36336,yahi problem h maim isdesh garibi sirf social media par tweet krke speech dekar khatam ki,0
42507,jo islaam maant hai kuchh bhi ho malichh bahut hote hai wo kuchh bhi ho sakt hai manusya nahi ho sak,0
14661,neither feel bad someon call deshdrohi traitor gaddar becaus agar bapu ji ko deshdrohi traitor gaddar nan,1
28780,rohit sir ye congress ky chautu suru ho gay gyan paylni may ki sabsay bada 🦉 baba ka chatu kaun hai nan,0
41575,sharma4 's real andhbhakt rahul gandhi pappu ke fan pappu hi raheng tumh ye nahi samajh aata,0
11730,ind good final got discuss anyth tum jai,1
36206,ye log kiun apna mazi bhool jatay hain 1999 k final par shak bhi kia gaya tha aur isko banglad,0
7580,shatrughan sinha / yashwant sinha / arun shauri ye log sabs bada bewkoof aur moorkh,0
13437,america ne ek trf iran dosti tudwadi aur ab hums import krne ko b tayar nhi dotarfa mar pad rhi h,2
15353,khud bi pakistani hon aur khud ko bi shumar krta,1
18159,ka beta bhosdiwala dusr ka tweet copi karta hai tweet chor sale madarchod ais follow nhi badheng nan,0
24696,😊😊🎤🎼🎵🎶🎤😊😊 beauti song [ 😊 shital goswami 😊 ] sing rab kare tujhko bhi pyaar ho jaay alka yagnik udit,2
26431,aur shikshamantri usei banaa diya jiski khud ki degre fake hain fake degre dhaar,0
28267,bajrangi bhaijansultandangalchennai express happi new yeardon-2dabbang seriesk,1
27766,aaltu faltu bahut se bollywood / bhojpuri / cine actor neta ban gay sirf fan follow k dum par hai,0
22992,doklam jeet ke real hero hai ye think esi liy sushma swaraj ji ne apni jagah free,2
40640,pakistan sai hindu jais gayab ho gaya wais india se muslim nahi hoga kuch chotiy hote,0
26854,kya baaat hai desh seva ki bjp samil hue tmc ke 2 vidhayak aur 40 parshad ab didi ke gund nhi desh sevak kahlayengy nan,1
44137,16 seat leke aya 17/17 la bhi nahi paya upars bjp ka 1 seat equal ke naam par le li,1
24245,modi ji kah rahe nai ki minor ko ab tak dhga gaya minor kabhi bhi bjp ko vote nahi deti jinho,1
26334,yes love moment chak de much nan,2
15553,bahut bahut badhai priy modi ji janta jis bharos se aapko chuna hai unka dhyan,2
19209,u pritti im ugli kis gurl alway sad lol nan,1
17123,42 - love much strong funni beauti alway protect & marri,2
28174,extrovert sidhi baat h nation k name pe logo ne modi ko vote kiya na ki bjp ko nan,0
23844,ye kaafi hai ki ham dushman nahin hain wafa'dari ka daawa kyun karen ham – think someth nan,1
28495,jab sale lagti h tab rakht hei jab khud ka kaam khatam toh human explot kart hein nan,0
41112,ye h pappu ka jalwa kismat h footi h laund ki suji ji nahi gaya campaign par,1
33689,aaj agar atal ji hote bhut happi hote hum sab bhi aur doubl happi hote nan,2
30335,jagan anna would like see tuck ( sakshi tv open ) regim apcmysjagan nan,2
29419,sir ab boln se kaam nahi hoga mamta aur owaisi par lagam jaruri hai ab desh ek k,1
26204,love chris prather 😂 ga woman fight babi stupid th nan,2
24450,hamar manniy pradhan mantri shree narendra modi ji ko bhavya jeet ki hardik subhkamnay 🙏🙏🙏 jai shree ram 🙏🙏🙏,2
30128,lekin ganga maa jab bulati hai modi ji jaat hai anti nation,1
9359,coin pair denteth run coupl minut dent went 3.66 % ↑ ! might good short term invest nan,1
2763,abhi samajh aay thik warna badhao bhaichaara jisk pass chaara tak k pais nahi unk sath,1
20645,wengal ab mamta ko nhi bjp sarkar jroori h ishwer kirpa,1
11330,life jhand hai jcb ki kudi badi mast hai 😂🤣😂🤣😒🤦🏽‍♂️😭,2
29436,tu aaj wake kitna juuth bole gye modi g dd newz dekh rahe thi tum kyu aapna samey baja rahe,0
11263,still electr ... . ? ? kitha ibadat kr raha ho wapda walo sadi neind kharab kiti na .. @ dcrawalpindi nan,0
11099,54 hate countri aatank vadi countri ko kheln hi nahi dena chahia ye india ki bh,0
23935,mahatir moham need protocol topi drama hous allah doe need take famili extend famili & bil nan,1
12449,70 % chanc isika fayda milta hai eid samajk acha book hota h baadem pre eid v ho sakta,1
28331,bilkul sahi bole ratnesh bhai chor chor mouser bhai theofficialsbi inhon reply dena bhi munasibh nahi samjha,0
19500,dada ye budget wagera koi kaam nahi ayega jab tak aap log educ system nahi badalwaog,0
8206,dramebaaz yeah want power anyway msg dhongi perfect 👌🏻 nan,1
43588,shafiq7 iski ais hi gaand fati h sale darr se danga v nahi kar pate qk pata h k modi h gaa,0
5836,fox29goodday mama mon shout put happi 81st birthday mama love ya moon n back love crazi daug,2
24727,yhi h bjp ka asli chera jo pichh kert h nan,1
39960,salman khan mega entri risingstar3 aisa entri koi nehi le sakta love bhai abki baar 500 cr paar bharat nan,2
5399,uditraj bat ki jyada nolleg tumko lagti h tabhi boln bilkul bhi sarm nhi,1
25934,inhon bss itna paddha h jitn india ko badnaam kr ske kyuki ink baap daada ki toh sark,0
45083,ez k î ae per kon ... î ta de kes esto ke mi te ş wik kerdo eko bibo ez zaf benu sad nan,1
3083,'s much sticki high humid unbear bohat purana wala lawn suit zindabaad nan,2
27724,south africa kici b pakistani ka passport gum honi per new ni banta nan,1
36060,sinc last one month laila also oont majnoo pich pich 😔 bhav hi nahi de rhi bc 😞 nan,1
6196,123sms khar mubarak 😍 allah sy dua hai ap log b jald humari sath din mani 😍🌹 nan,2
30308,respect sir / madam merey par - nanu ( great grand father - subedar jagdish lal nan,1
16296,aj alsi vipaksh itni nikkammi ho gayi hai ki logo ko bar bar bolna pad raha hai ki utho kuch karo ls ki 3…,1
15304,wo baat thek hai puppi wala clip dhek bilaw andar room mai akela nhi jayega bs nan,1
26111,govt minist koi kam dhanda nai kartay aisi websit p hi minist paey jatay hein ch nab ki video b udher viral hai nan,0
8681,mera bharat desh jaat paat se mukt yahi sangharsh desh ka vika aur vishwa vika ghar gha,2
9680,bahut bahut badhai dada aap ko v modi ji ko v hum sati kk sath chale jite v,2
13676,hi vindu may india alreadi hindu / indic / dharmic * nation * . debat around charact nan,1
1570,know 's late comment tweet wan na say realli miss n,1
13492,wait 30 year hum hamar sau ensur even like modi yogi fail return power h nan,0
44692,crush us zamana imran hashmi hamara lia jonni sin hua krta tha 😂 nan,1
37951,good night guruji dhan dhan satguru tera hi aasra richindianheritagewithmsg nan,1
36429,sir fm hm eam dm deputi pm wud love see u one role presid post huaa purana iss,2
12433,iska ek hi hal hai en haramkhor afghaniyon ko nikalo mulk se bahar phir dekho kais marti hain yeh suwar afghanistan main nan,0
21354,rubika r best aur yahi hai aaj ka master stroke 😂😂 nan,1
1886,constru tum sabn modi ko vote kyu diya ... 😨 tumh meri naukri ki koi chinta nahi meri,0
4405,good morn sir self p saini krishi jagran month ( hindi punjabi gujarati marathi kanna nan,2
27539,khanji bad bro atleast gaddar toh nahin hai na jais humhar desh mein hai nan,2
7927,askstar apko jyada mja kis mein aya umar gul ko 5 choke lga k world cup semifin mein ya test,1
17716,bengal waalo ko bulaa k mamta didi ki sarkar goraan faydaa hoga bengal k logo ki sympathi milegi,2
28016,n everi career pros con point compar best make best use best philosophi nan,1
38129,shahg ek bar maenu apko shakshuka ka dedar karwaya tha 😄 rememb pic 👇 aj aftari mai isay tri zaroor tri krye ga,2
44279,karanji congress ka waqthaar media nahi jayega tho ye anchor sawal kisko pucheng,1
28201,state mind best describ fasi zaka ref haa,2
44076,sahana bahut saa ban gai aap agre asp world ki best saa ho mujh aisi saa chahiy bas ab thodi maa bhi,2
24078,lol much maar dhaad less dialogu best ye toh,1
12690,happi morn joy day nation first jai jawan jai hind vand matram hindustan jindabad,2
23828,lol eaten boondi ke laddoo age well wish got nan,1
16047,bridg 189 apki liy free hi free hain,2
1185,one india sabka saath sabka vika sabka visva,2
8498,chanda attent plis follow potatoo bhot ziada interact hy ... 💙 bomb tweet ... 💜 good humor ... 💛 bhot piyari hy nan,2
29778,manmohan modi kuch bol bhi le bc,0
19856,atalji word principl alway us act catalyst develop bharat nan,2
29353,patrag jab ap congress ki dhajjiya udat ho na tab bahut maja ata h sir ap har kar bhi jeet gay sir hama,0
44463,ye jo pakistan main infrastructur bnaya gaya hai main na apki baap ka paisa laga hai r na apki,1
31236,love much thank mga ate ko muaah,2
36490,chotu tu wikipedia hailook makeup man mat bannyeh tera depart nahi hai nan,1
44167,chutiy tu cute boliyo hi mt beizzati mt kr word ki 🙄 nan,0
24291,2nd semest ka result 3rd ka ab ye 4th ka test ki duaa karwai wo eidi nan,1
26829,sabka saath ho gayavika ho gaya appeas ho gaya ab vishwa ho,2
14779,uditraj tum log agar jit jate evm thik hota na faltu ki nautanki aur bacho jaisa rona band karo lolyp,0
42469,uidai sir wife aadhar need updat wi,1
7556,rashtrapati bhawan readi beauti welcom ji new team sun set backi nan,2
22725,jo marzi karay isay nikalain bas naa iss se new ball hoti hai na purani nan,0
13390,rhmed congress parti ne issliy aap ke samuday ko pichada hua rakhha itn saalo,1
5194,eid tk 5k yes karao 🌚🌚🌚🌝🌝😂😂 favour 😌🌚😂❤ nan,1
36095,digwijay ji ko ais hi chunaw harn ka tension ab dusra bhi tension de gya sant ne wo ye ki,1
13159,wais hume koi btayega ki rape case badt kyu ja rahe h kya intejar kiya jata h ki masoob bacchiyo aur mahilao ke,1
12788,abe oo kutt yeh kashmir ki baat apn pass rakh nan,0
30846,problem team ki nahi hain bhai team congress jor,0
35463,vipakshi neta apn aag kuchh nahi maant ye keht hain 16duni8 ye bhi jant hain galat hai par maneng tab nan,1
28262,kuch log mental disturb hote hai unko pata bhi nahi chalta siddhu saab get well soon aacha illaj karwayo apna nan,0
28700,log mi realm ki sale badu muskil se phone order kart h ye log cancel kr dete fr bolt h seller ki traf se kiya,0
39646,suck india k musalmano ki bad duaen lag gayi ramadan pakistani team ko 😭😭 hassan b gaya pakvwi nan,1
37995,desh v sabhi bhartiyon hmare pyarey prime minist shri narendra modi g ko aaj k din bjp ki jeet ki lakhon shubh,2
15041,jannat ais kisi ko kutta ni bolt ... 😉,0
22349,'' ukiona wao weka taya '' '' honor meant see shine light nan,2
28521,heartiest wish hamr sabk pyar ji new role home minist india,2
9450,pakistan hindu ladkiyo ki kidnap aur jabran nikah pe koi kuch nahi kar sakta lekin pakisan ke,0
19592,bc kon tu ? ? ? ? ? koi bhav nahi deta ato toh,1
26786,fulfil big poll promis modi govt decid expand pm kisan yojna 14.5 crore farmer itvideo,1
10738,siddiqui sale chutia tere jais,0
19242,fuck hate hate talk someth studi taught extens ( basic know nan,0
45164,mishra phir bjp ke leader vika ke bare kyon ni batat unh sirf bhart mata ki jai kaht pirt hai,0
18622,khaangressi bhajpaaiyon ko gaali de rahe hain bhaajpaai khaangressiyon ko gaali de rahe hain merey jais kame,0
28101,type marraig india 1-love marriag 2-arrang marriag 3-jaisa aapko thik lagta hai maariag 4-hamari izza,1
27041,ye sala hindustan jab tak cinema hai log chutiya bant raheng lord ramadh singh,0
765,antar atma ko bech diya hain jab tak beijjat kark bhagaya nahi jata tab tak nahi hilega lekin rahe,2
35791,sir aapk survey ke hisaab se rahul ji aur modi ji mein bhi kaant ki takkar thi aapk durveri bhi aa,1
42417,pakpass drug leta bc dope test karao 4 sal k lye bahir hoga nan,0
24724,baat congress ko bachan ki nahi hai bjp aur sanghi soch ko jad se ukhad fekn ki hai jan,1
27670,mardo se kya dushmani hai ab kya tere free ke chakkar gender chang karva le ghunghruseth 😜 nan,1
26899,maa bhale happi ga undhi,1
8261,surat ki takchsila apart ki ghatna pr dukh vyakt krta hu aur ye slah hai mera ki public place ya bde buld,1
41008,yad rahe modi firaun zyada zalim nahi aur tum mosa ki qaum se zyada mazlom nahi magar allah wohi tha hai aur rah,0
13726,srk4life waahh saal ab kabhi nahi likhunga tere liy nan,0
13451,method alway posit medit papa aap sath rh kr hume hamesha posit hi rkhna secretofposit ht nan,2
24239,swear done got tough ion care nobodi say hurt feel ahaa 😂 nan,1
13511,'s realli good decis fawad chaudhri sb molvi croroo rupiya muft ka kha jati hain chand ak,0
13803,follow saifii interact good tweet follow back 💯 plis follow saifii nan,1
3066,wish veri happi bless ramadan ramjaan month almost power celebr tabu g bollywood,2
14663,keep sir ji mujh bharosha h ki aap 2024 2019 se bhi badi jeet dilayeng apk hamesha sath,2
26539,main bhi isi gaov ka rahn wala hu kisaan ke khet ki fasal har baar kharab hoti hai nan,1
8588,bas 4 din fir blockbust bharat aan vali sub record tuteg intzar karo jawab milega 'm veri excit bh,2
19281,sarcasm samajhn wala india se lupt ho gye hao 😔😔 lagta hai unp bhi modi ne surgic strike kar di hai 😂😭 nan,1
17501,isi tarah ki ghatiya rajneeti ki wajah se bharat ki janta ne tumhar parti ke muh par thappad mara,0
43337,congratul ji desh aapka yogdaan bjp aur ab desh ko majbo,2
12552,get dhokla & fafda n't know goe eat love 😁 nan,2
36065,iss bhosdiwal ko koi bta ki ye jaat paat wale mudd se uth kr desh ki soch lete 01-feb mp ink bhi aa jate,2
39024,ism babi break beat bead sweat cheek lick fuckin neck mayb even touch feet 😘 nan,1
10299,ye 2 takk ke insan ki film ka remak karn ki koi zaroorat nahi pehl main bahut excit,0
44423,iss ghar mei mere opinion ki koyi qadr nahi 11 yo badass brother kyunki woh opinion hai fact nahi * sob corner * nan,1
21961,achi sooch hai sir allah kri continu rhi nan,2
28241,aap say hum logon ko bahoot ume hai sir jammu ka khyal rakhna sir ji special thank peopel jammu nan,2
17472,vika bahl exoner kailash kher rajkumar hirani invit pm 's swearing-in ceremoni great time aroun nan,2
22633,hahahah indefatig ? ? ? ais hi chutiyap kart raho tum dono jaldi hi fatigu bhi,0
45085,hariom bijli mantri peopl dont pay bill kashmir wherea peopl jammu pay get nan,0
5705,wo hai hi ye sale atankwadiyon k yaar hafij masud jiosama ji wale parti khandan se sale rahul chutiy atank,0
2132,wish best jiii,2
30550,mera taya pakistan cricket ka legend hai parchi lagwadeta lekin bc messi ki waje se footbal ki tarf agaya,1
31080,amit shah nay sahi kahan tha ki ub bjp 50 saal raj karegi dekha kitna bharosa hae usay evm pey aur evm nay jitaya hae - obc nan,1
34729,sexi bakoo hahaha — tagal kong pinag isipan shempr hindi 😂,1
19791,ab yeh afva nahi hai ke pappu ke pichhwad pe laat maar key eh tulsi ne ukhad fenk diya,0
43166,yogi ji se ye guzarish hai ki yeah video dekhn ke baad kripya mere ko insaaf dil le jay aadmi,1
13789,love bapa jaan hbd ilyasattarqadri hbdilyasqadri allah apn habib ke sadq aapka saya humar saroo pe qaim,2
44063,malik94 matlab iss pehl minor ke man ki aati thi major haari thi fir kya baat k,1
19360,bigot expos n number time ye hai ki manta nahi apni beizzati karan se sala dalal,0
13681,kis chootiya mulk main reh rahay hain everyon buy gun use wherev necessari fuck law fuck poli nan,0
4626,sun bh ke tere jais jh @ @ ntu ko aukaat dikhana zaruri hai tere jais @ @ darch logo ko support,0
28206,match zaror dekhna dukh phr jhalna ye khel hai talent ka na parchiyo ka baserra nan,1
18579,27 shame u apna pole dekh lo ziyada log apki es beghairti mei sath ni den gye nan,0
13568,bie everi time listen modi speech thought alway cross mind “ bc ye rahul kya kha ke muqabla karega modi se ” nan,0
4722,congratul modi ji becom pm jai hind mere pariwar te taraf se hardik subhkamnay nan,2
29721,unmatur hai saal jo block kart hajn nan,0
38523,tu gaya hai kabhi mandir aur tujh pata nahi humar ritual ke baar aur aek baat bol dun,1
18601,maun vrat hai kya wais bhi offici spokesperson nahi hai toh kya hua aapk samarthak,1
13624,funtoosh hahah roz ka kam roz zaleel hote ho 😂😂 bbc dekh le koi bhi western,0
38670,tere beti ko koi gaali diya tu ko tag karn laga jab tu hamar scri,0
18758,paid tatkal fair coach look realli ugli fan respons sleep without fan dindug ch nan,0
29030,main priyanka prakash modi dada ki poti main uns kehna chahti hun ki baar mere dada ye v sapat le ki dahej,2
18147,ka kalkata polic ne cbi offic ko kutt ki tarha pitagordon pakra arrest kiya aur polic statio,2
21043,sabs chutia jaisa 54 baitha h aisa lag rha h ki koi uss pakistan ka loan repay karn bol rha h nan,0
9518,ntf aaj ke episod mam apk kolkata ke raasgol anjaan maheman ke liy 😊 aur hamr liy ? 😊🙋 tmkoc 😉 nan,1
30675,parti se maal leke bech k apni sale k record banan sa fayda tabhi h jab purani payment clear ke di ja,0
36708,great captan khail har jeet hoti rhti hai good luck team pakistan,2
42730,ka1 virodhi trp ka lagatar girt jana kamai ka koi chilana nahi rahna ye aek karan majbut malum padta hai kyu nan,1
44292,hummaren traf se shri modi ji ko hardik subh kamanayen dobara p padd hetu chunney janey ke liey,2
19786,surya swatantra veersavarkar - one greatest patriot india father revolutionari movement classic libertarian nan,2
34719,7 tu kaun hai ye aur batan ki jarurat nahi hai tere mai kitni himmat hai ye bhi batan ki jarurat nan,2
35009,modi g ko mera pradam aur jeet ki subhkamna mera aap se nivedan hai ki sabhi govern school aur c,2
3395,tumhaar pass koi news nhi h kya jo esi faaltu chize dikha rhe ho desh ki secur ke liy jo jroori h,0
39810,v ​ ​ ​⇒,1
43521,modi ji toh jeet gay lekin modi ji k ais aandhi bhi jeetan se rah gay karan bhagw,1
14182,ahhh nice may allah grant salah mane everyth next life ameen life ya allah strip th nan,2
27870,yo hope best apka ashirwaad e chaiy nan,2
41411,ye dalal media nahi es parti ke dalal aur bekar neta hain jis parti ka koi nan,0
895,ez1403 ja na pakistani 🐖 pig + dukkar + kutta + suvar ki mix aulad 😂😂😝😝😆😆😛😛🤣🤣😖😖😆😆😆 nan,0
12245,narendar sir good morn मैं सत्यम कुमार गुप्ता सन ऑफ कन्हैया प्रसाद गुप्ता ग्राम पोस्ट रामगंज बाजार भदौरा…,1
13541,voh sab toh thik h par parti daaru kam ni padnii chahi 🤘😄 happi birthday coach nan,2
6633,haryana ye h polic ka asli chera esley logo ka visva nhe h polic pr kya thane,2
19604,manushya ko hamesha yah nahi sochna chahiy ki woh apn jeevan kitna khush hai balki yah sochna chahiy ki uss,1
14461,true expect low noth 's gon na chang koi badlao nehi hoga,0
7487,one jobless congresi rahul gandhi job less job koi bhukha nahi sota aaj nan,1
31769,nigam sonu ji thank appreci els concert kar lo bulana jaror nan,1
16105,12 saal chali hoyi love stori ka ramadan 27 walay din nikah shah'wan da munda ty rehmani kamiyaran di kurhi,1
14224,sirf nota hi kyun yahaan vote ko bhi misunderstand kiyaa hain evm machin ne vote kisi ko bhi daalo jaataa ek hi jagah hain nan,0
22470,shahbazkhan1 mullo se yahi ume hi vyse modi ne roja iftar band ker diya jaldi tum logo ki n,0
24598,sir aaj subah sehri se light ka schedul ziada kharaab hai har ghanti baad aik ghanti tak power suppl,1
17491,communiti # 5 warm welcom next speaker chhavi shrivastava ( @ chhavi justm ) chhavi ux design nan,2
36415,lov3 deeeead mbaku hot ohhhh 🥰🥰🥰 nan,2
4687,proud parent child daughter ! ! ! thank mom n dad said right kbk < khelo beti khelo > …,2
43444,dekh saal namo wala iss madarchod ko border pe chod k aao ye bac,0
22251,practic plan ki jaggah ye paenyakkian krti hain ye bc ilzam saara captain py,0
22639,shit jus look right kud b wrong 🤷🏾‍♂️ nan,0
14485,best hai wais b roz sham ko sirf anchor ki beizatyan khate the5 saal tk kisi b spokesp,0
15727,app ko bhut dher sari subhkamnay mam time favorit minist nan,2
15193,kabhi kabhi sochta hai ye dil k sirf ye social media use karni meme banay aur enjoy karni girl k sath batein karn nan,1
7723,one favorit photo way sham use app wallpap 🤪 🤪 🤪 🤪 🤪 🤪 🤪 🤪 🤪 🤪 🤪 🤪 🤪 🤪 🤪 🤪 🤪 🤪 🤪 🤪 ☺️…,1
33456,happi birthday fatima ❤️ one loyal friend & old friend 😍 pubg lover 😂 mere sath ak game nae kheli 😐 tre,1
9251,127 crazi day haha super cool meet 😊,2
41022,zara lynch pe bhi debat kar lo q ssrkar bant hi lynch bad jati hai nan,0
28745,narendra modi jee apk jeet ke bahut bahut badhai sir ham aps narm newedan kart hai ki app student per iss bar jayada dhayan digiyega nan,2
28864,kyuki suru se hi waha region ko bhadkaya gaya afso nation parti congress kabhi ishka virodh nahi kar payi nan,0
13588,kashyap,1
42993,sadji kisi ne bheja h apk liy,1
21787,“ bete shiqayat karn ki bajaay mehnat kar ” ip ilma afroz hero 🙏,2
15140,two chowkidaar bhi ek post hai ji aap ni samjhog bina kissi moh ke bhook rehk bhi shor machan ka maza 😎 nan,1
18428,kuch jamini taur pe kam karo sir paid news kyun chalat ho himmat hain bjp ke khilaf bhi patalkari kark dikhav nan,1
15099,afraid refresh imaan ramadan almost gone empti lowest feel like smth bad g nan,0
15022,bjp ke raaz mei kbhi light nhi gyi bc yha congress waaley roz light kaat rhe hei 😡😠 nan,0
18392,se saf hogaya babaji hindu muslim kon kar raha apn bola tha kutt ke dum ko 12…,1
37866,educ polici ke document pe aur kuch fact likho good job fact nice work precis nan,2
21791,krishan pata nahi humaar desh ki saari court iss samay w bengal ki haalat dekh kar kyon chup chaap hai h,1
20127,itna badi ho gayi ho shaadi nahi hua tmhara koi chooa nai 😜😂😂,1
29354,fine touch feet indian hon presid ram nath kovind sir india hon 1st ladi smt savita kovind 'm,2
20722,yeh mere ghar wale generat pae tv kyun nahi karn dete yrrrr nan,1
13158,phir bhi ye journalist en logon ke full presser dekhatay hain chor se haat milana fakhar samejt hain,0
28191,ye sb topi drama awam ko ullu bananey k liy pti ki govt sarey wohi puraney chor mo,0
3907,adaraniya narendra modi ji ap hi har bar hamar pradhan mantri bane sir hamar desh ko jansankhya niy,2
15013,kaun hai plzz ek name bta jo congress mein ho say rahul,1
36753,ham janadesh ka samman kart h aur shri narendra modi ji ko badhai dete h aur ham wada kart h ki vijay hansda ke r,2
12021,main pura desh apki jeet ke liy apko bohot badhai deta hoon nd ummid karta hoon ki aap agl 5saalo,2
16989,gandhi us harmkhor ka naam hai jo apn bahbaai ke liy kuch bhi kar diya angrezo se dono gal pe thapad,0
21266,wait sometim save emot till june 16 mauka-mauka way 😂😭😉😅 nan,1
39089,congratul sir ab hindusthan jag chuka hai ye hindusthan ko age ap hi lekar jayog hum apka sath main jay hind nan,1
5127,abb samajh ja aur ye gandi raajneeti karna chhod de janta ne bhi nahi vote diya tujh,0
29410,hamar intellig miya agay hei 😂😎 ab ye bataw kiss hate kart ho 😈,1
24196,kya ghanta rite selfish man spoil son 's life 's becom sadhu dedic life allah,0
21899,najar east africa love stay strong nan,1
9127,yie yie 😂😂 nan,1
44897,officiel congratul sir happi ki aap hamar pm bne dil se welcom kart hai aap k,2
14583,sarkar imaandaar chuni thi lekin ab imaandar nhi reh gyi sir warna aap 7seat pure nhi hart pahl jais wais bane nan,0
2363,gaddar loag bhi ajib hote hain khate hain ghar ki aur help kart hain padoshi ki ye abdulla mehbuba consress ki paidaish hai nan,0
21846,24k yourdad sala bhan ka land tera gand dam nhi hai k nan,0
44077,end main ye matter nahi karta ki kisko offer hui thijo celluloid pe chhapta haiwoh hi dikhta hai rk ki b,0
5039,shri narendra modi ji aur naveen patnayak ji ko jeet ki bahut sari subhkamnay ume hai ki modi ji farmer ke liy,2
11982,luv ayushmann - tire depress 😓 see cute pictur - khush tandarust ❤️ ayushmann sirf aap hee nan,2
18866,jyda gyan na pelo aur democraci ka majak udana band kro thoda competit dete aur ye baat bolt thi,2
38884,love angel cute angel 😍❤😘💕 sweet mummi 😚❤ n 😒😏 🌹🌹🌹🌹🌹🌹🌹🌹🌹 subh ratri priye ninnikaangel nan,2
13627,sharma hahahahaha bc sonch main dooba hoga aaja sharma laundey scotch 🥃 marega bc 🐷,1
13977,dada ek hi dil hai kitni baar jitog jo hua uska,1
12118,sir bar agar elect mei khde hue nhi jeet paog koi nhi dega aapko vote kyon ki aapn apn,0
32701,chang bro bc desh ko desh ne khud bta diya ki bc yhan k log sudhar sktr bc,1
32367,@ __0_____0_ rathor hardik thele wale ke boss ki okt ye hai ye dar hona chaiy aur bhindi timatar bc,1
12823,exclus censor report bharat world class word like movi year best perform sunney ko miley ev nan,2
29451,left ka karog samarthan right karega fail lega apn hath pich dege pel nan,1
26944,santi papistan bana hi gundon ke dam par tha terror ki ilava kuchh kiya hi nahi papiyon ne,0
34732,outstand look bhau god bless best 💥❤,2
5500,prathamtah aapko pm bann ki hardik hardik shubhkamnay modi ji aap bharat ko digit india banaey,2
36937,fatiiiii aur batao ajj b usi stalk krti ho 👀,0
29319,2011 wc mai india ke jeetn ka main factor no4 yuvi hi tha bhut right balanc tha us time ka toh ..…,1
42484,yarr swara jese idiot ko hamara desh kese dardast kr rha hai isko pakistan ke koth per hona chaihy w,0
30804,construct main reason come back houston much shit everywher nan,0
28357,happi birthday mahn fire jamz ! ! ! yeyooo pbg e nan,2
17503,harami ko koi samjhao ki iski hi baat karri hai wo ladki thark,0
35825,offic extrem excit share sh anurag thakur ( 4th term mp ) taken oath minist state pm nan,1
13821,n't even put effort win niyat hi nahi thi disappoint nan,0
23940,happppppi belat birthday mahnoor khush rahain sadaa 😇 nan,2
16377,sirji ek aap hi ais mp ho jo dil se janta apna mant ho dil se kam kart ho apko rajneeti ka moh n,2
5134,possibl sabhi situatiin ko dkhne ke baad nd saari logic chz ke result ko jaannn ke baad aisa hona chahiy ya n nan,1
9367,kuch seekho ye attitud chaiyai agar world cup jeetna hay,2
23445,ha ji sahi hai purn parmatma kabir parmeshwar hi hai jo ham sabhi ko yaha se satlok lekar jayeng nan,2
18788,ajj kal tatkal ke naam par ralilway janta ko dhokha de rahi hai pata nahi kaun ticket nikal leta hai,1
6572,tum hindu kahlan ke layak hi nahi ho kya sanskar diy tumko tumhar mata pita ne tum kya ban gai,0
35563,fiza fizakhan abbey khassi tera nikalega moot pehl mujhs mil le aagey kaun kis ki mc bc karega peh,0
10296,bae1 babi love moon back moon ye kanjar khana zameen tak hi rkho .. ! nan,0
43190,ok look great take word khus v rooafza back 🤣 nan,2
14421,knjri k bacho apni mulk ki govt pe bhonkna band kr k pak k aalmi sazishon k bari awaam ko btao,0
18874,wait mom work place untidi cant u see arey chacha wait nan,1
26924,mirchi abay bhosdik chutiy nikal idr se daali ke bachay ghasti ke salay lele ye tweet ja ise rt,0
23836,stayaway west indi k newzealand ke 421 run ke bad pakistan team ne awam se 31 may ko barish k liy duaon ki appeal ki h nan,0
3828,america great countri alway great countri think way fumig,1
35360,tri gloss heard good thing say love balm dotcom,2
27562,bahut bahut vadiyaan ji ji front cover vogu magazin ji swag stylish fashion icon esquist look,2
12817,train 14707 coach attend nahi hai toilet mai fan band hai obh staf,1
19312,ek say barh kar ek hain zaleel kara kay rakh diya hai parchi aya tha centuri bananey ek apney l,0
17566,mee dhan pic toh fake hai aur locat polic khud track karlegiuska koi problem nhi report kar abhi acc,1
23563,जय श्री राम वंदे मातरम bharat ke yashasvi lokpriya pradhanmantri manya shri narendra modi ji ko ek bar pune pradha,1
23298,tu pagal ar teri call peac communiti congress ke presid ke bail hone ke bad b unko suppor,2
23179,want freak wan na see free hoooo nan,1
15624,isko gay bolk tune lgbtq walo ki insult ki hai nan,0
24562,think best featur free servic need 'm happi long system adequa,2
15833,aur hamar lakho kashmiri pandito ko nikala gya tha tab tumh aesa likhna mehsoo nahi hua paper,1
15564,jeet jaega l pool shaa allah nan,2
32907,well done anchor anjana om kashyap proud owasi ji,2
37585,good morn sohn satguru g thank give beauti day bless day spend ur yaad,2
18907,agar bjp walay dalal bolti h rahul gandhi congress presid bne rhe taki unko fayda ho,1
16510,ok tell civil kitn advanc hain ap log superpow 🤣😏🤪 nan,2
21935,oh tumko bahut taklif horaha hai ke rahul bana pm nahi ban pay koi nahi main suna ki rahul bang,0
38180,know hurt miss someon ca n't tell way pray pray alway pray nan,1
36545,much ab sare tweet arsal ke support 😠 jab jiya ka man nhi wo chai nhi bana sakti yasit ke liy,1
16975,sir koi solut nai hua ha abhi tak call aai thi mera pass nagerpalika ki unhona kha apka civil hoptl mai hoga bu,1
18739,[ kaleem051986 ] sing main hoon hero tera p balasubrahmanyam & lata mangeshkar incred voic,2
34448,har maa ko apna beta pyara par koi hadd 😂😂😂😂😂,1
15606,bilal give emoji ❤ love 😂 friend 🙈 crush 😒 hate 🙂 nice person abi band kro ye chutiyapa 😡😪… nan,0
18114,hobi u tweet say pick line u hehe nan,1
9893,jaisi k aap logo ko pata h ramzan ka aakhri ashrah h ba barkat raatein hein duaaon yaad rakhein allah aap sab ki nan,1
27832,anyon els wish howard still kse ? ? ? man love album nan,1
42062,lucki modiji prime minist god bless sir yogeshwar bhagvan sadaiv,2
20942,modi ji prakash javdekar better suresh prabhu lagta hai account rakhana padega modi ji se sa nan,1
15027,pm modi ji lalru mandi pin code majra post lalu jila motihari madrasi mein rehn wala hamar gaon mein panchayati g,1
6716,yasir sab citi ky log bachyon ko bahar nikalya sy mana kartya hyan kharab na ho jayan sailkot wo ci nan,0
23016,kumarji tum baaj nahi aaog bhai ab 2024 mein bhi modi fix hai kyu apna naam kharab kar rahe ho ... …,0
18202,court wo modi se pehl bhi ja chuka hai 5 saal feku ne k,0
42038,hahahahaha sir account delet ho gaya hum apn investor se communic kais kar payeng nan,1
14594,bhikari ki aukaat bhikari ke barabar hi hoti hai galeezo beimaan aur corrupt h,0
20759,said ki jcb khudai k kaam ati h yha dekho bhrayi bhi chal rahi h,1
20650,call ugli girl ugli harass fact itni hi self respect hai ut patang harkat band karo aur,1
28756,bjp manuwadi parti hai mandal commis recommend ke virudh atmahatyaon ka jo silsila savarna gha,0
29889,bahi apka bahut bara fan hun mera ek chhotasa youtub channel hai pleas bhai use subscrib mar digiy nan,1
27800,love read watch interview 🤩🤩🔥 good research fav ❤️,2
25711,mamta ko kabhi mafi nahi melegi wo sirf maharashtra main aak dikhay kutt apn,0
17432,congratul jaan 3 6m insta fam mani come u deserv jaana love u 😘😘😘😘 surbhijyoti # … nan,2
23141,2997 bc madarsachhap apni maa behen ko bhi,0
22259,mai ishwar ki kasam khaya hoon desh ko bech doonga ambani se mil ke evm program ko chhupa ke rakhoonga,1
19430,kutt harrami aurtien badchallni khud se krti hain harrami unn aurton k saath tere jese khabe ible b,0
29000,kuch samay pahl rajiv gandhi ji ke bare bole aap abhi turant rang badal liyesam gand,0
30278,cm yogi ki kanun vyavstha bhrast ho gyi hai bjp ke sare neta bhrast hai choro ki shasn hai,0
17018,kya galat kaha maan tum kuttey kisi par koi bhi blame lagay aur woh tumhari baj,0
38169,super duper proud lt mohana singh becom first woman becom fulli oper day hawk jet aircraft ht nan,2
14558,dhoom prk 208 india bhikaari level aur 26m oversea chillar highest vaala fake star bahut jhooth spread kiy pre socia nan,0
39879,'s cool pooch god bless dave nan,2
27038,sarfraz lanti deserv hate ye karachi ka bhiya apni dafa bakwaa b buht krta karma bitch ✌✌ nan,0
25050,well - cant ask sang love song interview ) easili fun fill int nan,2
15218,namastey sir sir pleas apna bodyguard rakh lopl sir monu sharma haryana nan,1
39525,mcc india india mohanasingh hume aap par garv hai aap ho asli,2
45108,narendermodi garw ese bete par appki mako ki appki mom ke sath app apn desh ki sabhi maao ko bhi support ka,2
41774,diljit paji saw shaada trailer maza ah gya paji bhut vadiya lagya nd happi nd knw,1
19285,burnol thik nahi sahi hai 😂 fund wast ho gaya samzdar janata hai sare k,0
36836,gah ye buhat hi kum us k liy kam az kam phansi aur ziada kutti ki mout se kam ne ab hum,0
41389,anurag padhna tab tak hai jab tak exam clear na ho jay exam postpon hona opportun hai bas aur kuch nahi nan,1
1462,valuetim valuelif pujya guru ji keht h ki jo insan samya ki kader kart h alasya nan,1
22062,ghtiya insan ab muuh kholo ki ye hindutva hai saal ( tum ) jais,0
11567,inc 28,1
25727,khera media hous ko full payment kare parwakta vejn ki jrurt nh padegi nan,1
35601,na na balak ais logo ki bajan kafi maza aata hai inh ban kar diya tweeter bore ho jayega nan,1
11752,ca n't wait chand raat jab * mehndi lagi gi mere hath * 😂😂🙈 eidulfitr 🌸 comingsoon nan,1
16521,r jaan ❤❤ birthday special us also birthday becoz aj ama,2
31302,_• bachi piec maal _• ( rehmat ) nan,1
16011,ye shukar h jo bjp 303 le gai warna ye harami 100 % gathbandan k sath hota tabhi kaha ja raha tha,1
27398,😂😂😂 tum except ho tjm bula lo us ko jinh janta ne laat maar ke lagbhag hata hi diya hai desh se nan,0
33415,zy wah banta tou hai aapki tajweez per lagta hay amal hoga zarur think earli loos hope wehavewewil cwc19 nan,1
41915,swaraj 1 need motiv like public life cun khangreji / arrog particip,1
24254,spread joy give friend shot win amaz pc,2
26754,kuti ka bacha ye nara ha koi khud ki hi awaz bas nan,0
31323,mukesh162 need leav aap go kapil mishra / kumar vishwa nan,1
18671,log follow krke unfollow kr dete hai ese hi follow nahi hai 😛😂 nan,1
21938,🌹 good morn almighti papa ji 🌹 💕 plz bless & famili sewa sumiran parmarth ka bal 💪… nan,2
13650,ta k tum loog phr ikathi ho kr terror start kro puri dunya mai musalmanoo pak ka nam badnam kro shame nan,0
25974,bhai sahb aap ko achhi trh se malum hai ki ek purb mukhmantri rabadi devi present pm modi ji ko ki,1
28567,cintil boycott toh bahana hai asal mai koi mu dikhan layak bacha nahi hai nan,1
11709,mat kaho dil se nahi ho wese shakal ka mjhe pata nahi aesa kch matter nahi krta 😛,1
4866,thonu v lkh lkh mubarka nd congratul mam nan,1
21941,ranjini adhu enna best team win ynwa 🙏 nan,2
35516,agr mehnat kr k haar b jaen dukh nh hoga aur na gussa ayega lekn ye log inteha k,2
25742,viswa - rohit kah raha teri khopdi etn chhed kereng ki teri khopdi khopdi nahi,0
5806,14 bc itn din se soch raha hu gaali naa du par ye behan ke l maiya ch * dane aajat hai r,0
42806,good someth never free best friend yaar ab mein tujh meme tag kern ke pais longi nan,1
6713,bhai ji ko badhai nan,2
18694,hariom ye log kabhi bhi kisi ke saagein nhi ho saktein kyon ki inki aasmaani kitaa,1
24027,kuch molana ji bhi jo apni izzat ko taak pe rakh kr muslmano ka pk,1
1682,appn kabhi kisi shahid ke famili ko kabhi bulaya nahi oath ke liy kya comparison kar rahe,0
4015,0f nope thank ) yeeeeee ha nan,2
34001,kind oppa 😍 's wrong sorri na bhee nagkkdrama kasi si ate eh 😂😘😘 oppafr par nan,1
7288,wahh chutiy wahh yahi umid thi latkhor sale laat kha k hi sudhrog kaam pe dhayn,0
27945,kisi ka ihlaq dekhna hoo ka mobil chargng sy hata kr apna lga loo ... ! ! ! dhood ka dhood panii ka panii hoo jay ga .. ! … nan,1
14648,congratul prime minist ji apko dil se hardik subhkamnay sir nan,2
23975,ilu masha allah ur ar natur beauti dear sister nan,2
12441,kaash aisa hota - darshan raval offici video indi music label latest hit song 2019,1
14811,kutto ki tarah bhonkn bhikh mangn ke alawa tum logo ke pass kaam koi nhi baat toi,0
28632,didi ka jay shree ram ke nare par bhadakna kya samprdayikta nahi hai kya ye loktantra ki hatya nahi hai lagta h,0
23707,ye kaam ara bhi cpi ml ne bahut kiya hai 1995 garibo ko hatiyat de kar unko bhukha nan,1
13109,ji ma'am vese ap jpr aa hi rhe ho kese bhul hayeng hm apko 😍😍 nan,1
27995,look forward insha allah 😍😍,1
20935,jai hind mahan purush shree narendra modi ji ko vijay hone ki hardik subhkamnay ye sabit ho gya ki jo desh k l,2
41667,ignor n't give attent dholki certif dene aajat hai rss ki tarah nan,1
31286,upar pankha chalta hai neech babi rhi hai 😶😶😶😶 apna chutiya katwa ke social media pe randi rona ro rhi hai 🤣🤣🤣😂😂😂😂😂😂😂😂😂😂😂😂😂 nan,0
14725,ind kapil ji namaskar good suggest let 's tweet didi twitter act jai shree ram nan,2
21315,ghalti kis ki hai hukumat aur foj ki media roz propaganda kare koi control karn wala nahi sirf punjabi,0
38797,sala sham tak padhai kark jais hi match dekhn baitho tab tak match khatam bhi ho jate hai bore match 💔😩 nz nan,1
13431,desh se pyar karn ka ye matlab nahi ki desh pal rahi,0
8404,jena g1 utkarsh chudail apni behen ko bol jake madarchod nahi teri poori famili,0
35554,amethi jeetn k liy bahut bahut hardik badhai desh ko aap jaisi karmath,2
25815,jhotay pe khuda ki laanat nan,1
34043,💕 good morn rockstar papa ji 💕 🌹 plz bless sewa sumiran parmarth ka bal 💪 bakh nan,2
5073,yash nahi mam ham apni matrubhasha nahi choddeng ham hindi nahi boleng kal modi aaya ham hajaro sal ki,0
23999,humor jaan se pehl congress presid ko gaali dena mat bhulna kya pata kal woh presid ho na ho 🤣🤣🤣🤣 nan,0
45001,hiiiii ashton 5sos u see tweeet ! ? ! ? ! pleas click follow button make day happi pleas nan,1
33092,18 🙄 meanwhil thank kisi ki noti ki band bajan jo maja hai kisi aur nahi 🤣 nan,2
6610,drop fav person twiiter mine raho meray liyeh yeh bandi sab sai best hai 👾 wbu nan,1
27372,salaamu alaikum wrwb pray best health & imaan bless month month syfi nan,2
28765,aap lambi race ke ghode ho 🙏 section15 nan,2
32518,koi nahi marega raita jo aap failay hai gali sunna padega na modi bus bhakto se c,1
3153,aneeta sir apk kaal bhi hm berojgaar beth hai well qualifi hone k wabjud pareekha pas hone k wabjud k nan,0
8885,bjp 2014 ki chunav kaladhan vapasi har saal krore naukari mahangai kam karn musalmano ko bharat se hatayeng,1
42556,2beer dah bikin bangsa terpecah belah taunya barang buktinya cuma begini ok mahasiswa kita skripsi pakai sumber internet nan,1
28349,shame ye log bhai bahan ko bhi nhi chhodt nan,0
30848,shatram short n simpl koi tensn hi nhi hoga na koi jhgra na koi lafda na sala koi depress nan,2
10792,aamirian batman given masala desi genr bollywood se kuch bhi nahi hota dhang se nan,1
5880,nostalgia sachin cricket rememb anthem sachin humei world cup jeetna hai ... ! ! ! cricket w,1
14613,10 good luck boy still believ ❤️🇵🇰 bounc back 👊 jb ye sonhi dharti allah ne banai hy ❤ tw wo shaan bh r nan,2
18926,aap ko badhai ho dobara aan ke liy par main yeah janna chahta huan ki kewal modi g ke karyon tya,1
17576,'s realli much true hamari bhi naiya paar kara nan,1
5608,mr narend modi ji aap hum garibo ke liy jo ye balanc h bank us minimum bank balanc ke wajah se hum garib l,0
28619,miss queen lili much 😞 hope pray fine feel love 💜 love leo,1
14588,chup kar bhadkow edit button nahi daalna hai mat daalo par aisi bakwaa baatein mat kar lund kay palak pakoday,0
17907,universe8 wo khti hain na kuttay ki dun kabi sidhi nhi hoti apka b yehi hal hai bhai,1
39250,32yearsofmrindia bollywood 's first sci-fi film - masterpiec arun bhaiya - seema didi kid & calend hawa,2
7223,allah kari ap ko b koi asa banda milay jo ap ke ankhin kholi usi dno hatho se salam peesh kro ga nan,2
19214,miss u meet papa ji love u meet papa dhan dhan satguru tera hi aasra gud morn satgur maula bless nan,1
28679,karwahi nahi ho rahi hai bar bar jan se marn ki dhamki di ja rahi hai sarkar manwar yogi adith nath cm,0
32046,chand raat eid ki excit ya shaitan k khulni ki khushi mein laugh lol 😂😂 nan,2
14534,gita padhi hoti ye nobat hi ni aati kais log hai hindu ho ke gita ni padht au,0
27714,arey yaar kaisa journalist hai yeh abhiviyakti ki azadi ka matlab hai tumh azadi hai bjp ka propogan,1
14153,kaitaa last friday ramadan may get barakah day may abl reach next one jumma ah nan,2
23861,hahahaha suji hai khair galti teri bhi naa hai ganduon ki aulad gandu hi hogi,0
37493,6 bigad gai hai ye ladki isk haath jaldi peel karao koi nan,1
44235,help dosto har koi desh mai equal ki baat karta h equal yahi se suruvat kar ke dekho jab hum badaln ki kosish hi n nan,1
44095,ess sahid bhia ka v kund nikal krr feku-dhongi k bhakto ne gaddar ghosit kr de,0
42405,jai shri ram 🙏 jai shri ram 🙏 jai shri ram 🚩🚩🚩🚩🚩🚩🚩🚩🚩🚩🚩🚩 theek sachey nan,2
34748,uditraj tumhar jaiso ko bilkul bhi sambandh kharab nahi karana chahiy kya pata kab parti badalni pad j,0
16340,base birth month song play ur funer jan airplan pt2 feb anpanman mar boy luv april nan,1
9962,sahi maje hain best wc wait home nan,2
29916,worshipp kabhi apan tweet khud v padhti ho 😂😂😂 nan,1
8272,harbar sirf nirdesh hi diy jate h ais logo ko jo asi sharab bechat h rast p lake golis uda,0
31860,mean like main yeh point bhi nahi karta bad time almost sabk life main aati hai,1
28156,jab tak jais chatukhor ko gaali na pade ; ye kutt sudhart nahi bhai plz delet,0
6936,tujh bhi bahut logo ne shraap diya hai teri lutiya bhi doobegi like dhobi ka kutta na ghar k,1
25582,dave yrrrr di kyaaa dm mei bhi thing yha bhi thing fine thik hai nd thank wish 👍 nan,2
22505,dont nothig spot consum drug either chanc law migrat worst man nan,0
34000,amir bhaijaan pleas speed karo apn ap batsman beat ho gaya ga kamd kam 145kmp dalo nan,2
22618,wish feroci power komaram bheem happi birthday wish happen year ahead 🌊 happybirthda nan,2
15859,kab auron ka sath nibhat hai log aansu ki taraha bichhad jate hai log wo jamana aur tha jab rote gum ab,1
41992,3andha sabr w tolit bal w lazim a2ul heya enqaztni mn mo7awlat ent7ar kteer becam better person w,1
12545,nostradamus predict saint rampal ji maharaj worldvictorioussaint great chyren honest reform h nan,1
7370,prof74 thank bhai jaan love alway nan,2
6020,good morn samaniya pm modi ji odisha ape jit ke liy mubarakho yea pura bharat bar ke l,2
6419,ye jo baat baat pe ‘ love kehn ki aadat padi hai na yahan thank ‘ love sorri ‘ love love ‘ love india wapa,1
16703,rohit shetti ki film content wais bhi kaha hota h bc nan,0
6150,space scienc sir find dowri case true n fals plz save young india jai jawan nan,1
24506,u ya allah accept ibadat ya allah merci us entir muslim ummaameen love much futur husband may al nan,2
8517,bie bhai respect inh bjp ko jitan ka kaam sabs jyada inhin kiya sayad 😂😂 nan,1
37456,apni honi py muj ko yakeen agya beauti process get want stay foc,1
26940,r k jis tarah isi muslim ka naam kharab karrahi heisi tarah bjp hindus ka naam kharab karrahi wo log,0
14455,buler agre 💯 ! well ok agre mentor near futur hat like realli take someon special nan,2
9748,look face face corrupt policeman ! ? embarrass,0
12640,jn khandanon ne hijrat ki apna sb kch lutwaya apn pyaron ki bay gor kafan lashen uthain unhi blk,0
35923,yogendrayadav bhai mauk dhoond ja,1
13808,54 shoaib ne galt nhi bola sarfraz waqai mota hogya hai inko agr cricket khelni fit rakhna hoga khud ko nan,0
44475,west bengal famous macher jhol .. jehadi didi made infam blood soak rice ☹️☹️☹️ nan,0
30179,comment rt spree 😻 apun ka dil bahut bada hai 10 rts dega sbko 😂😂 nan,1
13591,without himanta biswa sarma bjp coud n't push citizenship amend bill bjp push nan,1
13421,hindu jagruti ke bina kuch bhi sambhav nahi inka muqabla tabhi ho sakta,1
9718,vand mataram desh ki baag dor bahut samay baad sahi haathon mein aai jai sri ram jai hind,2
7906,madam abhi tak samajh nahi aaya congress ki itani badi haar ka karan aap jayes social media per activ,1
16374,ye sab sab bekar ki baat hai 2024 pahuncht pahuncht ek doosra pulwama attackek surgic strike ek,0
18284,mas creew slm new super heppiiineeessss dan sllu ceria ... .💖💖💖💖💖💗💗💗👍👍👍👍👋👋👋👋✌✌✌👌👌👌🙌🙌🙌 dan slm,1
26439,swarnim itihaa banega bharat nay pankh le udega tez raftarnayi soch hai har din ek nayi khoz hai,2
8101,wish happi birthday krishna sir stay,2
13226,yes yes lungi without underwear 🙏👍😏 nan,1
19411,payar bhi hua toh sala kaha hua facebook pe shyad galti meri hi thi thi kya meri hi galti hai jo sabka tha usnko,0
8212,twitter pe tou jab bhi kholo bas tum logon ki bakwa chalti rehti hai god im sad angri zindagi bohut mushkil hai aargh nan,1
2276,pick weekend anthoni smith volkan oezdimir jimi manuwa chris fishgold damir hadzov sung bin jo serg,1
39117,jo hua achha nahi hua yesa dubar na ho isaliy baki logo se vinti h bacho k saadhan saat jarur rakh,1
33154,sir iam glad see u prime minist india sirr app ha tho aj desh humara tarakki ha,1
13002,ramdev kya sab kuch ramdev hi bechega,1
39160,warm birthday greet senior colleagu shri nitin gadkari ji gadkari wish best health con nan,2
28232,sabhi ko bahut bahut badhaiyan modi ji ki leadership sab achha hi hoga indian proud nan,2
28450,bus enko hi pakdt rhna kabhi bikebotscam cmd sanjay bhati ko mat pakdna jo 2 5lk janta ka paisa 10000cr kha nan,1
39704,ur yeh dhun pakistan laya pakistan say bahir nahi lay kr gaya papri walay k / c say nan,1
22576,kas happi birthday krisna sir app ko hajaro saal jiy yahi hamari kamna hai,2
13485,// yah maaf abangku kelepasan ngomongnya ( beneran ga nich nan,1
16166,abe madarchod chal nikal chutiya sala bahen chod smith cheater ka nam le raha hain madarchod nan,0
34320,pakistan ke wajood ko khatra un se go log pakistan ka pesa chori kar ke baer le ghey ha,2
19228,le bhai tum hi bol rahe shout nahi hota chant hota hai jab explain kiya hawabaazi ho gayi ..😂😂 chal,0
1943,tu bhi laat khayeg ek din ab elect aan waala hain sudhar jaa nahi ab teri gaand mein,0
37539,payaltadvi sucid case mai teeno aropi griftar polic ne kal raat hemaahuja ko arrest kiya 🎥 watchvideo 👇🏻👇🏻 htt nan,1
19835,hey guy excit realli suprb seduct cool excit watch movi watch g,1
11340,didi intoler freedom speech etc etc let us unit & fight fascism ' . didi man shout jai shri nan,2
34144,peopl hate corrupt congresslekin ka patan desh ke liy ek subh sanket nahi congress ki gand nan,2
25445,congress aaj big zero hai koi congress ko pasand nahi karta koi bite bhi nahi karta uski baat ka kis,0
26058,ok fix lol amaz beauti smart funni jessi dean 's list ! ! ! ! ! ! veri veri proud,2
18721,bam muje vohi hi real papa lgte h bablu ji realli good news fine real papa ji .🤗 nan,1
23769,muslim youth attack hindus chant jsr latest exampl congress sleeper cell activ nan,2
22548,taseer kash bap ki iss 75 birthday pr iss buzarg insan ko jo bazhair mali lag raha ko b,2
1068,raand congress se v randwa rjd se buri tarah se haara vote denewal ko sadhuwad nan,1
16251,kuch bhi likhta ye flop director 😂😂 nan,0
23479,happi birthday jao sab ❤ today day everyth like smile big laugh loud ho nan,2
23292,yes ..2050 tak time aa hi jayega 🤓 nan,2
22235,pm modi ji keval ek achh pradhaan sewak hi nahi balki ek bahut achh trainer bhi hai unhon apn iss dusar term,2
42474,islam ka dehshat gardi se koi talluq nahi oic kashmir palestin k awam ka sath day muslim dunya k khilaf mazali,1
17745,tak apa attent get better divert awar tweet heheh lose anyth anyway nan,1
9793,laluyadav great philosoph made coreaug downtrowden & poorindian 's thought,2
13533,found new diseas call love know contagi caus gave pleas nan,2
12403,1969 aslli congress vibhajit hoker janta dal vilin ho gayi nan,0
33309,paint 40 famous indian ad hidden 1 ) tne favourit symbol ad spot 2 ) anyon k nan,1
6163,ma'am aap ki smile ko copyright kar dijiy give immens happi see smile nan,2
15771,judg pay refer krney jnab kal khan sb ko dra rahey woh kion nan,1
12576,chai bechna bhi koi sharm ki baat nahi par tere jais kaamchor nithalley vellley ko bus pappu ke 7200…,0
24155,410 bhai unk bat problem bowl toh unki without steyn bhi utni hi danger hai nan,0
20544,oh god u cute u 😍 let 's cup water someday 🤗 n't drink,2
33053,alqadi connect maan havard univers north east nigeria school pride nan,2
17665,warm birthday greet firebrand politician super star actor shri ji may god alway keep nan,2
15085,know fuss stop today good growlertogo shoplocalswiftcurr,0
19675,charachor ab jaldi hi hospit se wapa tihar jaeg 😁😁 pach sal,0
27556,india dharamshala illeg immigr identifi deport bjp chief amit shah -…,0
34254,uwu say ( oooo wooo ) even tho know facial express ahaa lol xd uwu nan,1
35704,batn ka kaam tum jese desh drohi kar rhe h dharm jaati k naam pe khud ba,0
14004,kitna bhi anti bjp ya anti rss ka jutha propaganda faila de log samjhdar hai tu chutiya nan,0
954,absolut right histori independ india inclus & secular talk nev,1
16260,aisha shahkar chanda hun tad07 awari mar ani problem ? ? ? 🙄🤨 nan,1
12657,sorri hear koi baat nahi sir desh mai modi sarkar agaya nan,2
43281,meri pyari dost aap kahti hain ke bahut masruf rahti hun aur mahinon ke hisab se sab cheezon se rahti hun,2
26139,ab tau kuch sharam honi chahiy itni karari haar kha kar bhi tasalle nahi hui modi ki barabri nahi,0
17963,mai ye kahta hun ki jo jcbkikhudayi dekhn jane ko na kahe wo indian hi nahi hai dilsedesi 🤣 jcb divid,1
20947,nation bure logo ko jhat se pehchan nahi hoti aur ach logo ko jarurat nahi jhat ya mazhab se,2
44252,krishnaa dear nikhil saw statement congratul abhishek inde impress gestur sportsman nan,2
20298,ye pictur paanch saal mein aisa banegi ki duniya dekhti reh jayegi ! ! ! ! best part hume garv ho,2
15785,chor kahink exitpoll2019 ne evm ke bina hin tumhari aukad bata di log tum jais looteron ko vote,0
5979,tumhari rozi roti ka sawal ayega nahi wo unoffici bite mil jata hai bjp spokesperson jo ho nan,0
36877,pachhta rahe hong ki hum iss jodi ke pichh kyu pad gay gujrat ke time socha bhi nahi hoga ki kabhi ya,1
9303,bc bhaag gaya phir 4daystobharat,1
26261,rt assalamo alaikum bhai ramadan mubarak aap ka 1 bhai pareshan hai eid saamn hai mea apn pita ji ki tabi,1
13934,krishnan km se km tujh jese chutiyo ki trah ralli nhi nikali iski support nan,0
856,sara masla hi band ki wajh se hai yehi fasad ki jar hai ko team nhe chalan ati palyer ka ap men hasd hai nan,1
12634,bakwa karta hey bc londay sara waqt k sath tweeter per busi hotay hein practic,0
19067,ye nahi sudhrega jhooth banan ki factori public ko kitna moorkh samajhta h jab public ke ac,0
25613,- noth world import namaz mera zindigi se v badhkar ek chez hai namaz 4daysforbharat nan,2
1674,miss beauti voic amjadsabrishahe allah un k darjaat buland far,1
13661,poem world cup 2019 victori india hokar rahega,1
569,may allah bless us strong imaan taqwa pieti pure heart good manner 🌹 ya allah give eye se nan,2
42554,modi desh ke liy abtak ke sabs best prime minist hainhamar desh ko aisa hi pradhan mantri chahiy jo sabka,2
30627,katarina entri srk veer zaara love look handsom cute charm,2
39282,rajen wish may god bless team tnm seen grow scratch dhanya mam keep rock nan,2
19222,allah pak os k dil ka darwaza kbi nai krta jo sb k lyhe ach ehsa aor dua dil rkhta ho aajzi nan,1
34181,ab gala faad ke nahi chillana chowkidaar chor hai sharm nahi aayi ais naar lagat hue,0
3217,abey randi teri gardan ko kya hua ? ? ? muft ka maal milna band ho gaya toh toh,0
33201,one song made learn guitar thank hamsalekha ravimaama tri two lead sing nan,2
13278,loooool aur bc duniya mei ek desh hai jism liber hona gaali hai nan,0
28547,mai ye nhi maan sakta desh hindu musalman ho gya h agar koi shirt 200 ki h koi 2000 ki h,1
44915,mr rahul gandhi ji bura mat manna desh ki surkchh ke jagh agr aap lgatar desh ki arthvevsta ko gambhir,1
28835,dushta aur rakcha logo ko hi ram naam se bhay lagta hai rakchasi ka b anta nikat hai amit shah,1
42351,virago forev urdu bhi chalega badsurat ladi ko par hindi nahi nan,2
30274,madarchod spur ek kaam dhang se nahi hota bhosdiwaalo bottler uclfin nan,0
31989,kabhi ka bhi ho ghanta karvay koi bhi hal inh job se nahi nikala gaya hoga uss huva kya ye,1
13189,fan never miss film jalsha movi ie fand poriya boga kand kelor kirtii fata fati nan,2
2807,welcom new india new pm mannia yasaswi friend wa hamar sabs lokpria bhayi sahab aap ko wa poor deshwasiyon ko j,2
41627,sure cricket ka crown india jeetega cricketcrownka excit # engvsa match nan,2
39040,choro aur haramkhoro ke alawa kisi ko nahi jo khate hindustan ki gaat pakistan ki,0
12271,faizi kamyabi sirf pais kmane ko nhi keht jo har dil apna ghr bna le wo bhi bahut badi kamyabi hai shahrukh khan ne nan,2
10874,sir koi fayda nahi itna load lene ka desh usi ko chunega jo hindu muslim aur pakistan ki bat karega,0
19370,96 hey guy excit realli suprb seduct cool excit watch movi watch guy nan,2
16039,happi birthday bro rab hamesha khush rakh meri umar v lag jaw tenu gurvind neeta gbu blood 😘❤️🙏🎂🎉🎁💐,2
32979,5555 nahi yar eh sala tweet delet krna paina dis gya mainu nan,1
40362,kiya hua beti bachao ke nara jo diya thaa bjp ne mla ko barkhast kiyu nahi kart ho jo janta vote deke,0
29279,ha ha ha went tweet ca n't stop laugh papa ka kehna mano agar akel la,2
28336,peopl spread hate like sach bajao ise nan,0
37210,batadena go mutra use kart ho ki nahi jais tum log islam ke baar nahi jaant w,1
37736,jai bjp jai modiji jai bsi jai dvs nan,2
13952,uppsc hue scam ka jabab upgovt ko vidhansabha elect mil jayega myogiadityanath nan,1
2350,ricardo pat ó n philip mario é ndez mariochalatetorr el chepe ardin nan,1
8860,realli like ur repli quick thank sir jii nan,2
5393,kahan mar gaya hai opposit wala asad umer aur tabaad ly ka anay walon pata chala hai tabaadl,0
9424,jcb ki khudai shuru ho gyi hai,1
21061,pooja great job 's mashaallah se good go sir modi ji zindabaad zindabaad nan,2
4410,achch muslim joot nahi bolt bolk wo sheila tweet kare thi ya kuda ! ! ! hamaari paalya log like iss joot janaa,1
7114,sir appreci work thank serv us kuchh aur achchha hoga nan,2
27987,new sarkaar bant hi ye kaam bahut achchha kiya hi modi ji ne thank modi ji saraabb,1
26080,okkkk made happi & wait graduat next year & use classroom 😂,2
18508,ram ram sir ji plg hard request parshan eye oper ya 1 eye chang plg sir yai mere fath,1
38687,rohatgi koi aur apk sath ho na ho ake sath dat ke khda rhunga apki baat ka samrthan karta hun,2
28680,ja chu ***** chohan teri 7 pushtoo p lanat kisi mard ko dhamki dy owrto k charact p,0
27691,haram khila kar hamey khud jail chaley jatey ho kitney mahaan ho tum baba hamarey itna zaleel ho,0
20142,hahaha veri funni bas dusron ka hi bio data leti hain aap bas good job nan,1
15581,&,1
38700,realli love thi,1
22064,hindi se problem hai toh marathi se padha dein divid india teach regio nan,2
28121,yeh like real sheik fake shake milk shake take make fake nan,2
13494,ram ram modi g kripa humari state jammu ko dakha humara ghr sub pada ha per job nhi,0
31284,hindu bht acha kiya ye bht pehl hi kr dena chahiy tha wais b ye godi media opposit ko insult krne ke ly bulati h nan,0
39507,pm mamata ji aap sahi bolt ho jai sree ram ram ka naam lo aapka jeewan sudhar jaayega jai shree ram bo,2
29081,shame narendra modi abl put matter womenmuslim & downtrodden peopl parliament nan,0
33623,hi mr pak pm aapan bola ki modi jiteg ham phatak bajayag bajay kya agar nahi bajay lagao,0
25999,fuck tik tok ad,0
22375,bas ek ak47 aur suicid bomb jacket leleta teri nation dress ekdum perfect hojaati ... 😂😂😂😂 pakvwi,0
9584,suman tarek sahab brought relev issu great empathi abil feel appreci nan,1
16240,thewir kuch fayda nahi inki nakami ko bahar nikal ke jab tak evm rahega bjp cheat kark jeeta,0
38861,laash hon happi birthday mani mani happi return day may allah bless .🎂🎈🎉🎇🎆🎊🎗🎁🎀 nan,1
22039,approv hour need longer least compani one thing right still underpaid,0
14366,isko freedom speech kaht hai wah chacha wah kamaal kha pdhe rss univers kya nan,0
29962,never seen one bolan driver ko gandu nahi hai never one drive like complet chutiya nan,0
2379,didi zyada chota nahi ho gaya aapka ted talk tho serious guy leav fuck alon nan,2
34290,ye kya tareeqa hai ye kahan ka insaaf hai 😣 kashmir mein zulm kr kr k thakay nahi ho tm log jo ab india k andr nhi nan,0
30153,sir bhanpur tehsil kotedar 6 rupy kg ration de rahe hai ye bhi sangyan lijiy nan,0
22493,modi ko jitk liy badhai ho aapko pure india ko biji var aavi gaya fakafeki n,2
12115,fake femin tere pas hi rakh sali tere jais kuch kamini ki baja se puri woman communiti ki naam kharap hota hai nan,0
21160,ayeshayi 1 age 18 2 height 5'6 3 fav song dil mein phool khil jay kuch tarah heart want want 4… nan,2
36978,arey tu chutiya hai gadh pakistani ka har offic kudt pe blazer pehenta hai chutiy imran khan k,0
42299,ali9 tum khud wo clip dekho dhyaan se tum jaiso ko hi khus karn laagi hai ye aunti,1
22460,thk u everyon give much love badla congratul whole team & especi g nan,2
35860,mani mani happi return day happi birthday ji nan,2
19961,offic roop prash04 deepika006 snehal,1
37624,1 sir molvi ka kuch karain pleas tarha kabhi apna bacho ko madrasa nahi bha,1
22539,patrag apko follow karn ke liy kisi vajah ki jarurat ni padti sir ji thumb automat go follow nan,2
15740,jj would happi proud see grandson sighhh 😭❤ may littl junaid continu carri torch hon,2
22632,jab takk koi sher nahi khda hoga mugliyo ka baap bnn ke tab tak mandir nahi bnega jo bole usk,1
34609,puri bhai ji ye chutiya ho gaya hai jabs isko naukri se nikala hai ye bc anti modi hi likhta hai c,0
8618,awaaz one cnbc awaaz mumbai anoth good one delhi nan,2
28808,mere perent hamesha majdoori kark meri har khvaish poori kart hai mene kabhi unk chehr par gareebe ke,2
13958,itn busi time mae bhi aapka repli yaaah dikhata hain ki aapk liy aapn pahl hain baad mae work 🙏🙏🌹🌹🌹🌹 nan,2
30578,humar desh ke pmoi shree modi ji jish tarah aap ko jaat paat se uth kar logo ne janmat diya hai ushi tarah aap se,2
30519,vn 👉,1
38088,rassi jal gaya lekin aithan nahi gaya .. @ rahulgandhi ..52 hi kari ho bjp ke liyeinch inch ki ladai karog,0
26793,lifetim ban karo godi media aur bjpig aur wo saala shehzaad ko aapa main main discusss karn nan,0
6667,omg yayyyyyi ! ! ! im glad make u happi ) ) ) ) nan,2
7703,bakwaaa much love friendship peopl forget,1
12924,iss chutiy ko kounsa mental hospit mein daalu tu fail hogaya ree tere baap sahi raka,0
22400,pm obc n presid dalit sach hamar desh ke media par lanat hai jo jodn ki bajay todn ka kam karta hai nan,1
19658,sawant dynamo 'm huge fan 😊 keep grow ( ｡♥‿♥｡ ) support n love ◉‿◉ 🤩 kabhi waqt mile,1
13553,modiji aapko dusar parva ki bahut bahut shubkamanay aap bharat desh ko bahut unchai tak le j,2
29003,verdict bb kyuki trailer kuch nayapan hai aur trailer acha bi dikha nan,1
9297,bhai koi chinta nahi nishant verna ashutosh mishra aur bahut sare congress ke unoffici spoke,1
19931,aisi ho pagal panti ki um rahti hai kejariva se 😁 . accord way empow women 🤣🤣🤣 nan,1
23235,inc happi birthday wish good health & happi nan,2
35493,asman unfollow kar mji bc kesa ghatiya insan hai tujhi bat ki bi nae sharm k follow ka,0
7338,salari aagaya baa ab super30 ka aur ek poster aa jay 2 day super30 trailer 😍 dream come true 🙈 nan,1
11942,dear saurabh ji request pleas make video emerg like video much special,1
25449,luv kryan hote hai kuch log ais tum emot ho 's weak ♥️ nan,1
13773,ijassss sabk saath karta hai ye 😂😂 main ye soch ke fb nhi diya ki iska apna idol ka koi match nh,1
6823,armaal22 ❤❤ ab bss wait kr rahi 😐 jab unh agar dikhega hamara tweet chale,1
16885,kuttey ki shakal gadhey ki awaaz ghodey ki bodi silicon bag pata nahin sir ko aisi nan,0
3013,shono 😂😂😂 exact tum jeeto yhh haro hmma tum sa pyar h pakistani team bss india k mada mukabil aoo nan,2
3985,ye khud confus thi kya bol rahi hai isko hi nhi pata hindu koi dhrm hi nhi hai,1
9338,kyunnnnnnnnnnnnnnnnn takl ko invit nahi kiya pmo ne kyun 🤣🤣🤣🤣,1
27141,book tatkal ticket ridicul 😠 irctc alway log 11 even wors today log ou nan,0
26426,parti k karya krta ka koi dosh nahi bus hai deshwas ki buddhi ka jo ye samaz na,1
17938,[ 1028 ] hiiiii ur easili one cutest moot love ur content huhu swear im gon na finish read ur au nan,2
29405,ghar look like good cook stori hehe hum bhi issi mulk main rehtey hain bhai lol nan,0
25595,haan bhai uski maa ne barati hain u know kuttiya noth u met maa .. ! ! nan,0
33627,arr abb aap kitna trigger karengi shareef logon ko yeh bjp support without fail itn badtameez,0
21905,ind screenshot team support team india 🇮🇳 & would love bethe12thman favorit,2
12821,tmc aur congress ko khatam karn ke liy bjp ko aur ladai ki jrurt nhi hai ab ye apn aap hi khatam ho jayengi nan,1
27677,amiiiiin ya rabbi al'amin jazzarkhallahu khair dua may allah bless good thin,1
13612,dola banerje happi birthday mamada banerje jay shree ram ) khali gujarat nahi balki pure desh se nan,2
14258,inc inm se kichh bhi nahi hoga rote raho chillat raho kisi ko bhi nyay nahi milega aaz sarka,0
15943,aur haan chutiy karnataka municip ke rsult bhi dekh liyo wahan par bjp ka kya haal hua nan,0
35116,sir 22654 train nijamuddin express / f khane pene ki aur bach ke milk ki vivastha ni h kripa ka,2
20797,media ka hindu muslim krna ha crime economi administr ki news dikhana politician kaam kr rhe ye bjp ke dlal 🖕🖕🖕🖕 nan,0
4115,🤣🤣 sudhr jaoo kabhi kisi aur ko bhi moka gali khane ka q har baaar gandhi famili ko hi bali ka bakra bana rahe congessio 🤣🤣 nan,0
19405,jao propos krna h ghr ly k jao propos 🙂 izzat ag bndi ko date marni ka na socho nan,2
41634,happi birthday sister ji saint dr msg insan ji bless max sewa simran parmarth,2
26306,good night dear friend 😑😑😑😑😑😑 ankahealfaza,2
20345,abhi voic kir proud 'm love modi ji final make digit india nan,2
13352,bad reali bad 15 kill model town peopl human fact butcher lanti log nan,0
19218,hayee u final 🤣🤣🤣🤣🔥🔥🔥🔥 jahangir bhai ka jalwa toh dekho 🔥🔥💅🏻💅🏻,2
35834,love everyon / l cool beh nan,2
37961,sharma abe kabhi islam terror per bhi bol de humesa hindu aur modi ke pich pada rahta hai nan,0
11798,true matter happen ca n't see amma cri unka har aik ansu dil pe jaak lagta hai nan,1
8173,baazi ishq di heart one best heart wrench stori ever read love fac,2
628,boy kiya age hy tmhri ✴❔❓⁉ girl 17❗😏 boy mine love 😗❤💓 girl 'm taken 💏 boy abhi tmhri umer hi,1
41178,gina thank u 💜 yes second day hope find give u one nan,1
11920,desh ke gaddar vo harami kejriw hai suver जो हिंदुस्तान की armi से प्रूफ mangata hai sadak ki पै…,0
35015,mean bachpan se hi multi talent insaan hain aap kya mast gaya aapnerefresh one background,2
14294,haramzada tu tera baap tera khandan zahar tere bjp wale ugalt hai aur asad sahab bar,0
38018,trp kapil sharma show fetch decent rate ; claim 5th spot week 21 ! retweet love show,1
11156,shaid tum ye pata nahi k pakistan ki govern ghareeb hai karzay talay doobi hoi hai public,1
8199,best wish world cup eid mubarak muzaffar hasan nation general secretari ljp,1
17808,rehn dijiy rubika ji bechara bada educ aur knowledg lagta h regard social media 😂😂😂😂 nan,1
15151,behan chod ne lut liya chhoda kya tyag ni ghanta kiya kya sale ne sarm aati h,0
25942,rewa ab pagla gye ho ka exam paa nhi hota systm ko dosh,0
15040,koi alem kuch nahi bolay ga baigherti ki intha kar di bibi pirni nai k govt ko khrch,1
42496,toh tab ho gayi jab kehta h “ iss time ki badi khabar modi ki maa aaj tak per bharosa ker,1
1846,bro aghar tera dost hota team phir possibl tha umer akmal p nan,1
12932,first hey good art style good sona follow ) current talk plz want friend nan,2
34509,mata develop pe jo vote milna tha wo mila hi baki cogress ki mahima hai nan,1
22276,voic ❤️ lag da nai man minu rab di qasam < 3,1
26960,ticket book 😎 set eid 🔥 silchar bookbharatticketsnow bharatthiseid bharat bharatin4day ticket salmankhan nan,1
17646,kam karn walon ko zatuk se fark nahi padta agre suppos nan,1
13324,n koi shonk nahin lekin aaj se roj likhunga jai shri ram radhey radhey jai shri r,2
17000,youni 28 may 1998 emot charg voic team scientist conduct nuclear test chagi chant “ naa nan,2
34716,dar aziz miyan thank much & like poetri appreci boost zeal & motiv,2
4845,ye parchi selfish nai chala team ka halat dekh lo nan,0
14950,bohut bohut subhkamnay sir alway pride nan,2
35758,back 100 % karat chop cold quick feel good feel good * waaaaag * nan,2
15803,pakistan ko intehai khatarnaak halaat ka saamna hai mulk ki siyasi leadership aur awaam ko iss ka zara barabar eh,1
21849,superb akala ko kikiligin lang ako pero mas madami ata iyaaak ko tulo sipon pa realli love movi ang dami k nan,2
35052,pakistani cricket team entertain team world indian polit ke baad sabs jyada content yahi mi nan,2
39611,trp yeh rishta kya kehlata hai fetch decent rate claim 10th spot week 21 ! retweet love yrkkh ka nan,1
11058,n't blaze fast presenc sab kuch tri karo aur phir wapa airtel,1
29533,savag jais social media par logo ko block kar sakt hai wais real life kyu nhi nan,1
44820,bologuruji aapk aaspaa realm x ka box hai . ? redmi k 20 seri ki unbox kab aa rahi hai love tg nan,1
41587,haramkhor ko aapn jo jawab diya wo pure din sochega iski koi galti nhi ye madersa cha,0
35144,offici offici bhaiya u r look khub sundoor 😊 love kolkata bhaiya 😄 nan,1
31727,janna mess shit n't mess lmao nan,1
21070,fauj pr hath dalo wo phir btay gi apko fauj ki badmashi hai,0
33052,agar mere hath hota mein tujhko kejriw thook chaat ne ke post se promot kark peshab chatn wala bana deta nan,0
15217,org lanat media pe ..❤ es mulaq ka bera garq es media nay kiya banda,0
21790,veri nice palsir ji mujh bhi aap se milna mai kai bahut log karyo e bahut khus hue hai k,2
19829,today wish state student thier result 10th & 12th board futur countri state jai hind jai badri vishal 💐 nan,2
19606,pray today wish peac love happi - jumma tul wida mubarak 💖 saeed,2
26217,tum liber ki zindagi 2002 gujarat phr modi ko gali say start hokr gujarat pe khtm hoti hai dukh bi,2
9601,waalakum us salam brother prayer khosh rahan nan,2
34119,melay u sdm way nan,2
39131,🌹 sabs pale apko itni badi itihashi bahumat se jitn ki dher sari subhkamnay 🌹 aps ek vinati 🙏 hai ki yadi apko k,2
12068,'s mean bachpan sy imran hasmi ki fan thi hahaha 🔞,1
19364,bharat favorit human bajrangi sultan salman khan film bharat 5th june dekhna na bhule,2
21479,rajeev mishra bda bol rha tha ki ind vs pak match band kro ab dekht hai ky krta hai tu nan,0
7626,bakolia tab toh tu start se hi topic se bhatka hua h ja ke dekh record baba kya bol ra 🤣 nan,1
13057,sir assam rifl best forc phir ek bar kashmir bhejna chahiy ink tott udd jay,0
26070,narang gggggg nahi lagtaaa agggg bc silyi machin hai ya koi chila raha hai act keht hai phir aisi backchodi k bharati nan,0
40845,sone ko jaan se pehel entertain keliy bahut bahut shukriya 😂👏👌,1
14447,bhakto ko naa gdp se fark padta hai naa unemploy k high hone se naa educ minist ki fake degre se q nan,0
43439,vasanthh thalapathybirthdaymonth 🔥🔥😎😍 21daystogo4thalapathybday 😍🔥 thalapathi birthday month special sachein movi photosho nan,1
7592,har cheez ke liy modi hi hi zimedaar hai puri baat likho koi pagal nahi hai jo tujh marega apni galti bhi ba,1
970,modi ke jitn ka asar vipaksh pe nahi padosiyo pe bhi hua hai bokhla gay sare ke sare modi akela,2
14130,ye chutiya b boln lga h k 12 ghnte ka wkt deta hu namak haram tera pakistan laal,0
24228,oh 'm sorri hear ( reader super nice 's hard grow audienc updat rate sighhh nan,1
1748,okkkk lovee one favourit person ♥️,2
26813,sadhvi pragya nahi jeetni chahiy thi aur ye tukd tukd gang vala bhi hara wo sahi hua nan,2
13973,ch * tiyon apna ch * tiyagiri band karo apn aap ko gau rakshak ya boln ka koi haq nai hai sab apn hai ag,0
28721,may conduct bad mere bite note good kunal kousik sir ne ham ko bole march 31 huva usk ba nan,2
26207,womenofcourag dhan dhan sat guru tera hi aasra great lord,2
7951,must ban onion garlic 😊😊😊 bjp walo ko kam nahi hai concept chillat raheng bina matlab ke nan,1
36041,ladi love come ulta ask stuff like work love nan,2
1657,make sure becom bootlick exact way allah apk say se masoom ko bachay ameen nan,0
20880,mayoo honi ki zrorat nahi world cup ka aik b match nahi jeeti gi team humay kinya aur irland se boht mus,1
21086,jitn interest indian hain hamar match mei utn tou ham bhi nahi hain like serious n't even give shit,1
13883,local elect bjp evm badal nahi shakti hai jab sabs nan,2
11294,dear sir pnr 2462603089 sir tomorrow exam rrb-je first time nan,1
27778,jo log honhar hote hai sawal unhi se kiy ja sakt hai aur desh ki media ye bakhub hi janti hai wo,1
14580,moment u realiz u respons 4 happi day u take life happi come insi nan,2
10171,shame zartaj gul reaction aur ye bhi kehti hai ke kia meri sister director nahi ban sakti se koi ye poch,0
26404,waisi bhagidaari ki baat nahi kar rahe humein loga dekho jais pahil bhaag kiy bharat ka,1
39060,watch punjabi movi rabbdaradio2 nice work team nice stori must watch,1
15647,💖 good morn almighti papa ji 💖 🌲 plz bless & famili sewa sumiran parmarth ka ba nan,1
24545,great time today hailey jubera grad parti thank wonder parti sheila holey jubera ole ! ! ! ! nan,2
22267,tipsforfarmersbystramrahim good morn guru g give us power 2 sewa simran parmarth nd complet mission nan,2
13334,isko lekar andolan suru kare good time connect youth form new cong,2
44567,koi chutiy ko samjhao ki india mein elect kais hote hai oh modi / shah back democrazi dead,0
20149,like youtub luka chuppi duniyaa full video song hindi duniya full song sapan aham,1
14632,tareekh ye b zror sawal kri gi jb kuch lig 1 chor ko defemd kr rhi us ki olad ghadaron ka sath dy ri thi dosrin,0
28513,apni pela pela ka mara short pitch bowl na batsman ko pagal kar dia home work nhi howa wo sannia ka husb ko kun nhi khella nan,1
13873,tre jais dalal bhadwa ko amit sah nai apna bagga hi kafi hai nall failur sale nan,0
25318,wais yadavon ne bhi bar bjp ko jitan koi kasar nahi chodi,1
38150,aayega modi hi pleas ab lagn lga h femin communism ab tums na ho payega,0
40716,great indian son welcom back kar dikhao kuchh aesha ki duniya kar na chahe appki jesha welcom,2
27482,chetan yes r right plan nan,1
7872,scindia dhanani,1
19416,jo hafeez saye ki support hai log usko vote dega nan,1
26933,& father-in law versatil & suprem talent kajol way ahead time & great nan,2
26839,congbachaorahulhatao fair yaar need rahul gandhi better bjp 😌 agar wo nhi hoga toh,0
13604,pooja hehe rahul gandhi ki fati hui langot hone se achha hai modi ka chowkidar hona tu bc,0
33492,1 jagt raho ( raj kapoor ) 2 jane bhi yaron 3 matrix 4 akira ( manga ) 5 mard ko dard nahi hot,1
44216,aisey hi paon tale ink armaan aur ye khud kuchl jayeng aab nahi chalegi ye deshdrohi wali mansikta,0
9683,media walon ny apki mistak say entertain deliv ki sath nahi dia ultaa expos kiya nan,0
42940,abus modi best friend anyway alway better keep,0
9694,namastey vav kpoper welcom glad share love vav idol vampz fandom,2
38768,photoshop ka naam suna hoga aapn tv journalist ho ye believ nahi ho raha iss trah ki fake video kisko b,1
38845,crush - wow yr tm kitni cute ho bhut acchi ho tm inner me-pag khi ka mujh patan ki koshish kr rha isko pta hi,1
30478,manniy shree narendra modi ji nivedan hai hamar paryavaran ko bachan sarkar pahal kare har gh,0
22856,aag ko khail ptangon ne smajh rkha hai sb ko anjam ka dar ho ye zaruri toh nhi shaikh krta hai jo,2
16396,modi ji jindabad,1
27789,lol lol peopl lost faith chor kyonki khandan hi chor hai bhoshri wale sab bail pe hai nan,0
12758,ab elect complet ho gye sarkar bhi ban gyi ab yogi ji modi ji u p electr paani ka dekh lo haala,1
36886,jabtak talent ka baja jeb mei nahi hoga sapno ka music kabhi sunai nahi dega dream see innumer nan,2
3424,aap sundar sexi hai gajab ki kamar hai kya mulakat ho sakti hai apna den baat kark milunga,0
36167,aziz,0
32779,babi boy ! ! ! welcom world fulton johnson ❤️,2
30079,himat hae tv administr ki jo band ko apn channel pr live dekhat hain nan,1
19315,super jodi 👌👌👌 bhaijaan katrina kaif popular coupl jodi best jodi ♥️🥰🥰🥰🥰🥰,2
26499,smjhdaar xd haha sure thank alot 🌼 nan,2
43934,congress mein bcha kya hai congress ek parwar ke chamcho ki jamat ke ilawa kuchh nhi hai,0
18718,offici yayyyyyi thank love u much nan,2
15223,hope one reason man somewher hate women hope 😢😢 nan,2
33296,teacher take attend class * teacher aaj anand ( @ befikra musafir ) kyu nahi aaya haraami student mada,1
17882,dear sir jis tarah se bjp ne jdu aur partyion ko sirf ek seat offer kiya lagta hai bjp apn,2
28151,abey bhosdi ke mulleabhi tak kisi bjp ke neta sarkar ne kuch galat nahi bola tere ched kyon,0
13774,mani happi return day bhagwan aapko lambi aayu de nan,2
32865,worldnotobaccoday sant rampal ji ke shishi nashili cheez ko hath kyo nahi lagat ye janan ke liy jarur dekh sadhna nan,2
19959,fat peopl want get slim skinni peopl want extra fat singl want relationship coupl happi one nan,0
24329,fuck team manag bc bezt krwate rehti hen hamesha kheln ni hota mujra krne ku chale jate ho udr pakvwi nan,0
40806,best bhai maar ka khelo nan,2
10788,abhi surviv thrash pilot got kill,1
19075,esi baat prr madam ek debat apk sath ka hojay dekht hai kon kitna bada chaplus hai bjp rss ka 🤣🤣🤣 nan,2
22124,tujh jaisa khud india ka loss mtlb sanghiyo aur bhakto ka loss bta rha h fir royega ki ham ( muzlim ) se nation ka pro nan,0
37593,good job sir khuda aap jese sachch insaan ki hifazat kare kainaat ke sabhi achh logo ko gand logo se mehfuz,2
26286,final heart famili .. ! ! thank,2
28934,desh mai garibo ki sarkar hai payal ki hattya kar di polic mood bhanp rahi hai kitn mil sakt hai vender ko jail,0
37637,vote de diya modi ji ko jeeta diya aur ko grah mantri bhi bana diya ab tera kya hoga keju,0
35553,ka lounda kitna bada chutiya hi tu 😂😂 btw r u born halala ? ? ? ask 🤓🤓🤓 nan,0
7595,oye begum hathi pm ke khwaab le rahe arr teri toh b b udh gaye ab doh bungalow gurudwara rakab gan,0
3587,dont hafta explain buddi know everyon proud matter,2
4825,hooooo boy shock meghan “ father john mccain father john mccain father john mcca,1
24191,tm jeeto ya haro suno hame tm payr h love u im ur huge fan love u 😍😘😘😘🇵🇰 pakistan zindabad nan,2
20453,sir ur inclus thought great ! ... bhot ach sabko saath leke chale bhot age jayng ye hindusta,2
14860,public ko ko bs fekn wale mantri chahiy mantri fekta rahe public lapet ti rahe ye public ism hi khush h bs nan,0
15488,train 54391 ki power fail ho gyi hai train bahjoi station pr khadi hai tatkal pow,1
11289,res sir sadar namaskar want see cabinet sir told develop jabal,1
19058,liter one mind b b b b b b b b b b b b b b b b aaaa nan,1
26581,tum jais jahilon ko mar jana chahiy jo zardari nawaz jais lo,0
2186,kya kahun tumhar baray tu meri jaan hr vheez mein haath agi hai 😏 love namjoon-i nan,2
13150,singh007 mum use love sabzi gavar besan finger lickin good 🙂 nan,2
8507,sheldon laav oho mat batao itna zarori bh nahi nan,1
31995,peopl consid girl use social media mean want sell ? ? ? log social media ki k,0
40669,54 look absolut stun proud pakistani pakka karanchi wala ❤️ peshawari chappal,2
42514,lot love dharam ji ! ! ! true icon never die spirit son soil alway,2
14396,xoxo bade especi us photophobia 😎 nan,1
26099,congratul hope make india 's head held high 🇮🇳 jai hind nan,2
32784,apki bat se agre bhi krta ho magar bhai meri nazar ulama ki respect sub se ziyada nan,2
38940,tumn nahi sunna sach 's ur problem u unfollow na mai tumhar tl pay ayi na,1
44587,chamch tum 72000 de rahe tha phir bhi tum logo ko laat maarkar bhaga diya gaya ab sharam,0
16000,day success salut mian sahib realli deserv fr love n respect whole nation wait nan,2
13964,mehta yes bhut jyda achi comedi + pyar + emot + fight + long-lastinglov nan,1
15323,main tumhari baat mani hai main manaya dil ko hai kais abs raho tum khush jahaan bhi ho mera tumhara tha bhi k,2
19784,kashmir beauti countri wonder famili shoot vacat hectic summer bliss h nan,2
41376,chor gunda chalu jao pakistan kutta suvar ki aulad nan,0
12290,sare spokesperson kyu hata dey 1 month k ley muh dikhan layak nahi rahe kya koi elect pahel bahot fudak rahe nan,0
18776,mam meri modi ji se gujari hi ki aapko aor 5 saal maoka de aap pravasio ke liy ab tak sabs achchi,2
18700,awwwie love much ! ! ! ❤️❤️❤️❤️❤️❤️❤️❤️❤️ daili remind u cute th,2
29520,unlimit earn money roz dhan android app – best earn app india,2
23944,god ! ! ! ! whi stumbl handl oh god ! ! ! steveolosho unku god bless nan,1
19670,maa sadqay teri cute pe ahm shah super cute ❤😍😘😘😘😘 masha allah,2
6297,gt c rahu gandi ki tarah bat na kar wo jo pm ki aukat k andar hona chahi,0
43982,love u meet papa dhan dhan satguru tera hi aasra gud morn satgur maula bless,2
15797,tamam aashiqan e rasool ko jumma mubarak ho,1
11229,realli n't see think middl class peopl like joke like shit like baba ji ka,1
32885,part =1_ hate typ peopl ke jo insan apn maa baap ko chod kr foreign chle jate h jab bhudap maa baap k,0
27549,sir jeet ke lye bahut bahut badhyi lekin jo soorat huaa usm app ne dekha hoga ki fire nan,2
3982,agar media bhee congress ka boycott karn lagi 5 seaten bhee nhi aayegi nan,0
13290,one island greatest sport success talk celebr enough history-ma,2
37917,congratul sir hamar bharat ki badhan k liy aap bilkul sahi hai aapki person,2
37248,gujarati wanderlust hamar page bhamro hoi nan,2
31988,kxh batein sedhi dil pr lagti ha jese use 💯 data 😭 nan,2
13085,koi bhi gov ayega 02-mar sal sab chizo ka dam bdhe ga hi aaj jo 100 ka hai 1 sal bad 120…,1
34814,abh toh yahi chalega jai shri ram,2
21979,yeah sure u b movi freak u fit watch 😂 dey suffer ur sick kraaa 4day,1
43645,bhook ishq ki tahzeeb bhi mar jaati hai chaand aakaash pe thaali ki tarah lagta hai - shakeel azmi,1
15909,💯 sahe dia hn mine super man hain ap nan,2
42015,nation sale khud ko secular kheta hai aur apni parti ka nam communal rakhta hai vend matram,2
18042,socha tha eid pr clear skin ho g perfect makeup hoga bohat piyari lago g lekin kambakht pimpl bh eid manan k liy,2
17687,kya karein gene lagta hai haath uth hi jaatein hain kabhi dua mein aur kabhi gale lagaan ke liy,2
14962,koi chhattisgarh ka bane kabhi ? ? ? 😘.. bhopun chamcha das 💥 nan,0
30408,agre teri behno jaisa acha maal nahi meray pass meray pass arsha ja,1
3000,tiran se tel loge mna sarkar abhi desh hi nahi pura banta aur sambhal rahaba 03-apr tv hous walon ki salari,0
14780,well perform boy thank god ap ne izzat rakh thodi pakistan ko 10 wicket defeat se bachan kely thank nan,2
43187,merit obvious nepot zartaj gul ne khulam khula nepot ki janab bbz sahi ke,0
42499,player50 nahi choti team match jeet ri hoti abi pakistan west indi afghanistan se haari nhi hoti 😂 nan,2
7870,yehi toh rahul gandhi samjha rahe ki 45 year ki highunemploy aaj hai peopl india cant u,1
6225,happi birthday g1 mrs decarlo 💜🤩 . good nan,2
33011,pakistan bhookha mar raha hai kashmir le ke uss bhi bhookha maarna hai kya porkistani terrorist nan,0
39835,person ho jaisi ho dil lattoo hojay jis per nan,1
5549,chor ne mulk ka pesssa loot kar air blue bana li ha se pessa wape lo nan,0
27512,yra smjh hi nahi ara ek cousin b sare fazol 😐 koi bahr nh niklta faida hi nahi hota ghar ane ka mujh nan,1
17408,hitman 2003 ek ek match dil se dekh tha final ke bad ek hafta sadm tha usk bad waisa thrill ni aaya nan,1
22982,happi birthday 🙌🏼🎉🎊 gaxa,1
36966,whole india miss mam aap jesa videsh mantri milna sayad muskel hoga aasha rakht hai aap,2
13173,aisa keyon kah rahe hainin shaa allah ham sab salaamat rahengen allah agl ramzan se ham sab ko mulaqat kare aameen nan,2
14768,mbharat love mom dad maa baap sabk kismat mai nhi hote hai jiski kismat mai,2
16961,jaiswal yeh thukn wala ussi khan market gang ka member hai jisko chor corrupt nan,0
12898,bilal bc har koi molana bana hua idr fitw de rha teri baji nai bhagyi smja ' (,0
22303,woo hoo 's one thing make gold 's promot sens communiti,2
42036,everyon hoosier state race weekend - stay safe - smart - drink & drive - kind - f nan,2
5404,happi diwali everyon may diwali bring new light live would like thank fan nan,2
8329,sale bhosdi ke shingham return golmal bhull gya kiya sale dekh kiya kar fir bola kar,0
20773,shayan darkstar maa di tabdili ki bc petrol 8 rs phr mehanga horha nan,0
18387,bc ko koi elect hota tum pm zarror bant chaddi sukhan ke alwa aandi mei tumn kuch kaam n,0
11835,give mom month notic go specif date time nan,2
926,happi birthday bhai pray baba vishwanath good health bright futur,1
28570,tarek fateh sb nahi khanzeer kaho isay agar isay kutta kaho tu kutti ki taoheen ho gi k,0
2590,thank chopra1 hope recov well best wish,2
14413,choic kuch bhi samajh nhi aaya tumh english seekh le thodi nan,1
43082,siddiqui,1
11052,duniya main 5g launch hone laga hai lkn ye sala ptcl broadband abhi tk apni harkaton se baaz nai aya phr keht hain k nan,0
5086,vikal scene “ naya zamana “ super hit film bless dharam play nan,2
14947,fav batsman fav fast bowler fav spin twin chahal - fav captain nan,2
17391,ye sale ko pehchan ganna ne dilwaya iski aukat kiya isk jais tukd tukd gang walo ko kashmi,0
14052,maya oh god 1403 vote 🤣🤣🤣 srk4life congrat 🎉🎊🎈 main abhi dekha nan,2
19705,piyush ji desh ko aaps bahot ummid hai indian railway china railway se better honi chahiy nan,1
22756,good afternoon sir name yadaiah iam attapur rajendra nagar big problem pleas help,1
18817,raul khan gandu jintana asabhya aadmi mene life 2 hi dekh hai bhosdiw aur mumtaj bano bina sanskar ke neta pm k,0
10913,wo khud paidal ho rahe hai ek last dono flop aur k ptani tiger pe jinda hai aur sab flop nan,0
37431,day awesom job ryan win cadet race go home second rok shifter,2
24477,angrejo ki gulami hum kyu dho rahe hain humar samaj ko samvidhan jaatiyo ki suchi hatwani chahiy govt ke ki,1
34330,saurin hypocrit actual secular ki aad main khud ki roti sakeng nan,0
24214,saal bhag yhan se dilig work saal 12th fail behen ke laud nan,0
22531,sachin pilot jindabad nan,2
39156,rt heartiest congratul ji & win loksabhaelections2019 nation nan,1
3659,south africa even tri world cup far like apolog letter cricket savban nan,0
4999,youkiss nia happi bday jit hope enjoy lit af 💯 nan,1
36576,ek mohabbat khuda ki bi jab aap pyar hote ho khuda us ek insaan dikhta par wo bas,2
30772,kya hua sir result k baad apka koi video nahi aya ralli tv debat nahi ho rahe hain cont,1
11824,mani congratul mam pleas mam pubji game ban karva deejiy jiss children healthi educ per focus kare nan,1
18139,bahut zyaada yaar log kitnay ganday aur zaalim hain doosron ki betiyon ki zindagiyan ujaartay hain,2
7097,nikhil happi birthday bhayya best ur featur project nan,2
25918,baloo haha jaha k ä nde int igen dig mb 😅 nan,1
9585,dear tum behar ho arrog ho humari wife ho toh fir sunt kyu nahi ho ek zakaa wala promo de na # … nan,1
29280,iska toh koi bhi video ya audio dekhna hi nahi hai bewakoof aadmi hai ye,0
430,u love one person gave fuck u dead - ) nan,1
9146,dhan dhan satguru tera hi aasra gud morn sohn saint dr ji bless apna v khyaal rakhna sohn g nan,2
24390,get cute nan,1
22115,walia best koi kaam ho ti btaa dena nan,1
29165,super-dup fantast touch feet wow respect mother katrina kaif bollywood,1
13978,great break news modiji kal apni mataji ke charan sparsh kark ashirvaad lene ke liy gujarat jayeng dear nan,2
23941,matlab berojgaro neanpadho ne kisano nemahilao ne hindustan ki janta ne baar vote hi ni,1
23060,n garib har har mahadev,2
40994,nadiyashaikh mere muslim bhi islaam ke kitn gyata hai ab mai jaan gaya muslim log bata rahe hai namaj sajda kahi,0
38254,ali bahi jesi hi jawan ki waja sy armi par jan deni ko dil krta ha ka kabi nai dekha eid jo,2
7195,india ko barbaad karn wale hamaar chutiy rajneta chutiy rajnetao ko support karn wale chutiya,0
39610,modiswearingin congratul modiji second term prime minist may bhagwan bholena,2
23456,ok ramjan mubarak guy world nan,2
2451,hooo ggod pleas tell im fan incred nan,1
27505,happi happi happi birthday savannah 13 year old ! ! 😳 proud thank god chose,2
24430,achha tumko bahut dikat ho rahi hai hogi bhi kyu nhi ab kisko desh drohi btaog apni debet tu dal,0
27358,hate kutta khansi cough lung get embarrass 🤧🤒 nan,1
3336,sir bhaeya ji ka bahut hi sarahniya fesla jab hamari baat sunney,1
14706,mamataarrestsrambhakt chant jai shri ram enough get brand goon west bengal assert ident crime nan,0
25411,nah wrong jhoot ni bolo hamain na garmi na sardi chahiyai 😒😒 moder temperatur best jeisay ki aj kal quetta mai hai 💙😂 nan,1
40732,3o arey baba thank nahi bolt deserv love world love much ❤️😘 nan,2
34536,india 2018 ka pata nahi aur 2019 ka classif de diya nan,1
23669,7 hour electr fuck everi singl one vote tabde fuck chootiya tabde chootiya kaptaan nan,1
2277,aksebdkrak neta congress committe ke meat sabhi member ko nay post mileg congress aag badt javo nan,1
16096,bea isk zimmedar wo harami maulana aur algaowadi neta h jo apn bacchon ko foreign mein p,0
39333,issey badhiya cutom ko product becht waqt hath ke hath poison dedia karo kyuki servicr naam pe,2
24842,hamar desh award ka bada panga hai har kisi ko award chahiy ek famili khud ko hi bharat ratna,1
22246,icc world cup celebr spirit cricket truli global anthem togeth 🏏 * way way * 🏏…,1
14013,krishna yeh kya kar diya krishna bhai yeh kamra ko gutter daal diya ab kahi gutter ke kicha,0
36126,engin allama iqbal nay aik khwab dekha tha jo pakistan ke wujood ka sabab bana nan,1
24289,librandu sirf hindu dharm ke baar mai hi kutt ki tarah bhoukkar sakt hai kyoki inko pata hai ki isl,0
16879,congrat sir bharat ki janta ko aaps bht ummid h sir asha h k aap aan wale saalo india,2
5988,sirje last hope eager await good step toward jet airway employe nan,1
19669,owaisi indian congress k dum par aag badht gay bloodi traitor warna zinda,0
19308,ye koi ghatna hi nahi media pagla gayi hai fake,0
16308,2019 gujju rubbish kumar bol rhe hai ! 😂 bolo kya ukhad loge nan,1
25981,nahi madam main nahi bolunga sidhu k lia bjp ka 300+ hua hai 2024 mai ohi 400par karayega nan,2
18669,one day join us tomorrow 10 day encourag friendship learn bg,2
12593,bilkul g ye ghatiya log abhi enko badalna hi hoga jo greeb kashmiriyon ko rs 500 kharid kar uns forc ko patha,1
19840,2288 actual agar faaltu tweet delet krne gayi koi tweet hi nahi bachega nan,0
6793,kunal tums na ho paega 😂😂😂😂,0
12156,sehri aftaar one serv like karachi sha allah karachiit alway perform role elder alla,2
22208,tu use mention kar fir main aaunga uski marn @ / mohit sharma teri maa randi teri behan randi — kitna madarch,0
20425,vahh srkian iss kahet hai gallchodda fanbas bc khud ka actor 5 year se flop pe flop diy ja nan,0
404,one favorit anoth one begin movi chhoti-chhoti chitrayi yaadein,2
34613,even ganna say wan na say 🙂 nan,1
27127,develop new bengal let rais voic togeth chant jai hind jai bangla ' . jaihind jaibangla nan,2
19746,ho gaya ho jcb meme pe ke thoda padhai bhi karlo varna ace k paper vohi jcb tump hasega jcb ki khud,1
38441,life jhand hai jcb ki kudi badi mast hai 😂🤣😂🤣😒🤦🏽‍♂️😭,1
30015,bhaisahab ko bhi mehsus ho gya h 2040 tk bjp hi rehn vali h nan,1
22221,accha hua yehi bet rakha aur kuch nahi rakha 😂😂,2
12976,maam without play singl game put countri ahead india correct nan,0
16091,magandang morn sa lahat twitter world gianssi heart quinoo god bless sml tysm muah muah muah nan,2
15024,love & support matter strong 💪💪 fight 💙💙 happyelfday yesungislov 💙💙💙,2
16924,aap logo ki baat nahi kar raha najim bhai media walo ki kar raha hu jo bina janch parkh one side news nan,2
13537,chor bail sirf imandar hi jit payega chor rahul gandhi ko koi valu nayi india n,0
35442,meeru ⠀ ⠀ salam alikum life journey allah allah nan,2
7129,parti se maal leke bech k apni sale,0
29269,right time fuck bakrichod ke aulad ke maa chodn ka nan,0
10975,coupl day ago help chta ( @ hospit ) open futur travel 2019 event shanghai great h nan,1
44725,'m tri chutti nahi approv ho rahi ( nan,0
44368,💖 good morn sweet sweet papa ji 💖 🌲 plz bless & famili sewa sumiran parmar,0
14125,agar pakistan 1 hindu mara jata hai india 1000 mullo ko katwa dena chahiy nan,0
32130,bewis chooseright ji 🌹 good morn guru ji 🌹 plz bless sewa simrn parmarth nd good health pl,2
8695,subject fail aith suicid cheskokandi life manam suicid cheskunt mana vallaki manam inka,2
20540,yaa afcos jitega bro becoes india best teem world nan,2
26383,good morn leader 💖,2
15002,singh hearti congratul vest huge respons dealt immedi nan,2
35354,istandwithrahulgandhi poora ka poora kunba hi nautanki se bhara hua hai one initi bjarat r,0
35806,surjewala ji ek ladki rep hua ye boliy dalit ladki ka hua ye kya jatigat rajneet krna chid dijey nahi,0
27706,zuzenean emango ditu hirukak biharko udal-hauteskundeen emaitzak ; hona hemen aurretiazko gako batzuk,1
39852,'s ok sir aag se kise bhi ladi ko ais comment na kare wo bhi kise ki maa bahen beti hai nan,2
11361,aapn ek iron ladi k tarah kam kiya aapn videsh tak aapana loha manbaya mam great nan,2
17456,janamdin ki dher sari subhkamnay sir maalik aapko achhi health ke sath dher sari khusiya bhi de 🎂…,2
23036,happi birthday el gee bee tea bring back,1
29313,oh god feel nan,1
1648,kab k uth gye gulshan k karobar bhi chal pare fed dog dish left last night laundri go 🤗 nan,0
43809,kisi ki baap ki jagir nhi 193 uthaya aur chang kar diya virodh karn,0
9323,best moment prithvi singh say - launda serious h total love,2
22048,ye chutiy sachm kahas aata hai bc inko kaun pchta hai ye sb madarchod kch pta hai nai aajat khudki chu,0
4712,pleas apn bachon ko coeduc colleg admiss dilvaya karen ye univers aak yahan ka mahol kharab kardet nan,0
10276,modi chori kiya hei sala sovi e v vvpet machin vote kiya huwa list sob mill,0
14831,4- jabki main nokri karn wala person tha 5- kisi ko nokri se nikal de ki tumhari jyda sallri,1
11771,inc maa k lodey 6283347818 haiga mera phone kr lvi fudu saala bkwaa maari ja rea loda nan,0
7538,agha coward nehro 's remain & abu bachao babi nan,1
28696,ye wale kisi jagah ko nahi chhodt bc har jagah pe ambul / polic se pehl ani team pahunch jaati hai photo aur interview lene nan,0
16419,ram ji aajkal aapka name leke kuchh log insano ka khun kar rahe hiisp aap kiya kaheng,0
13724,khud ko dikho aur ek baatmujh tum jais aurat ko follow karn ki jarurat nahi hai j,0
8414,gadkari happi birthday gadkari ji jio hajaro shall jay panda fan odisha nan,2
10681,bhagat rathe exact sir well said sir nan,1
9328,1224 yayyyyyi happi ! ! ! go amaz mom congratul nan,2
30677,pakistan ja nahi sakti lekin gungaan wahi ke kr rahi hai ek yhan k log hai yahi rahe kar bh,1
36485,aamra dada ke baar tum rumor failata hai tumko lotka dega ped pe mordor democraci chomdi ka doctor nan,0
36741,kon bhul rha h tume pyre nan,1
42578,abe 9vi fail tere yaha aak log bolt chutiy ka bakwa sunn aye hai aur bol,2
42932,pehl realm 2 pro android pie ka updat 😡😡😡😡 nan,2
32751,mahila ayog kya karya hai work hamn gujarat mai dekha nahi nan,1
28253,mehenga pad gya aapko sir ji tohfa dena par good way gift nan,0
3439,young india youth prema khandu ji ko badhai congratul cm pad ki shapath bahut bahut badhai nan,2
37726,homophob chutiy apn fave pe dhyan rakh bts ke bare toh mat hi bol jab tere fave,1
5711,sheikh entri ka board nhi laga tha wahan sheikh nan,1
8625,r even hindu apn dharm ki jankari badhao dusr ke dharm atikraman mat karo nan,0
30029,mla ji pleas follow advic given lokpriya neta nan,1
25908,717 wa mere superstar bhai jaan miss superstar aap dono bade hi aaram sai patra,2
17082,good luck tryna get give fuck nan,2
14846,gurram hope loos nan,2
41941,sir big fan love respect india jeetega india hi 16 june 2019 indvspak nan,2
19814,nation speech alway best sir ❤ thankyou much motiv us 😇 aimim jinda baad 👌 nan,2
24108,bhai phir ap world cup experi lena ka lia khel rahay ho jeetna ka lia nii 🙄 nan,1
6973,return yeh wala tweet like kark aaj ka din bana diya 😬 mein toh iska dusr account bhi,1
22565,isko dekh k apun ko lgta hai life kuch kro na kro lekin shadi jrur krna,2
38434,tumar jais thode se log hai jinko darr lagta hai aur kisi ko darr kyon nahin lagta pakistan 1 saal rehk ao darr,0
11094,nahi bilkul wrong kaha aapan aajkl chehr ki udasiyon ko muhbat ka khel samjha jata hai hasi khushi ke ch nan,2
26375,land ahmedabad paid tribut great sardar patel icon modern india contribut toward nat nan,2
33176,mohtarma aap bolti ho ki bjp wale bhakt log logo ki ijjat nahi kart par yanha apki apni parti bhi,0
42790,hi mam plz ek song mera bhi gaa dijiy romant song likha ha punjabi apk liy vese acha likhta,1
41500,still watch episod mom say one like shah rukh 💜 believ rule ov,2
22281,worldnotobaccoday soo nari jari kare surapan soo baar ek chilm hukka bhare vo doob kali dhaar sin person nan,2
10634,xxwwxx reason rumour mmg segelintir ppuan dr sne makeup beriya tp hakikat pengotor nauzubillah nan,1
16870,admin proud moment ganjam 83 student odisha aadarsh vidyalaya ganjam score 90 % 10t nan,1
20718,tyagi01 phle ais channel ko ban ke dena chay jo aag ghee daln ka kaam kr rhe h nan,1
19143,mujhko bhi tara aata h uss custom pr jisn randi khane mei teri maa ch,0
4149,rofiqu afruj ye mujs dur nhi reh skti warna isko bhav kon dega footag kha se legi ye nan,0
28979,bisma bless tl 😍 noth 's cute bakri k bachay play 😭💕,2
5055,😄😄😃 isko doosra kaam nahi critic cm time nan,0
28789,l e g e n ❤️ happi birthday stevi 🎉,2
28651,bayan tu farma diya aik ghulam sooch nay keh iss ka dada iss ka baba yeh tha wo tha iss l,1
5193,offl pallavi92 rakul preet beauti 😍 nan,2
13011,yeh janwar jaha bhi dikh mujh tag karo phir saal ki purey khandan ki aisi taisi karr dunga ai,0
9098,shahid maqsood na naam na kharab kere ye jo bhi hai,0
36661,pari itsmehjabeen fatima 😂😂😂😂 funni nan,2
18529,ab naxali kutt hame terror ki baat samajheng nan,1
26223,papa ki princess half dp ko wesay bhi koi nahi janta,1
19936,mamta kutiya jai shree ram nan,0
5117,think prabha right choic d4 srk ko slb k sath koi movi krna chaiy jism power act nan,1
15126,dunno swap hume vierra see nan,1
41802,uss shit hennessi ( cheap shit ) wild shit,1
15945,pakistani team least match jeet k qualifi krygi final k lye world cup jeet k dunya ko surpris dygi ❤️ wsi b pak nan,2
12878,arain abe laud indian hu bsdke tere tarah ghatia soch nahi hai mera nan,0
21700,58 best way chang topic 👏👏👏👏 apni baa,1
24743,shandaar zabardast zindabad newindia begin sabka saath sabka vika aur sabka vishwa 🇮🇳🙏 modiswearingin,2
30314,khayr sha allah y'all get excit nan,1
24307,bahut bdhiya thoka sir yes,2
17435,madam koi acchi kitab padho aisi violent kitaab padhkar aap bhi violent ho jayengi nan,1
28213,haram ka pila begharat ka bacha ic ne bhagn ki riwayat barqarar rakhi bhagora general nan,0
19172,sara1 khujli hoti hai 😂😂😂 nan,1
5160,sabhi desh wassion ko bahut bahut badhaai ho aaj 2014 ke baad sh modi ji phir se dusari baar bharat ke prime minist,2
26890,william saheb knew likhna-padhna wouldnt bhakt pls dont give ear element like nan,0
38503,good scrap bro hope rematch think aj kam nan,1
22698,matlab hinduo se kart hain musalmano se nahi kart hain shutup chutiya baatein na,0
14606,lover 1 clingi 2 lot hug kiss 3 quick repli 4 love u u nan,1
9007,ncr par ghamasan karney ki jarurat nahi sarkar ney isey lagu karney ka vachan diya hain aur,1
29013,welfar societi dr saint g 🙏🏻 come infront follow stop corruptio,1
7081,qoum ka kch nhe ho sakta pori team na khailtay galti captain ke hai waisi ye nay logic ais qoum,1
32512,merut jashn mnane pe jise mara gya mullo ne wo hindu tha delhi beti ko bchane,1
28209,iss trah ka video dekhn se hamara bhi khoon khowl uthta hai bsart hm ink jais anpad jaheel nhi,0
18017,tani abe haattt tum flop logo ki aukaad hi kiya h chutiya log ja aapijaan ki chaplusi kar bad,0
22733,k9 dalal nahi chatukar nan,0
22752,sir mai aapako aapana hero aadarsh manata hu mai aapas purna rup se dudak desh ke hit aap,2
21515,corpor slave bann se toh achha hi hai k wo monk ban gayi log bekaar hi बावले ho rahe hain k forc kar diya ba,1
42861,woah teach bend crackl crackl snap hehe nan,1
10479,2024 ke liy bhee pm modi ji ki hat trick lagwan ke liy praya start kar diya hai hamn aur ye hoga 2022 au,1
28399,sir traval wife fm karnal katra train 12919 malwa ex reserv b2 coach,1
21781,pathan punjabi balochi sindhi urdu siraiki hindko speak bhai bhai india teri shaamat ayi nan,2
14517,realli feel osmmm rept vdeo mani time proud indian god bless apn bacho ko apni languag aur cu nan,2
22368,aaj se cricket ka mahasangram shuru worldcup2019 main se konsi team iss saal ka world cup jitegi 1 india,2
15607,aajtakno1 cg se 11me se 9 bjp sansad jite lekin 1 ko bhi cabinet jagah nhi mili pichhl cabinet bhi koi mantri nhi tha nan,1
7426,salut hy tumh dher sari duaayen,2
5120,wish veri veri happi bless ramadan ramjaan month indian nation congress presid shri,2
13532,dure recent visit varanasi got know famous thaggu ke laddoo ( ठग्गू के लड्डू ) kanpur thank nan,1
25396,bharat se ach song hi hong nan,0
6750,es desh ki public ko kheechad hi psand hai .. ! 5 salo etana pareshan hue log wo sari pareshani 5 mint,0
39826,char got ta love nan,2
43456,krishna wah ye hai 56 inch ka dam ab sabhi padosi ise dekht raheng aur jalt raheng bharat mata ki jai nan,2
8116,ashok bheek maangn ka naya tareeka ghar nahi daane amm,1
26736,thefood kaunsa ye wala danc danc rahe ho 😉,1
26235,vijaysingh teri maa ko lun suboot teri maa ke pas bhi nahi tere bap ka tu surgic strike ka suboot tu apni,0
11440,bhakto dekho evm mata ka chamatkar aur ballot baba ka kamal fenku aur tadipar ki jodi evm chor hai yeh kadvi sachc,0
9939,jii bday snapchat fvrt person fvrt song nan,1
42537,54 assalamo alikum safi bhi hum inshallah world cup jete g mujha pora bharosa h allah ki,2
12260,sir dil per na lena media politician ke samna jardin na jukti politician ke kio jhurat nhi hoti corrupt krna ke nan,1
36455,salari chahiy 2019 ka gas chahiy 2014 ka wow kya joke mara dhanya prabhu nan,0
15690,jisko jitna ata hai usey utna boln se mana nahi kiya gaya lkn agr apko ziada ata hai,1
35041,mujhs galti ho gayi mere muh se nikal gayi main aaj mar hi jaunga word inspir nan,2
23512,ghost hahaha good point could ever forgotten nan,1
20181,agt hyd kuch nahi hoga pichl 4 baar se hum madrid wale hi jeet rahe hain iss baar,2
9438,congratul hon p aapko jeet ki bhut badhai ho congress vale aa,2
22464,ap janti ni ho lifafa khor ko ye foreign fund journalist asma shirazi meer jafer aur meer sadiq ka 2019 version nan,1
13940,mene pehl hi kaha tha india particip wc 😏 self respect bhi koi cheej hoti hai 😪 nan,0
29107,usk acc kuch error hogaya hsab log apn aap follow n follow se chale gay nan,1
18836,allah ne apka birthday ramzan k paak mahin ata farmaya hai allah apko apni panah rakh al,2
25004,apn khusr ko bhi baz rakho pehl bhi es ke nana ne mulk tora ab ki bar es khusr ke p,0
9688,wohi hypothet toh raul vinci bhi rajiv gandhi ke suputr hain,1
15158,gujjar pukhtoonn panjabi nahi karingi vote kesi mangi gy special ajkal kahi pakistani nazar nahi,1
37666,12 din baad iqbal k shaheeno ko advanc eid msg send krne ka dhora par jna 😹 nan,1
13823,'s full song song - tujhekitnachahnelag singer - arijitsingh film - kabirsingh download link -,1
39366,aisa kuch bhi nahi hai fake news mat failao modi raaj sab thik hai logo ko bh,1
26920,duniya dil koi kabhi na dadka hota dadkha hai dil yar mil ye pyar ka izhar hai kaho na pyar hai premi p,1
17601,bad note haha nan,0
20908,aapka charitra hum sabk lite adarsh nav bharat ki koti koti naman,2
44226,tere kyu mirchi lge humn vote deker chuna hai oh ho sach tere mirchi lgni hi thi kyuki ab tere,2
41794,siddharth devendra akal apn pass rakho mujh mt sikhao tumhari baat,0
26455,kamal ke neta h mere desh ke tweetr pe badi badi hakt hai fir comnt box kisi ko responc bhi nhi dete hai,2
13366,nation jo muslman iss suar ke chhakkar padega kebal barbaad hoga sala naya jinna banega bhol,0
36956,sir aap show mein sab tv ka no-1 show tarak mehta ka ulta chasma k cast ko kavi bulaiy na,1
8539,rahmann nai rooh - bika ji wali tonic khoj raha hu pee ke bjp entri melegi tumh bhi ch,1
14659,new post jk3r ricket-toss & atch predict kal ka match bahut acha hone wala hai doston good night take,2
28568,agar aisa hota toh aap otn araam se india mein reh nai pate bcoz go,0
28163,tu nomi pakistan win world cup insha allah 💪 wehavewewil pakvwi wehavewewil wivpak cwc19 nan,2
4038,privatis h bc paa k gaon se zyada electr yaha jaan lag gyi h 😣😣😣 nan,2
14011,pakistanio gabrana nahi petrol price increas rs 4.26 . gabrana nahi 😩 . nan,0
40770,ok ask one thing u nan,1
4645,modi ji jaiy aasirwaad lekar aaiy aur ghotalebaaz guiness secur ltd ka md kamal kothari ko jai,2
8410,kuch ars bad chat archiv ho jate hai yaddon ko bhulan ki koshish strt ho jate ha nan,0
21035,nahi woh samjhtay houngay fail hokay ya char kay chakar may deport hokay agaya hai nan,1
39609,jai hatkesh aapko aapki puri team jo desh ke ke nagrikon ki sewa mai tatpar hai unhen meri taraf se,2
11013,report degre ki jaanch hone pahl mat bolo rahul ke jija shatir chor hai ye innoc nan,1
36619,sahi nirdaya modi ji bus esi krte rhehiy bharat ka vika hte jyga thankyou jai hind nan,2
26305,beauti photo ! ! ! sanaya parent barun pashmeen alongsid mohit dalljiet sakshi akshay nan,1
26652,aum vandematram jaihind good even friend near & dear one 's us & canada wake nice sunday ahea,1
14323,dahil may special end sisimulan ko ulit top love authornim,2
27065,aksar yeh sochti hoon ki modji agar 20 saal pehl pm bant bharat world champion hota nan,2
37013,tu chup rah le kuta kahega apn name ke aag se acharya hata le kute saal 😠😠,0
12636,awwwi ❣️ anw good morn beauti swan minari 😚✨ nan,2
34441,agar galti se ye bhosdiwala truck k nich ajata azadi ka randi rona krne wale ajat bhosdi k ki humara bekasoor,0
30496,import skyshowpol question pride hat better - old logo ( top ⬆️⬆️⬆️ ) - new logo ( bottom ⬇️⬇️⬇️ ) … nan,1
34966,best sir onli one suggest kadi ninda busi pakistan want proactiv ac,1
16395,hehe saw come actual someon shaadi 🤩 nan,1
29513,inshaallah harami hindoun se ham aik aik muslim ka gin gin k badla len ge ye harami te,0
15886,bhayya sirf muslim ki himayat ki h apka sahih b ghalat lag rha h,1
12664,aray nhe nawaz sharif sala dulla hara walay ka pota hy tmhay kisi nay ghalat batya hy waisay bhe kapta,0
26892,surbhijyoti jaan sona di 's happi moment tobleronemountain guy di soooooooooo happi nan,2
22190,k9 mujh bhi love aalo tikki 🤤 veget khaya kr ..😒 nan,1
1445,chanda make gentl nice relat someon life kisi k sahar ki zarort parti ha nan,1
14283,siyasat kisi k baap dada ki jageer nhi intehai ghatiya zehniyat ka muzahira realli unexpect nan,0
26135,30 + sal desh ki armi r polic rahker aj woh deshwasi nhi raha bjp ko 2019 ke result 100 % confirm hogaya k jit,2
10320,archi happi birthday archi - hope love day xxxxx nan,2
30262,nice mohsin ji bahu accha kabab diya apn nan,2
9341,aapn kaam kiya hai iss koi inkar nhi kar sakta lekin aapko vote isliy nhi diya kyuki aapn itn galat decisi,2
6266,abhi bhi team bheji hain khud ke pair mein mahendi lagi hain kya sorri bhul gaya tha sahab,0
44672,130000000 logo ne congress ko vote kiya 220000000 logo ne bjp ko matlab har parliament 200000 l,1
19619,modi ji ki jeet ka fayadha sabs jayadha school ke bacch ka huva bhai five year tak prime minist ka naam yaad nahi kernha padhegha 😀 nan,2
25161,grand releas amar tomorrow wish load luck abhiii youngrebelstar revisedrebelstar abh nan,1
7548,faz pussi take one ( man bhaiya nan,0
30585,savidhan savidhan karog tumhara bap bhi trust tum pe nahi karega savidhan jaha vaha rahega tum,1
27978,ek hi dil hai ji kitni baar jitog pich baar bhi kha tha aapn ek baar aur baat maan leta hu aapki nan,1
36476,rathe aap haar ho unhi dallo ki dalali ki wajah se yeh abhi bhi video bana bana ke becht,1
26344,💖 good morn sweet sweet papa ji 💖 💕 plz bless sewa sumiran parmarth ka bal 💪…,2
26750,salam u walaikum guyz mai aap sabs maafi chahugi jinka jane anjan main dil dukhaya ho ramzan k pak,1
28194,248 aj kal k door mein agr koi mukh banda mil jata hai toh ghanimat samjhein uspr apni chalakiyaan na azmayein yaad rakh nan,1
28608,v chutiya hai ky fact clear kr aur itni aag hai english ki citizen ship chood भारत ki nan,0
25952,soul pakistan ki land harrapn wala khabe mafia armi vote chori kr k z,0
33678,ab bolo mujh shade karn walo modi better hai modi ye wo hai 😪 andh bhakti ki hadd hoti hai,0
6828,tere ki jub ant samay aata hai log khana peena chor dete hai legta hai haramkhor bharastachari gh nan,0
38971,kkp hi yogesh would sad see go pleas dm us contact detail sort r,2
24325,mr pm modi ji aur bjp adyaksh amit shah ji ko loktant ke es sabs bade parv ki jeet ki bahut bahut,2
10395,singh0710 apna koi futur nhi bata payega 👉😜 nan,1
18938,nonsens pehl shrenu ko,0
29542,dunia mein gatia se gatia kam kar liy magar kabhi wow nice post thank share wali harkat nhi ki 😜 nan,1
12705,kam ke bad bhi elect ja,1
33673,aap se inspir hokar mr dixit wrote first shayari dedic shayari abir aapki yeh,2
27082,aisha awari mar tad07 hun shahkar raaami potato2001 nobita chanda sorri 😐 nan,1
21950,wow maza aagya jcbkikhudaai,2
14089,ghaffar bless peopl jo hamari fake smile main bhi hamari dukh dard ko smajh jti hai 🙃🙃 nan,2
13581,ye aankd chodo buddh desh ki janta ne jo aankd dikhay hai uss pet nahi bhara ya apn baap,0
22084,iska asli chehra pulwama terror attack ke time pe hi dikh gaya tha terror sympathis,2
21838,tou phir amirliaquat sahab ko ye maloom nhi hoga warna wo haqooq ul,1
21980,ati kar di besharmi ki prabhu inteha ho gyi hai ab isteefa iss jyada sitam na kro janta pe 🙏,0
16186,happi june luv 🦋 summer start month enchant month meet lana next month life good nan,2
32253,gud morn sir janaki ambedakar nagar jahawar nagar ps father saranga pani suicid on10 5 2019 at31,1
7649,let 's check evm vvpat gujarat alon sab samajh aa jaega whi select choos,0
42689,ye video bahut viral ho raha h aajkal apni parti k baar socho faltu ki bakwa kar k ye durdasha h,0
824,wish bro happi birthday mani hit way togeth 🙏😊 thankyou give music nan,2
24080,myric miss great teacher & g sponsor nan,2
22970,rashid abe bhagwa aatankwaadi hum aaj bhi yahan k raja hain suar sale bheek tumh dete h,0
13636,ye dekho pichvad ki pedai bhaag khud rha du,0
30350,bhai pakistan mein suwar ka ghoost nahi milta agar aisa hoha tu hum aysa nahi ka,1
20621,sirje take advis peopl consist wrong good start nan,2
39289,bhar jholi meri ya muhammad rehmat e ramazan 28 may 2019 | 92newshd,1
35666,mata aur bahen ji ko pasand nahi aaya hoga kyonki dono ko burnol ki jaroot pappu ka jala,0
26542,great step amit shah ji home minist ab kashmir mein ram rajya sthapit hokar rhega nan,2
31115,hi mai dua karta hu aap ek din jarur desh ka kaman sambhaleng bas aap himmat na hare q ki agar aa,2
43240,shan10u shakti maan nhi aaj wave24 bohot high hai nan,1
16572,tum b roz bakwa kr rahay ho pehlay 30 sal soy buway tum ko konsa apnay nam ki laj ki sharam h,1
41223,yogi sir plz aap se request hai k aap pm narendar modi sir k movi ko tax free kar dijiya nan,1
22567,mani congratul pradhan sevak ji appki bharat ke samman aur vika ke prati sachhai aur drudh n,2
22694,luckiest guy world find alhamdulillah one find sincer girl life nan,2
40742,pita ji pls bless u knw aj wha jana h pls mere sath rhna wha meri laj rkhna plss mjhse,1
14209,baar baar din yeh aay baar baar dil yeh gaay tu jiyon hazaaro saal yeh meri hai aarzooooooooooooo h,2
6362,happi birthday bhai kbhi dono mulk k haalat ach hue pakka mileng bhai wish u great year ahead 🎂🎂🎂🎂🎂🎂🎂🎂… nan,2
36346,sala boss alway right waalo ko bulaya hai bas 😅 nan,1
12312,ais bhan k lode poli wale ko bich chorah pr khda kr k goli maar sala polic,0
17410,sahi nasal ke kutt toh congressi hai gandhi khandaan ke wafadaar bjp ke aan se sabko,0
3064,ewe tant leni memek nya becek seru sape basah kasur nya haa 😀😁😁 love tant leni 😘😘😘😘 tar kita ber cinta lgh tant leni nan,2
32282,hua hua nahe hua congress ki nikal gaye hawa nan,2
18643,lanat ho un andhon pr jo ankhon daikha na daikh sakain en andhon hi ki waja sy ye mulk paryshan h,1
21198,vij1 desh ke bare mat sochna nan,2
38796,behtar hai yahi ki na duniya se dil lage ; par kya karen jo kaam na be-dil-lagi chale best would get involv nan,1
16436,🤣🤣🤣🤣 pehl se malum tha ke yhi hogabachpan mei humn b bhut ghr ghr khela hai 😆😆,1
12048,teri maa ka phuda bhenchod gadar armi assisin bastard nan,0
23252,rane chalo aapki kushi ke liy aapko hamari tref se der sari subhkamnay badhai 🤗🤗🤗🤗🙏🙏🙏🙏🇮🇳🇮🇳🇮🇳🇮🇳💐💐💐💐🌹🌹🌹🌹,2
23823,baap blockbust arriv 5 june bharat bharatthiseid bharatwithfamili iambharat th nan,1
2861,n bengal 40se jyada bjp worker ki hatya ye hui knha ho mr call patrakar nan,2
29813,abe ye grievanc forum bad kholeng ye caravan ke discuss tu apna tax ka rr kyu kar raha hai kya gupta ji nan,0
8224,pakpass maae dua kar ta pakistan khati ta jan chutti 92 j world cup nan,1
14512,hiertiest congratul u sir ji nd yr new team india 2 u r real hero era w,2
32226,rizvi78 tweetti ye baat aes happi raho 😍 nan,1
21128,aisa kuch nhi hai log iphon se android switch kar rahe hai bhi jaldi krungi 😹😹😹 nan,1
21984,artha ye bhn k lode isk jese sale chewtiya logo ko hi sabs phle bengal chutiya kata tha angr,0
36479,thand rakkho go happen arora ji nan,1
31869,modi ji wala cloud toh nahi fir toh mamla gadbad hai 🤔 nan,0
26363,mat sikho hindi fir ki tarah hindi bolna uribaba nan,0
12949,kuch zayada hi garaj chamak nhi rahe presid sb ye na ho us din ye khud ghaib ho nan,0
39368,sanaaa matlab tum merey nahi sari sana ke pechey pare ho umer 😂😂 nan,2
5910,tl pa kch h ni acha ajkl 🌚 ye phr b acha h wrna jitna ganda kia hwa h na kch ladkon ne tl ko k bss 🌚 nan,2
27239,sharma4 pure hindustan ka no1 chutiya aur 1 ki nashidi koun 5 sal ke tere hi ghark bachhon ko bhi pucho,0
22103,beast dhoni like hatt bsdk chutiyapa mt kr 😂😂 nan,0
12555,offici offici 's good tht u see defeat learn process 's also tru,2
25996,talhaa ye lo kr di bakchodi yaha modi pakistan ko kutta smjhta hai,0
43202,mnkibaat modi ji aapko bht bht subhkamnay 🙏🙏 modi ji meri aaps aaj bhi ek request h ki ab aap k ji,2
14090,ab tni sant ho jo bali ka bakra bn chuke ho ab jake nach gana start kr nan,0
29012,tumi amr valobasa dada onek valobasi tomay impress love u 😘😘,2
20274,😭😭😭😭😭😭😭😭😭😭😭😭 pure n divin look purest meri hi nazar lg jayegi put ⚫⚫⚫⚫ mallikasingh nan,2
19407,tum jais logo ko ghunghat lga kar ghumna chahiy besharm kyo hai tere bap ka kuch l,2
30025,ek hote hain bhole log 😉 ek hote hain bht bhole log 😅 phr ate hain wo log jo smjhte br worldcup2019 pakistan jeet ga 😂😛 wtf 😎 nan,2
27751,ek hii dil 💘 hai modi jii kitni baar jitog 😉,1
27387,congratul wonder victori pmji ham hi sweet news ka,2
8470,samsk 21 ko show hi 3 see start hue te fake ss ki b hadd hti nan,1
15312,ab bhai ka coller kharab ho gya sudharna muze hi padenga sorr,1
17656,aafat seen video itna afoo video per nhi howa jitna comment section main loogon k comment,1
7606,ohhhhh tu sale dailli galiya deta h tv debat modi ko wo kya h फिर kaliyee nan,1
36762,rozay mein biryani bana raha hoon check see 's ok ask aap kaisay hain 😔 nan,1
27891,yahi farak hai aap main aur main thank indian think 12 cr nan,2
5402,dee hope next time show love bhut wami us still listen old music sama25,2
15131,k01 isk paa kapd bhi nahi aur ye star kehti hai apn aapko itna bhi kun kharch kiya u,1
29841,dharam vir dont sharia civillaw india post shahbanocas supremecourtofindia helpl,1
43551,stan yes overr song imo — underr song imo entireti bhar fav al,2
12931,oh allha last friday ramazan may accept fastand ibadat make us among wholl see next ramazan nan,2
44958,gandhi pariwar ko chodkr congress walo ko modi jsa neta dudna chay tabhi congress ka sudhar hoga wrna 20…,1
31210,bewaqoof q bana rahi ho 31june ka mahina nahi hota nan,1
15292,yogendrayadav aur yeh vishwa kisi jhoot ke buniyaad par nahi hai logo ne isliy vishwa dikhaya kyunki bjp ne,1
14407,ye basti itikaf ki logon ko allah wala bnati hai allah sy dosti ka raaz sikhati hai mqiitikafday6 nan,1
27707,rathe baba locat purana hain naya locat pm ka ghar gujarat hain sorri wo,1
2866,word explain love respect dear keep go blast enjoy day may get whatev nan,2
7122,oye preshan nahi ho maro ayat kursi parh k phoonk work nahi gum hogi nan,1
24817,💫 aveng - main theme 💫 ¡ espero que os gust,2
42549,sidhu ji suna tha sardar baat k pakk hote hai kya hua aap saradar nahi ya baat ke pakk nahi,0
24604,mamta didi aap nahi aog ye sab ko malum tha par aap apna twitter ek bar dekhiy koi v aap ko sup,1
22669,ji main wo din hi kaha tha na aaps bjp ko anya pichda jaati ka dalit aur yadav ka chor ke bohot backup,0
6397,yav allah ş k ı na en iyi araca sen bin nolur bin a4 ü nden a8 e bin arabadan u ç ğ,1
16986,hamar nabinji odissa c congratul apko bahut bahut badhai ho ji nan,2
677,🏵️ good morn papa ji plz bless sewa sumiran parmarth ka bal bakhshna ji dhan dhan sa,2
29602,jis insan ne hamar haak se hame juda kar diya vo mahtma nhi ho sakt mana ki ajadi se pahl unk,0
14362,jai shree ram jai durga jai na kaali nan,1
31240,archana yahan logon ko khaan ko nahi mil raha aur ye khaan onion-garl dhund rahe hain,0
29376,appreci love baazi nawal pure 💙 thank help 😉 good luck exam ) ) ) ) nan,2
23114,aj k bad social media pe nazar aye tw galiyan donga aik khan k elawa tum sub pti walay b wohe chor daku ho lakh lanat nan,0
2129,tumhar jaisa besharm ko jab jaanta ne chun tab v hume itna hi dukh hua tha visashyak chuna tha delh,1
18577,nahi aisa nahi hai baat leader ki hoti hai nawaz / zardari aay hi lootn ki,1
36524,tangina im excit art year hahaha matatapo ko na sya jsandlajsnkslaj nan,2
32156,ravirk bus srf wc k 6 match le kr khush hote raho jo 72 bar pakistan team ne tmhe burri trah,1
17513,welcom curious cat happi 😻 fun nice — thank billi,2
9790,human civil ever evolv due three word simon go back love modi nan,2
20440,jins dur reh nahi patey uns hi duri ban jati hai ... 💔💔💔 unknown,1
8912,bhabhi ko ashirwad nahi dia shrap dia hoga bmw ne akhileshji ka sabs kharab rajnitik,1
41488,bhai wondin nhi bhoola jab 2003 ka world cup haarn k baad poori team chang ho gyi,1
33886,world cup & panauti back strike less 1 minut engvsa,1
8146,news24 punish milni chahiy ise ais har koi baad mein bol dega mere se galti ho gyi nan,1
18977,ş ey ç okg ü zelolacak everythingisgoingtobealright best countri world 🌍🌈✈️ avc,2
2257,mani thank kind wish lallu ji nan,2
44448,says1 good morn bachoo kaisi ho nan,1
43755,sanam sanam g ham chod ne balo se nhi ha apn yadavo ko samjhay dimpl yadav ko kaisa dho,1
40844,hindilanguag word best & easi languag understand sanskrit best ever languageaur tamil bhi ach,2
20436,test spirit thing work togeth good love lord becaus occult nev nan,2
8973,accha mallya ko kyu jaan diya modi ne aur naresh ko bhagan ka plan kyu tha nan,1
15811,governor sb ye ghareeb mulk ka pasia ha kisi k baap ki jageer nahi apney person expens pr kabhi itni khairat ki ha nan,1
13053,meelan ⛳ happi follow friday ⛳ abir sntos vai sh nan,1
1150,bemaar bhikhari kutta die dub stupid movi hindi wonder peopl tn,1
25953,badha ho sir aaj ke din jo ki aapki rajtilak h sir ek bat aaps janani h ki aap,2
25820,n't worri takl bhadwa news18 continu lick ass forev nan,2
33863,bharat trailer superb ✌ “ jawaani humari jaaneman thi cool 😍 yeah 🤘 “ jitn safe baal mere sar aur dh,2
13786,nai rajya sarkar banana usmen awsya hi bjp mla ko kharidegi bjp ki niyat par bhi janta men awiswa phelega isliy,1
15048,jo log desh ko todn ki jatiyo ko bantn ki secular k naam,2
22825,ohhhh point still stand 'm protect michael lol one confus app nan,1
16974,lw vale itn bade vale cc hain chu $ iye abhi soch rahe hain ki inka time aayega nan,2
15450,chowkidaar aur uski paltan chor dhokebaaz crimin scamster feku comedian pappu killer hai nan,0
28704,[ 🏳️‍🌈🤪 ] - fam ! ! ! 'm thank met guy kind 🥺 hope talk lo,2
41722,abyss sire kick ass tonight fuck nan,0
29176,ok sath sath rah kar kheln jada chanc hota chiken dinner hone ka isk alawa gun ka c,1
8981,adhyach ji aap ke liy aantim mauka yadi aap p banna caht hi aamal kate aap p ke c ba,1
28790,bitch666 apno ki kimat pta lagti h unk chle jaan ke baad warna ajnabiyo ka aana jaana lga rehta 🔥🙏 loveal nan,2
797,sir mere / c se 22-04-2019 ko rs1180 /= deduct ho gaya hai kekin branch offic kahta ki mai nahi janta ki k,1
28803,gud morn sir kind request u best hero sir west bengal bahut prob,1
6869,r go big campfir rekindl hope workshop right revoice19,2
14966,ja bhadv aur ag baar se hamar home minist ke baar galat shabd mat use karna warna troll,0
20375,9155 think deserv good time nan,2
28688,bhart mata ki jai 🇮🇳 malda harishchandrapur zp10 join 200+ youva bjym jindabad 🙏 bjp jindabad,2
17608,dhan dhan satguru tera hi aasra gud morn sai g 🌷 pleas bless 🌷 insan sewa simran,2
17620,evm congress win evm ok congress loos evm wrong kya chutiyapa hai chutiyon ka nan,0
23733,jab haar ka malum pad jata h tab evm ka topic uthalet hai wow well done yah question bjp ne kyu nahi uthaya vi,1
20261,mavi may eid plate life fill juici kabab tikka top chatni happi cover nan,1
25758,aur jin compani karchariyo ko lagta hai ki privat naukri badhiya hai sarkari vibhag band hone se unko fayda hoga,1
14301,teri maa ran hai madhar ch mull ki najayaj baki tu samjh hi gaya hoga nan,0
4281,gambhir sir salam appko ! ! ! kya paari khele like 2011 world cup final nan,2
22436,teri maa ki chut u stupid tumhari pad ne ki aukat nhi aur hungn k liy phle khd,0
28621,offici vav india languag class 🇮🇳 lou teacher lesson 1 vampz nice see ~👋 [ hindi ] aaps milkar achcha laga [ … nan,2
22165,ye lijiy proof agar abhi bhi lagta hai ki ye bhi gundon ( bjp ) ne karwaya hai sudhar jaiy ab,2
27940,naib tehsildar ka paper leak ho gaya hajaro mehnati student ki mehnat par pani fer diya yahi hai insaaf apka nan,0
34021,better aloo dalk sona nikalunga nan,0
24656,saheb te mahapariksha portal kade bgha n pwd je chi score list lagat nahi aahet ? ? ? nan,1
44489,ji ji ji modi ji ke aan se umid jagi hai priwet job karta hu 10ho,1
42789,ab kyse hua kyu hua yesab social media na pooch ke come road protest evm otherwis fir haarka,1
18241,abe teri politic iss nafeat per hi chal rahi hai tujh apn vote bank chinta hai kanhi modi usm sendh na laga de 😥 nan,0
577,u thing ppl u ador u want 's transact 's give & take u 's u r su nan,1
28004,khera shayad ji ye kahna bhul gay ki congress spokesperson social media se bhi dur rahe nan,1
35483,❤️❤️🙏🙏 dharam pa ji pure heart gold well ground humbl load love,2
15941,wish good luck sir aan bale dino ko bulan ka koi matlab hi nahi hoga jai shree ram,2
35288,happi birthdayyyyy damssss 😍 wish happinesss world 😍 kush rehna hameshaa nan,2
22199,saw bts im emo af rn felt good today im sighhh,2
34007,pictur day movement great aap ki mata ji apko ashirwad deti hui,2
35930,bologuruji bhai tumhar video dekhkar maza hi jata hain love much guruji kolkata mee,2
33519,rizvi nai matlab bachpan sy jo ek imagin thea na ky esi ho gi cinderella disappoint e hui hun dekhni,1
26392,pmji aapko nayemantralayonk liy bdhai janssadharan sub bahut khush hain ek vinatihai shayad aap gau,2
32954,fursat abhi mili thi chand minut ki pir us text messag ne majboor ker dia ke aj tweet ho hi jaye ..🤣 nan,1
30067,lagegi hi saalo 10 year tum logo ne ush bander bana k rakhkha ab vo bhee samajh gaya hai nan,0
18242,aik singer r dancer ko kia pta k muslim umma ka dard kia hta h tm stage perform ho whi rho apni,0
32330,adina ® gol ghor ® malda wb indian 💖 huge fan sir 🤩 comedi king kapil sir 😘,2
32131,haha thesi hamain bhijwa dain figur novel idea pen fair enough nan,1
13288,72 ap k liy jo bhi kahun km hai 🙈 thank alway hardship ❤ better know deal,2
15123,back india back stop bull shit analysi everyon know ol,1
5947,wish veri happi bless ramadan ramjaan month hon 44th presid shri sir uni,2
3330,happi birthday hasin vasiyo k rhne vale 🎂😘🎉✌🎊🎂😘🎉🎉 🐯 piti ji alway blesssss u 👑👏 😍 piti nan,2
7930,shut thhe fuck uo read wrongf im dumb bitch knew nan,0
10588,kya predict hai aapki world cup ko lekar world cup 2019 🏆 & virat koh fan b,1
15239,abe ajaz tera hi sathi hai hardik patel suar jo hai usk sathiyo ne hi jalai thi wo ab tu apna muh band kar samjha,0
28510,nerdi ass would love shit,2
38470,sharam se doob maro kambakhto ye tabde hai lanat ho aisi tabde pe,1
26405,proud sir u hrd minist india manda,2
7802,jub tak burayi k khilaf ladog nahi thab tak tum sahi ya haq wale sabit nahi hoge haq ush nahi kahet jo batil ko,1
24011,good even sir p narendra modi ji know person red ration card take profit thi,1
34971,main panauti nikla bc 😂😂,1
12618,damn girl nail kuch logo ko ye bat samajh nai ati k malala common girl nan,2
15469,waah bhaiya mazza agya mast aesehi badht rho aag aap ye hota hai busi dialoug guru,2
34545,ann everyon disagre bot hurrr durrrr russian nazi shit nan,1
16117,tum aik ghatiya aur lanti shak ho jb tumhri lee jati ha tu tum cheekhtay ho bc baloun ka style,0
26146,prtk sharma bhai tm apn ghar v famous ni ho aur modi pakistan tumhr fufa ki band bajan,0
21845,sena srinagar muslim india much better condit,2
27391,lanat tm pay peer qadri kuttay haramzaday lanat es khanzeer k buchay langray khadim pay tawaifoun ki nasal harami nan,0
28497,imran khan alway good us nan,2
32401,ashu18 auto k age ja kar khda ho jata 😂 nan,1
32207,alway “ pick better men ” never “ need better men ” . alway lmao nan,1
20917,bjp ko agl chunaw pta chlega public ko dhokha diya h bjp ne ais aadmi ko home minist,0
37233,pata nhi tori k nhi find bahana nan,1
15235,54 tum jeeto ya haaro humey tum se piar hai may win world cup work hard pray,2
31978,chowkidar hatalo lo ab elect hogaya hai u lost bhagwan ka likha mitan aye nan,0
23717,sir ye 0hke tay tha ki aap jeeto gay badhai ho par ab vha ki janta ko nirash mat karna,2
28178,happi birthday basanti may thousand 😊😊 nan,2
36894,sir apn aap ko itna import kais samajh lete ho aap itna confid laat kahan se ho humein bh nan,0
15828,oye choot k dhakan pehl apn afghnistan ko fatah krwa lo phr pakistan ki trf dekhna,0
27517,siab afghani pushtun namak haram nan,0
21978,bahut hi pyara ekta ka sutra hai bahut bure logo,2
20224,gaze arushi kamin block ho jayega tu nan,1
1034,sir need ur bless 9 wed anniversari wife sonia pranam aap ka ashirwad b,2
19098,meghwar agr emaan itna kamzor hai k pakori dekh k usi khaani ka dil kri kami us bechni waali main nhi ba,1
22187,tere baap ka hidustan hai kya meri marji jo bhi bolu india koi tere baap ki properti nahi hadhai,0
25811,well final pooch made list blue heeler looov hike show backpack 🐶 . 11…,2
14045,bilkul nahi gandhi famili k bina congress kuch nahi hai haa r jit chalti rehti h manmohan singh ji,0
7030,jdu ko bas 1 mantri de kar bjp ne ghammandi hone ka saboot de diya hai koi nai khud malai waala ministri,1
24630,badw tu telangana ka sabs bada terrerist tu sabs pahl telangana se te,0
39314,best f ing club world sirrr ! ! ! ! ! ! ! @ lfc ynwa nan,2
28079,sir elect khatm hote hi gorakhpur rustampur bijali katn lagi kal bijali 4 se 5 ghant kati,0
22488,na bhai unka lawyer bhi bo,1
24927,modi ji aaps nivedan ki swach bharat yojna jesi hi pani bcao pe,1
33462,pta suwar se ko jane kyo diya wanhi thok dena cahiya tha nan,0
28989,tune thik se dekha nahi bey ... .. ! ! ! ye tota nahi present r,1
36645,om om govern ko 2 se zayada baccho valo ki sari suvidha band kar deni chahiy nhi ink,1
2030,well done sabir bhai bilkul theak kha app na hamian pakistan main app kasay hi anker chaiya jin ka,1
15640,ahh proud bb < 333 nan,2
38015,ravi spoilsport everi debat kejariw chamcha farc nan,1
7070,oy fake account yeh quetta nahi hai peshawar hai ab chup chap wapi apni india,0
17387,mutatherali pm modi want enjoy acch din us live rotten indian,1
17672,congratul pm ais hi aag badkar sari yojna ko pura kare hamri subhkamnay apk sath,2
16164,womenofcourag good morn sohn pyar rabb sai ji dhandhan satguru tera hi aasra 🙏 bless p,1
22461,hun hahahah kameeni mein alreadi bahir hon bar pakkri nahi gyee 😂😂😂😂 nan,0
9162,ghutan si hone lagi uss ke paa jate hue main khud se rooth gaya hun usey manaat hue azhar iqbal nan,1
39849,narendra modi ji ne aaj sapath gharan ki,1
17484,sonu didi ko fuck karnewala ki bahan dusr se chudati hui leak video,0
22451,gopalan1 chor ? ? ? beta beti damad sab chor hai desh nikalo inn logo ko nan,0
19750,india mein tumh kaam mil ni rha bcoz unemploy jo 2014 mein aayi 2014 ke baad se tum safe feel ni kr rhe yha ru nan,0
45125,rathe haridwar se padh k ayi h haward se nahi chalo astrolog seekh nan,0
13919,guttiya tweet par log jab sachh javab dete hai fir sahan nahi hota arfa ko aur ab victim card kheln aa gaye run h nan,2
35908,sri971 jab tak aapki tarah log hain ab lagta hai ye desh abhi bhi zinda hai ye desh bacha hua h nan,1
20919,dinesh bro true indian modi support aapn kaafi accha compt diya,2
12474,baatein tho badi achi lekin jin ko ki hain un ke skull gobhi ki tarah hain un ko ka,1
5044,mashaallah bothlook good patwari & media walay jaltay hain jalkukkar nan,2
30927,speak amna say happi birthday 🎉 may mani bless 🎉🎉😌😌 nan,2
12748,dth provid maalam ho rahe hain aur gareeb halal pleas new dth polici band karen bjp sarkar ke,2
28287,videshi yon ke talw chaatna band kab karog epitom leadership omg shame peopl indian congress parti nan,0
6492,kaam nahi hai logon ke paa elect bhi khatam hua ab kya karen toh orgasm movement hi kyon na chala,0
20264,littl tri song khoyi khoyi yadein sang shreya ji 🥰🥰,1
22077,sweet memori raj saab lil ranbirrajkapoor n riddhima sahni thank,2
21041,natkhat anki 🐼 teddi bear panda bundl joy tl 's raunak cuti cuti cuti pie love everyth abo nan,2
43735,dum hai india ke nami vakil mujhh btay ki bantvara ho ne ke baad chhota bhai jabrjasti bade bhai k,1
42874,mallesham movi trailer launch galleri mallesham malleshamtrailerlaunch priyadarshi,1
10667,sir quetta sir plz take action sir qta 3 allianc compani ki taraf sy logo k sath 70,1
21362,wonder idea make world better place live time take proud bharatiya shapath,2
36612,jenghiz caution vgnsh sorri machi 😁😘 nan,1
14507,sing togeth ? ? ? mauqa mauqa mauqaa mauqaaa indvnz nan,2
22108,modi ji muslim christian ko prioriti kyu missionari free wahabi free rohangia free sab kanoon hindu ko seculariam ka nan,0
32838,aadarniya sir ji aaj man prsannchit hua maa bharatya ke veer lal desh ki aguwayi shamil raheng,2
35880,nhi sahb wha congress sarkar aisa hota rahta h secular sarkar bjp ke rajya ho btana,0
16115,kid rais right becaus love correct love correct nan,2
16376,u rock buddi amaz perform 9 month apni jaga make entir cabinet proud nan,2
24356,debat aaker bhi kya kreng parti k log dalaal media hindu muslim ka topic chalu kr,1
22002,happi birthday pappa allah apko sehat wali lambi umar ata karay aur apka saya sada humaray sir pay salamat rakhay aameen nan,2
44079,jitni siddat se log women 's day mother 's day father 's day parent day daughter 's day brother 's day aur pata na,1
18453,shame ashrafia kitna maal jama kerog haram khoro sab yahim chor ke mar jate ho lalac,0
33972,good nah phark nan,2
29077,arr gaari nahi gaana nan,1
38576,hey back could actual pedal fast unit got bicycl around world one piec nan,2
9079,kya baat hai hamar india ki 😆😁 # jcbkikhudai,2
25718,sharma1 bhai like tweet lage raho kafi aag jaog bright futur ahead nan,2
13386,inc 2002 k bad jab 2014 tak sab tv channel modi ki koi b news ni fikhat naa un k interview,0
32184,takhar chawla mayb allah god ram jesus sure mani name one 🙏🏼 nan,1
6585,kashmir india ka atoot ang tab hoga jab india khud rahi ga war kro ge india nhi rahi ga war n,1
26236,gajab ke saal besharam ho khaan ko pais nahi peen ko paani nahi space ki spell likhni na,0
44107,ok consensus daal chawal rice meat think realli good shaami kabab paratha would nan,1
21077,idiot dalal bhdwa bc elect se pehl tum jais chutiy que ko uthaya hota baat hoti nan,0
5102,yeh nahi badlega hara rang isk khoon sama chuka hai bus ab ye kuch din ka hindu h jald hi,0
24986,sukhan aat hain usk yaad bahut dil ko tha uss se ittehaad bahut jab bhi chalti hai us taraf se hawaashor kart h,2
35306,72 ap k liy jo bhi kahun km hai 🙈 thank alway hardship ❤ better know deal mood nan,1
25813,prakashjavdekar media kee azadi bahut ho gai prakash ji 5 saal media ne fake news ka nanga naach kiya hai modi,0
11162,peechl 5 world cup se mein coca cola ka dhakkan ke peech ka code sms kar raela hai lekin aaj tak final mein jaan,1
35957,goli maaro 08-oct mareng tab khud hii nahi aayeng pathar leke aur aay bhi sidha goli rajnathsingh,0
17802,samjha nahi miftah friend nan,2
39712,udaiman bharat namo ki sath aj pm modi ki sapath team karma yogi ki tarafs badhai,2
17054,ind jha tk main aapk tweet pde aap bhi sirf ek hi maml pr tweet kiy yha mai ki,1
21588,bc yeh safedi 24-27 pe chilla rahe hain saala yeh temp like jannat us nan,1
31199,ya insan gym jaa sakta hai ya offic time pe,1
14433,congress nai koi desh hit mai kaam nahi kiya sirf desh ko bata hai usko galiya hi padni hai tujh jaisay log jo,0
43935,dream gorgeous accomplish women say nice thing come true anil srivatsa thank,2
14665,zh ar 10 iss nay footbal dekhna wesay bhee nan,1
22343,bilkul imran bhai aag badht rehna hai 👍👍 allah aap ko aur mazbut bana raha haitaak aag aan waali,2
15059,& minakshiji thank excel report draft nagar district tri sound suffer nan,2
25903,hello ahmedabad pleas spread much could pl nan,1
19393,nahi teri ammi khodn aaya hoon mc aur main block nahi karunga bkl ye bat teri maa ne kitno se mar,0
16539,guru g give bless sewa simrn parmarth good deed alway need bless nan,2
39916,rubikaliyaquat app bus hindu muslim kro chilllan ke alwa khuch attta hai ya nhi ek thought hai dusro ko khne se phle khud ko dekho nan,0
13796,desh ko aap jais greah mantri ki jarurat h aap pe pura desh bhrosa krta h,2
43734,jag ijogbon dog pick side way silent insha allah prevail nan,2
22414,may nation 's holi-one-day calend today belong sent half happi happ,2
19917,veri big thank highest everyth 🙏🏿 big boss thank enough dir nan,2
13702,happiest birthday madam ching mabia - rivera khaleesi hehe muaah sweet word na kay naa nay naga pak,2
40867,kya yesa niyam nahi bjp sarkar laga sakti desh hit ke liy jo bhi bharat mai pakistan ka jhanda lahrat,1
19059,say ha proof toh kbka de diya gya h bc te log ki,0
14370,arey kaka ye secular log sirf janta ka murkh bnaa rahe hai nan,1
22036,also thank 10k follow never follow alway guy happi might nan,2
13361,rose fact know smell mean rich rich man deven know wah name much less smell 🤦🏾‍♀️ nan,1
43724,mazz ko nahi kar saktey beg borrow steal – mazz ko kartey hain sirf feel icecreamkashortform cream bell bon bon nan,1
28463,best draw seen thank u guy 🙏🙏 zafar kalank,2
27185,today 's eric girlfriend 's special day happi birthday may,2
42632,imam iss baar toh india ko babar ayee tu jaanta nahi apun log ka baap kaun hai cwc19 maukamauka nan,2
44309,zorambo aao world cup jao got love cricket chanc redeem visit zorambo & stand chanc win nan,0
28066,jo pakistan pe qarza dall gye mian sb aur moter way girvi rakh di ha koi jawab ka nan,1
32071,hun zong ka hy phr ye zong k slogan ki tarah new dream hi rahega yara ... ... 😂😂 nan,1
8888,'m late happi chenpai day hue hue,2
8474,kuch lrkion ko pta ni kiun lgta hai k wo stupid batein krain cute lgti hain,0
22602,hold go uss philli 😩😩😩😩😩 know love og bae nan,2
39297,chutiy gai ki puja kyu ki jaati hai kabhi socha hai kyuki wo kisan ko dudh deti hai jiss usko kuch kamai hi jati,1
31042,think govern chang condit automat chang answer big,0
3523,know jenni anyway fight everyon aay sth bbi love u uwu nan,2
19441,rahan tums na ho payega bjp best tumko bus chillana aata hey kaam karna nahi modi se,2
1249,rathe han gaand k keed cow meat kliy pehl se bnde convict h yeh log aur jb ban h teri maa ko khilan jaa rha tha nan,0
14867,bae sali apn buddh ko sambhal ab marn ki umar kya2 karta hai sala crimin plastic,0
38619,jat bahaio se nivedan h ki wo bjp ko vidahansaba elect vote na de inhon eak ia offic ko bi mantri nhi b,1
14223,bol ais rhe h jais spoke person nhi bhejnh news channel hi band ho jayega maidan chhor,0
34465,thank love weekend episod tkss shall keep best entertain 🤗🙏🏻 @ sonytv nan,2
15979,stolen muah ❤️ love 💕 friend 💛 love layout 💚 love tweet 💙 cute acc 💜,2
26935,😂😂 ye vais hi samajh gyi hogi itni smjhdaar hai 😍😂😂🎵 nan,1
25178,tyler get tom lockyer curti nelson good right back go hume best defenc leagu safc nan,2
10576,ab agar kisi ki cardiac arrest se death bhi ho jaay toh yehi boleng yeh chutiy ki welc,0
22944,ashok congi jite public ne sath diya aur bjp jite evm chor kaha se laat ho bhaai level ki bakchodi ..😀😀.. nan,2
39003,ppl chang mind baar evm nahi thoka sahab ne nan,2
5971,humari team kyu consist perform nahi kar paati iski bohot badi waja humar fan bhi hai itn reactionari n,2
27716,father big fan ur pm modi ji isliy apk sapath grahan 26-05-2014 30-05-2019 ke subh aw,1
27552,sirjahan pe savera wahin pe basera stay bless & pray god see soon nan,2
10437,surpris day & shock day tum logon manaya tha 2 mahin tak journalist ko ban kark airstr,0
24840,hindi bhi bolunga rothchild ke paltu kutt sen ke barem know well sale tu wahi,0
11660,like perform raanjhana movi appreci today feel right sundar di,0
3098,ma'am n't spread fake news musalmaan dara hua hain nan,2
19857,“ iss tarah muh latka ke baithn se ladki nahi maanegi beta . ”,2
23514,digit toh tu q bta rha hai 😂😂 nan,1
8241,acha expos kiya bhai fake liber nahi chalegi nan,1
15315,ye log toh apn se jyda creativ hai bc ye meme use hi nhi kiya humn kabhi,0
25914,dear modi ji hum assam walo ko aaps bohot umid plz aap assam ke cachar district ko thora sudhariy har,2
34624,yeh tera subject ni agar tm 1 br fauj ki punish ka procedur dekh lo tou hmes,2
15879,pak armi zinda baad pakistan paindabaad love japan nan,2
38025,ram celebr 6 year yjhd ! ! ! yeh film nhi feel hain ! ! ! ♥️ 6yearsofnaina 6yearsofbunni 6yearsofyjhd special post nan,2
38557,alway appreci “ good father ” compliment realli want stress im anyth special nan,2
3276,talash pakistan kay har ghar ki kahani thank muftay well research preview featurefilm zeekayfilm come nan,0
25237,mera behen soni esiliy evm nahi ka gutala nahi mantahu kiu ke congress sp bsp ncp aur dusra nan,1
5177,alway bus mauka milna chahiy program turant ho jaayega nan,1
15052,jitni tum lucif ki batyn krchuki dekhna pri ga ab bs nan,1
15499,thank much sir warm wish sabka saath + sabka vika + sabka visvash ( trust ) = victori bh,2
12006,media bhed chaal se due rehena achha decis hai media damag democraci along sangh parivaar nan,2
6396,narendermodi sir chokidar narendra modi ji ek chokidar cp singh survanshi vol raha hu request special cho,0
19725,reput time magazin ko bhi yeh log anti-n ghoshit kr deng dekhna nan,0
26863,hahhaha feel shit ! ! ! let hope god someth better plan us ! ! ! nan,1
22765,hindu aap bhi hai sir sharm se doob mro hate messag failan band kro ye ghatna ab purani ho chuki hai nan,0
18666,shri narend modi ji aaj aap ki dusri baar taajposi hai aur hum logo ki aap se kafi ummid hai aur jo aap ne bhart,2
40924,huva tho huva dus bara ke baad desh ka export record stapith kiya ab gst ko bread,1
19876,chutiy farji baat mat pela kar bc sach bol ke tum jais kutt jee na sakt ek bar bolog,0
7447,pakistan ke bad kismati hy ya ya hamari gunaho ke saza ky jasi ab hami repres kari gy nan,0
21708,best announc 💪 ab hoyga nyay ab ayga shanti 😜 cabinetannouncement2019,2
9075,alway proud meen sharfnyyi nowwwww iloveeyouuuu 💖💖,1
37083,one absolut one nctzen 🗣🗣 😤😤 fuck 👺👀😡 made 💓💋 pure boy 👨😻💞 renjun 🤩😩❤🤧💗 mcfucken cri ? ! ? ! ? ! ? 😿💔😭💔🤕 nan,0
28856,bencherrrr fou matlab larki ko samjh kyaa rakhaa hai tmne main iss larki ki bt nahi kr rha tm larki k,0
14682,like laggay phir haaray aik aur / amir ki swing kyoo nahi hoti matlab kia nan,0
15477,kuch bolna kahi jaana ye aadmi ka khud ka nirnay hai jis bhi congressi ka mann hai boln ka wo,1
14081,kash rafel ke alawa 5 salo rahulji ne sub chijo ko pucha hota aj unki ye halat nhi hoti nan,0
24648,kiran good morn mam aps ek request hai mam ji hum kirayedar walo ke liy bhi kuch kardo ji meri tankha 11…,1
9118,bjp mp say sunni deol se bada rashtravaadi koi nahi hai kyuki handpump ukhaad ke pakistan ko sabak nan,2
44334,tere jais kutt ab self awar aur educ auraton ko sikhayeng ki sharam kya hoti hai ;,0
43629,sorri say aap kabhi bhi corrupt band kar hi nhi payeng agr karn,0
26246,nana ji aap rehn dijiy desh ki janta ne kisp kichad uchala h aur kahn kahn kamal khi,0
6497,bjp ke 54 karykarta ko buri tarah mara gaya usp kabhi dukh prakat nahi kiya apn,1
24925,ab wo shuru ho jayega pleas untag werent talk vision work,1
24653,bc - ladkiyan koi comment na kar rahi unh bas fish ki eye dikhti hai fish nan,0
34195,chacha ji sri ji ko iss vishal jeet ke liy bahut saari subhkamnay 💐💐 ab hoga asli nyaya sabka saat,2
40676,tata motor ke convey driver ke pas arjun munda ka transport chalta hai hamar bjp ke minist hai,1
23891,143 suno kal koi budha sa lambi dadi wala aur lal coat wala uncl tumh kidnap krne aay chinta mat,1
26169,open airspac pata nahi kub izzat say jeena seekhein gay hum sara maza kharab ker dia nan,0
10184,write paid & fake articl money ? ? ? ye bachcho vaali harkat na bachpan mai achhi lagti hai esi cheap hark nan,0
35703,chahy ka hisab allah pak khud kri ga inshaallah pehl thought k shia peop,1
29653,shuru ho gaya inka naatak modi keep someon bjp-rss huh amit shah home minist look co,1
39552,jo bhi salman k bolega main uski movi nhi dekhunga bharat bharatthiseid nan,0
36845,ka mtlb ha k ye b chor hy jese justis faiz isa 😡 sahi kehti hain k pakistan ki adalton mai sb chor b,2
28520,abnorm ko sirf short ball khilao bc bowler ko sirf yorker ki practic karwao bs nan,1
7646,kind muzh sirf aapn aap se sharminda nahi hoona hain baki jo kuch thoda bahut accha karloon gravi top nan,1
43561,ak aap hi hai jo hamar har mahapurus logo ko yaar kart hai aur unki unk punyatithi k sath bahut se,1
29932,yoonmin fed us much today realli beauti day yoonmin shipper live best live right,2
29262,aap khali pil dhyan dijiy agar itna bada mandat hai jarur kuch hai us aadmi jiska naam,1
35546,biggest problem ek ne bura bola dusra uss bura bolegaiss mein ego ki wa,1
10145,congratul new upcom lucki coupl social welfar commette name - bharosha marriag,2
19124,kas wish happi birthday krushna ... ( sapna ) ... gr,2
21431,offici lota kuch b kr ly uska muqadar bathroom ha nan,0
9839,universo22 yourmoriarti ye abhi notic kiya tha tmhare comment se phle ke ne kiya likha nan,1
15747,sorri sir jab iss desh k log iss ghatiyaa religion islam ko,0
21178,sir aap bjp ke agl cm baneg advanc congratul sir ise bar aapn sbhi ka,2
11924,lag ja gale ki phir ye hasin raat ho na ho shayad phir janam mein mulakat ho na ho r,1
19787,uditraj chor kal tum namaj ka biryani kha raha tha aur aaj updesh de raha bebkuf tere ko ye pata chal gaya h,0
17091,kuch bda blunder kr diya avi mereko bol rha time nikal k thik krne bahat bada chutiya hai 😂 mera report bs ch,0
30068,bruh huh stfu jaao nobodi 's 'm dead good night nan,0
9277,saal ameer gareeb kuch nahi hota buss khwahishons ameer raho aur unh paan koi kasar na ch,2
44403,ji madem ji u r best leader present muje lgta h sarkar kisi ki aay videsh mantri,2
12712,smile friday happi birthday great day dil se badhai nan,2
14667,new chahta achvffa onlin portal launch today portal develop streamlin tribal member ser,1
28502,match ke end mein well play bolt hai na pakistan usk bhi layak nhi hai nan,0
38387,lol super confus aadmi chu topic hi bhul gya 🤣 nan,2
20952,perfect sir ek sacha insaan hi ese bol sakta hai odisha main apka ek bahat bada fan hoon nan,2
14917,ca n't wait full releas aur kitn intezaar karna 😪 nan,2
42093,mujhe kattaappa ne bahubali ko kyu mara patha hey 😂😂😂 par bts kab india ko ayega yah biggest mysteri hey 😂😂😂😂…,1
26132,pakistan kay pass big hitter kyun nahi hain sirf asif ali hai aur us ko bhi bahir bethna parta hai comment nan,1
5184,ianuragthakur anurag bhai bahut buhut mubarak bahut badi jeet per mantri banan ki kal oath ce,2
15730,sabk dil raj karan vale karmathi neta manoj sinha ji zindabad zi,1
13319,mla bjp k hain mayor bjp k hain nahi mp bhi bjp k koi bhi dhayan nahi deta pls look nan,0
5447,may 24 1844 samuel mors type 1st telegraph messag read hath god wrought sent,1
14882,like dedic fan sonam ne toh drug addict ka role bhi nahi kiya jo yeh log itna inspir hokar 2 rs nasha karn lage 😂 nan,0
24349,“ tujh kitna chahn lage ” kabirsingh sound realli good first listen arijitsingh nan,2
35047,okay get readi reh love u see u tomorrow night nan,2
26994,ye fake video h lekin ghost hote h qki mere dost sare h meri ankho k smne bhooto pr yakeen h hme nan,2
35150,yr fake news late kha se ho whatapp univers ki shuruwat apn hi ki thi nan,0
28396,yes momo lover darjeel jaak momo khaaya itna bura haal hua ab delhi ka bhi nahi khaa,1
11122,good 😘 rning pita ji ~🙏 dhan dhan satguru tera hi aasra 🙏 bless keep u mind everytim ❤️🙏…,2
33487,dsscleanlinesscampaign har hath safai ko uth jate hai guru ji ek ishar pe,2
40840,dimag ha ha ha ha ha ha ha 😂😂😂😂😂😂😂😂😂😂😂😂 nan,0
20490,verri proud modi sir love india salut sir aapako sastang pranam nan,2
44736,supergirl mumbai baki south aur bhi halat kharab rehti h na humid see 😣 nan,1
26145,seem taught three line rahul gandhi - yeh vichardhara ki ladai hai karyakartaon ne bahut kaam kiya nan,1
18879,quran parh ke aisa lagta hae 'm life wrong allah meri taubah nan,1
15297,note - bjp follow abus parent famili readi retali alway tum 1 gali nan,0
30123,jo fail ho rhe wo server issu ka bahana krke nan,0
18939,sab pakistani logou'n ko yay maaloom hona chahyay kay 80s takk pia dunya ke best airlin maani jaati thee aur pia n,2
25051,main mar sakta par apn bach ko apn samni polio wala zehar nhi de skta america ek trf hame dhaki,0
26968,jaiy absolut step matter hope keep next season nan,2
15194,modi ji great real dynam leader vikash purush roozgar reserv brand shanti secur 's imand,2
23726,kejri also recd invit pm ceremoni excit chutiya ke haath mein jhaadu thammanewaal hai nan,0
35775,jan sir ab ye nara bus naam ka hi rahe gaya pakistan par ajj bhi qabiz wo hi hein un,1
21948,enthai ki phati hoi gashti randi ki olad ho tum jo fitni fasad ko phealati ho jan bojh kar alla,0
7730,thank bodi posit god andi ruiz gon na eat second dinner go pick bar fight thank andi behal nan,2
21898,shoaib bhai world cup main acha perform dani ha ap na kion kanyeahnap ka akhri world cup ha nan,1
30794,evm ghotal se sambandhit ye kitab bjp netao ne hi likhi hai uns kyu nhi puchhat,1
43823,mubarak gautam gambhir ummid hi k tum tum sach car sach ka 7 2 gay best luck nan,1
17105,modi ji badhayi ho varanasi ka niwasi hu aur hamar ilak ka ek sadak kafi din se nahi ban raha h,2
19692,baap tak kyo ja raha bijli depart kamini kejri ke paa nan,1
39098,bharat ki vika yatra 2 ki subh suruvat desh bar modi ji ki leadership mein aag badh,2
28272,jao guess happi 'm sorri still call trust nan,1
13936,allahu akbar love prophet mohammad ( w ) beyond word measur allah ya bamu,2
32021,let go yeh haalat ho gyi nan,1
13549,superstarbt offici twitter 1 5m follow thank much alway stay us,2
36029,isliy bolt hain congress raaj anpadh reht gay log ye gyan matdata suchi releas hote,1
28118,sir man gye ..🙏 ... best commentri hi nahi aap ki predit ka kahna hi kya markram wicket 🙏🙏🙏🙏🙏🙏 nan,2
11962,congress ne vote krke jitwaya 2015 modi ko rokn ke liy bjp ko 2013 k comparison jyada vote,1
1077,sasti ghatya nashi kar k ye suwar samjhti trah ki bakwa kar k humein sasti public mil jaegi nan,0
14528,meanwhil bjp head quarter jeet ke 3 din hogay isko manusmr nahi bheja kya nahi sir ab tak manifesto pad nan,1
21862,satya ki jeet hamesa hoti hai pragya thakur par congress bahut julm kiy lekin satya kabhi haa nan,2
42625,abki bar 370 35a nrc bill rohangiya bhagao famili plan ( hm 2 hamar 2 ) ye kam bht jaruri hai de nan,1
12665,rehn bro pappu na ho payega pata chala return home ka raasta bhool gaya tumh hi jaak leke ana padega agar,1
28796,kyo bhai dukhi kyon ho ? ? ? ? kya iss baat ka dukh nahi ki congress parti ki samadhi pe modijin pu,1
14833,wah ji wah bhuat khub janab nan,2
5345,abe tu apni movi bhi yed kr le thori bhul gaya ho ghatiya aadmi us movi ko poster pe thuk diya tha audienc ne 😂😂😂😂😂 nan,0
44071,ek time tha jb bjp per congress hass rhi thi aaaj congress per pura india hass rha hi ... .😇 nan,0
24732,love much seerat kapoor look beauti sexi big fan,2
23201,main accha hu teri behen ro rahi hain usko pel raha hu 😂😂😂😂😂😂,0
3046,rubika ji aap bhout badiya aur sach boln wale ho aap ek mahan anchor ho aapk sath har,2
26723,sahe kaha khubsurt girl u beauti actr love nan,2
24193,logon ki kismat mein toh lutna hi likha hai ameer gareebon ko loott hai vyapari grahakon ko loott hai aur neta,1
13835,ye vohi log hai jab indo pak outrag mai bollywood ko lame bolt hai bhadw,0
19200,two surat 100 % employ hai two even mail resum mil jayegi aapko naukri nan,1
45118,randi ki bachi tumharey baap ka maal tha jo jahaz bhar k eid karn kanjer nawaz ghadar k sath jate lanat tere,0
39629,garibo ki baat karn wale aaj kutt ki maut par aansu baha rahe hai kitn garib kutta palt hai kab,0
29764,train 13425malda town express us train ki itni halat kharab ki railway station ke koi bhi karm chari sun ne k,1
6986,tere maaliko ko jail yahi bhejeng fir payment k lie rote rehna nan,0
34160,yr serious poucho dil nai krta bus ye jo log fake fake chor bolti hn inhon ne hi muji bnaya ha nan,0
26072,khtre nhi khatr ke dar se ek muslim bjp nhi bana pai bjp darti thi modi muslim ko nh,0
16871,usi gujarat ne 26 se inc ko ek bhi seat nahi di aap log ne kya nahi kiya,1
16546,modi ji ko dubara pm banan ki hardik subhkamnay,2
18581,hmne record tod like kiy h ... 😂😂😂🤣🤣🤣 nan,1
17585,humra media indian media jais nahi hai humari 100 k hisa,1
28722,ji 🙏🏻 fan germani 🇩🇪 one n sister settl hard di,1
13034,🙏🙏🙏🙏 great leader & sweet person ( ye chehra mantri ka ni mukhmantri ka h g ) chlte rho,2
10671,topic ye modi ne hamara jhut ki dukan aur polit carrier khatam kr diya ? ? 😀😀😀 nan,0
27948,blackdrug ko bol km km engag ldko ko tho chor 😆 — n't even know person fuck would te,0
28546,true sir feel sad see made minist sushma ji prabhu sir wou,1
34450,know love someon pray pray nan,2
12865,bhai kya 3rd grade ki uraat hai isk maa baap bhi iss pareshan hong khati india ka gaati pakistan ka hai nan,0
15120,tu sbse bda chatukar h sale kbhi kbhi akilesh ka aam chusta h kbhi sivpal ka kuch bjp ka aam,0
33969,kashmir problem tere nehru ki hi hai jisko hum jammu baal bhughat rhe teri congress ki jmanat jabt,2
32473,subah yeah r live terribl time may god keep everyon safe predat nan,1
26460,modi ji appka welcom pm india,2
35068,hr sachin sehewag yuvaraj kholi z khan gambhir homm ground first work cup good team nan,1
27399,birthday girl dress first pictur felt awkward cover face 👉👈,1
16437,shayad pais abi tk nhi mile dalal media ko tbi ais baat krehe hain koi baat nhi pais j,1
13668,insan dhan dhan satguru tera hi aasra bahi ji pita ji bless u nan,2
30376,yay hit best friend shame tell could put lucki egg 😭 nan,1
27844,ave gadho gdp slow nahi hue h desh bahut tezi se age bad rha h gdp pich rah gyi h tum bhi nhi smjhoge,0
26537,augmontch indian player kareng ab kamaal har match jeet ke machayg dhamaal l,2
35252,superb present scenario ko darshata hai,2
24457,dil garden garden ho reiya ha bhtt maja reiya ha 😁😂🤣,2
40807,bjp suppot understood parent taught say jai shri ram see ghost - mamta se bhari tip nan,1
2673,chori ki baat kisn ki bjp ne koi congress ki tarah ghotal nahi kiy kal se hi congressi ev,1
28598,sir man ji eska jimmedar congress aur parti bhi hai jo elect pani ki tarah pais bahati hai nan,1
14383,wah wah 😍😍 happi birthday bahiya meri birthday par b apn asa wish karna h mention wa,2
26856,vorrect harman marri said correct wrong main harroz unka mann padhti hu j,1
12341,mahoday apko bhadhai apko awagat karana hai ki train 14216 ganga gomati lko se prayag raj jane w,1
26686,seem madam ko back side hard kick dekar bjp ne entri ka board dikha dia hai nan,0
3,pakistan ka ghra tauq pakistan israel ko tasleem nahein kerta isko palestin kehta - occupi palestin nan,0
26451,ravish ka face nahi uska content dekho jo ki aksar janta k real muddo se juda rahta hai,2
32105,unfollow pink-tarha 's dont wan na see sale updat anymor ayoko ng mahulog sa bitag ng mga sale na yan 😂😂😂😭😭😭😭 nan,1
12896,meanwhil janta ukhaad pheku nan,2
35426,walikum assalam shahid bhai wish great day & happi week ramadan ahead lot ha,1
11542,jaan obvious 'm extrem excit watch,1
13974,hindu ka nahi rote hi 😂😂😂 80 % hote hue bhi hindu khatr himodi hindu ko bacha sakta,0
30327,good btw ksi chl rha h ramzan job 2no nan,1
33317,phir theek hai angri bird ko dekh ker khayaal aya tha kay khairiat hai na main samjha pak team ka ghussa hai 😆😆 nan,2
32037,yeh dalali nahi kya hai patrkarita poor elect main aap jais aaj takabp news aur ndtv media chann nan,0
22315,bs jhuth faila lo desh 2014 evm kisk control thi desh juth failana band kr nan,0
39897,ahha actual zone sorri aag se nahi hoga vichar ki kasam 🙌😂 nan,1
43401,soniya dhoort ladi hai ye vakt mazak karn ka nahi balki shaq karn ka hai 🤔 ye khas,0
22578,zzz happi birthday kotomoto w kol saneh w ent salmeh ya raaaaab ❤️❤️❤️ nan,2
10660,bharat ke bhartiya drishtikon par adharit rashtvadi p modi ji ki hardik badhai,2
25520,studi padhnai parda ni padhna man lagdaina 😆 nan,1
44572,lea mind game astray see long gooby hooray nan,2
18169,hey guy follow hun ❤️ k 1k krwao main new dp dekhni ha iski 😂 achi bandi ha follow back dy dy gi interac nan,1
9557,aaj hamar haan waqai thand see hai baarish bhee hai insid home 's nice chilli 😍😍 nan,1
13326,boi woho sir great osm movi nan,2
44552,iss ek baat saaf hai bahut saar comment dekhn ke baad alka ji modi ji nahi gumah,1
28689,anwar lodhi sb yeh kuttay beghairt besharm ghatia kisi khanzir kee nasal say kam nahi lanatiay indian agent tugh pakistan nan,0
16229,lucki fan mannat king khan deliv box full king fruit - mango direct hand k nan,2
18382,sardana ji dangal pannel like khud bjp spoke person bjp spoke person rrs ka admivhp ek,1
26575,ye apka hi ilaqa hai na ya,1
16485,jo kisi ko jhuta bole smjh jana wo sabs bada jhuta yeh apki gawahi ne dikha dia wais aapk articl,1
42544,want girl jo bus khud bolti jae aur cup kr k sunta rao 😂 nan,1
17941,love u bhaijan father + son bharat iambharat best pic entir promot mashallah,1
20576,congratul sir .🎉 proud sir 29…,1
31013,itni nafrat kyu hai inko bjp / rss se fakenew faila kar badnam krnewal khud ko democraci ka soldier mant hai ha,2
18769,pleas akki ko choosna band kro let gain weight kya halat krdi h choo nan,0
14755,ishaikh white parent go engag go tell friend invit brown parent jab tak shadi na hojy kisi nan,0
19462,pakistan ki bar bar duhai dene wali bjp kyu evm se chunaw krwate hai jb ke pakistan beletpepar se chunaw,1
14532,🌹 good morn rockstar papa ji 🌹 🌵 plz bless sewa sumiran parmarth ka bal 💪 bakh nan,1
16104,true word mam nd aaap nd sir meri inspir ho nd plz bless nd alllah alwz bles u 😊 nan,2
27072,waaa pajii thoda ta mh bhut vada fan haa love ur voic sir ek rqst hai mehndi type song mh voic,2
20853,saffron ishq sar chadh kar bolta hai good night nan,1
18981,kyon galat afwah faila raha hai delli bhi jayegi hath se free wi fi jo diya hai tune janta dek,1
1661,ạ nh ẽ l ê n nh é em g á stay strong lalisa alway love ❤️ . alwaysstaywithlalisa,2
25858,karum sina chama chochot tznian first make life much easier maana blind parti polit imagin nan,1
16031,ye bike hue media ke log gyan baat rahe hai duniya ko ye jo apna zameer girvi rakh aay hai ye jo desh ke pradha,0
9037,apki bat bhi sahi h kyu ki bjp wale hamesha sadak par utar jate photo ko dekhlo,1
16121,hi love awwwi kinikilig ako ☺️ word warm heart ugh sweetest ♥️ thank yo,2
13554,onc result declar noth gon na happen one chang aur av wahi hoga nan,1
43993,happi weekend one 😘,1
5578,dsscampaignagainstdrugabus papa ji aj mera p hd entranc exam tha ap ji ki rehmt se bahut acha,2
22947,ab yeh kya darshata hai ? ? ? 😉 bjp alli shiv sena 's unusu prais congress presid & congress gen seci nan,1
450,lanat bhejta hn tun pe tmare harami leader niazi pe nan,0
182,well chara chor ke chele news year old nan,0
42190,mainten kon dega metro bus ki ye iski parti barbad kark rahega delhi ko chor kuch nahi lo nan,1
26205,pmi wish u happi 🎂 birthday many2 happi return 🎂 day msg bless 4sewa 🎂 simran parmarth nd gud nan,2
9134,kam da vonn made hug thechallenge33,2
8477,let defend infront sjc tu sala lgda bc nan,0
39837,baat sirf itni si hai sahib pehl mla milk pm banat aaj ik pm ne sare,2
10859,apki baapon ne hi mulk ka bera garq kiya hua ha lanti nan,0
36454,good morn pita ji pls bless sewa sumrin parmarth bakso ji truecompanion,2
17589,quot realli like argu type bite tongu shit sit right either nan,0
21902,cute badshah beauti style za bb,2
14275,mayawati ne sp p khatam kar diyaa nan,1
14615,janshankhya vradhi pe kanoon lana chahiy modi ji desh hit main bahut jaruri hai sabhi midia chanel se anurodh h,1
37077,congress ko bhi hindu hi pm banat ye mat bhulo koi tweet karn se pahl dimag ka ilaz kara lo,0
24417,abey ooo chootiay ki aulaad bakwa nhi kar dafaaa hojaaa mulk sey mulk mejn rehni k laiq nhi,0
14001,aaj kal aap congress parti ka mood pata nhi kr rahe hai phele toh bhaut krte thay 303 ka tamacha kai,0
40641,worldnotobaccoday sant rampal ji ke shishi nashili cheez ko hath kyo nahi lagat ye janan ke liy jarur dekh sa,1
30773,oohhhh ahem ahem 's ur boyfriend great knew phele se 😂😂😂🙏 nan,1
41134,sir ji kissan aap logo ki nhi unko muft ki khane ki adat nhi kisaan khud kar ke kha leta un,1
24057,n't know mumbai part bengal rain atleast novemb even de,1
19415,abey hata kuttey ki nasal saali bakwa kar rahi hai ye patwarion ko siway gandi bakwa k ata hi kuch nah,0
22359,ip jkp goli milegi kashmir ki kanhi aukat hai aapki nan,0
37143,'m happi henderson well dai lift trophi shit got everyon throughout career nan,2
18973,ghatia rhyme peom suna kar khud hi tali thoke c,2
42260,wo tere duabai ke kharch wo teri makeup ke kharch 😏 wo tere mehang design ke jhore aur kiya,1
38996,gadkari congratul sir proud whole nagpur proud nan,2
13301,hindu devi - devtaon ka apman sadhu - santo ko jail hindu tyoharo pr ban mandiro pr aakram nan,0
1925,dear nakko thank best part life thank alway know love hug,2
28585,gulwish na kr ho kutta aur bhonk na ho pmln ka chootiya aur insan ka bacha ho aisa ho nhe skta nan,0
3129,mp 🙏 jai modiji jai rss 🇮🇳🇮🇳🚩🚩🌷🌷,2
28311,aajadi miln hi nahi di subash ko dhokha deker transfer power le liya see video nan,0
14094,congratul mr amit sah becom new home minist countri ab desh surkshit hatho hai nan,2
19154,bc lekin hum crimin ka fan nhi hai jo shera se apna ga * fata chuka road pe car aur jail ghar shera ne salman k nan,0
3840,sir rahul aap pareshan na ho aapbjeet hai haar nahi kyu ki bjp evm mai gadbadi kark jeeti hai mai,0
29006,toh main usko read karn ke bad un girl ko sorri bola lekin kuch boy unk sath aak,1
22104,ins na ho payega nonsens h asi hi polit karni h inh itn hi khayal h toh pak kya kar r,0
42709,congratul upcom narendra modi 🙏 advanc 🙏 modi ji aa gay ab aapki film k liy subh nan,2
18990,abe teri maa ko chodo kute karachi k sindhi boln wale khud jiy sindh bolt yaqeen nahi ata,0
27221,imran khan aap ki team bhoran mai week per ga e aap mahen mai aik bar roll parlemantrian kese clana steak ko nan,1
44393,love har,1
37306,great man great work gippi sir love tussi chagai chandi gar amritsar chandi gar buhat vadiya mo,2
41565,sure appko 400 saal sae sambhala hai toa aaj kiya hua jo aap chintith hai wish gut,1
3068,¿ est á tu hijo tuiteando sobr la liga de las leyenda btw = buen teleport wukong lol = lucha otra linea lmao = los mago anda nan,1
19096,ye hrudaya parivartan kais anyway nice see back nan,2
15665,kaah ka janhit ghotal baaj aur dhoka diya kisano ko law order maintain nan,1
10726,yah sala infutur mai kabhi bhi pass nahi ho payega mai pappu ko yahi ray doga ki tu bjp mai peon ki post,0
42019,congratul sir parti ki sangathan aap ko bohout miss kareng sir,2
20790,congratul amitji big victori n contribut congress mukt bharat nan,0
4131,bymistak kabhi nahi kyonki ye topibaaz hain 😜 nan,1
42207,hindu muslim karn wale kutt itna nafrat h muslim se pure hindustan ke muslim ko marwa de modi,0
29984,hasan fuck news saw 😂😂😂😂😂😂😂 ab ye kya chutiyaap hai nan,0
4904,teri shakal se toh tu incest ki paidaish lagta hai bc aur mere ko pakistani bol raha hai bc,0
17718,india ye jo boll raha h n abe digvijay ka kacch ka naada banja hamesha teri patrkarita,0
15952,writer dada dono hi nahi aan waala hai kyunki aan ka copyright modiji ke pass hau nan,1
23310,bahot bahot badhai 👫👫👫,2
14586,ahsan shame whole pakistan cricket team ins nahi hoga yeh world cup k first round se bahar h,0
8487,** date crush ** crush favorit song bade aach lagt hai cr,2
5192,ye hamrey desh ka aaur desh ke logo ka saubhagya hai ki aap jaisa desh bhakat pm hamko hamrey desh ko mila,2
22808,bhai inshaallah aapki mehnat zaya nahi jayegi ab dua kart hain ke allah khair ka mamla rakh india,2
5335,thefilm best jodi salman ali bhai 15daystobharat nan,2
22426,surya kudo proud sir say,2
13935,basilio08 happi birthday 🎉💘 miss ( blast stay gorg mwa see u soon > 0 kwento kana haaa ilovey nan,2
15946,sharmilaakka congratul hope u becom jagan anna good cm kcr telangana & rule,1
20090,anil ambani withdraw rs 5000 crore case congress leader ahmadabad exitpol sabs pehl,1
37467,stick678 isi wah wah bohat khob ab kia hall hy allah raham kari nan,2
21987,brother sir ne yeh bhi btaya ki kyun kya jab bhi aap unk kaam ko nh,2
36423,yeah mom use see unk sath use watch 😊 nan,1
43780,wolverin wo 2008 se bana kar ghum rahe ..😆😆😆 nan,2
26112,tere haath mein abhi hai ghanta usko bajao bas usi ke laayak ho tum comedian funni tak nahi hain nan,0
11522,manna pdega ap logoko 6am se continu live repot krte rhe subh se shaam shaam tak aok shwetasingh,2
9294,stalk mama fb happi see live life daghana laag niya uyi 😳 nan,2
15008,aktu jayga dena kidnap wow love song 😘 'm hyderabad 'm come kolkata ei,2
24222,ghar walo ki galti ka nateeja hai yeh sab bachpan kaan ke neech lagay hote aaj yeh bevkoofi nahi dekhn,0
21141,n1ghtmare lagta hai offic electr chli gyi hai isk 😭😂😂 nan,2
20452,ind bahut aacha kaam hai bhai par hindu charter pe bhi kaam kijeay ab modi nan,1
45071,thatha mn itni qabliat tu yahan tak pohnch gya na unlik shit mental peopl jin ko doaron ki,0
12918,entir tl bless love hawa courtesi thank guy 😆😂🤣 pleas keep good work nan,2
30174,54 insallah aaj bhi mauka nahi aayrga jeet dekhn ka 4 mat,1
19400,bahoot bahoot mubrakh ho dear elder br dunni g love u enough jai hind nan,2
8363,nafisa 28 sorri 😔 nan,1
20702,kapik sibal ji london gay ye evm ka malum karn kuch nahi hua isliy congress chup hai kuc,2
14620,babi die thar daiy basi alhamdulillah bhutto still aliv noth els realli matter thar ke har gh nan,1
31810,7 show acha chalna chahiy peopl dont care kisko chanc diya kisko nhi jo main h kisliy hai entertain jyada krta hai nan,1
4265,block fenk ke marunga agar biggboss ka chutiyapa felayega tl pe 🤬🤬 fake log fake show use dekhn wale sabs bade chutiy 😂😂 nan,0
36115,vika ki baat hi kab hui thi ye chunav hindu muslim kark pe jeeta gaya h gandhi ko galiy,0
43850,janjua u make ur reput societi got freedom 1 day india 🇮🇳🇮🇳🇮🇳🇮🇳🇮🇳🇮🇳,2
19764,call u chutia fake account u becom chutia nonsens argument nan,0
6206,sane maharez haru game payena vanyo vane uta gayera khel vanera pathaidiy vayo ani season end hune bela lo,1
27321,ali ek lrki ko jitna b special feel kra lo warti wo usi k andr ha jiski upr uska dil aaya hua hota ha chahi wo chwal tareen nan,0
27006,name mila fitri sari height 150 weight 43 age 19 favorit group / singer / band cjr sign capricorn fa,1
11382,bkl ki shakal hi suar jais hai usi ko dekh k log paisa fenk dete hai nan,0
10341,dedepyaard soo funni comedi strong emot movi ca n't wait de de pyaar de 2 supbbb perform,2
25316,pic daal ke attent lena achi larkiyon ko shoba nhi deta 😑 belong sophist famili kind stop nan,2
42337,baimaan tera ajay singh cheat baaj teri airlin saal chutiya banan ke liy baith ho jakar station bhi,1
39102,desh modi bjp ke chunav jitan pr desh khushi ka watavaran nahi bjp karyakarta karyalayo bhi j,1
24090,film never age chupk chupk hrishikesh mukherje one movi watch,2
32973,tejasswiprakash hilari epi 😂 nikki teri chikki bana dungi 😂 tj r jealousi cute express love 😍 kj,2
14762,ankush tere dusr baap ko tag kara tha mc jhandu land boln ko kuch,0
27018,congratul great victori sir logo ko aap par aur bjp par pura barosha rakha hai sir ye tutna nahi chahiy nan,2
43912,arsh hate girl bht deserv log parri hain yar pta nhi q har ajeeb ghareeb bandi ko muft fame mil jati hai,0
37458,hindu aree chutiy research ka mean pata hai kya tum bach nahi ho jo sara ka sara pin poi,1
5961,nahin yeh jhoot hai pappu alreadi bhaag gaya yeh dekho,1
14505,nhi g ham ap ki trha nhi ptwari ki olad ham pakistani aur pakistan sy pyar krti h,2
22662,pata hai tu kahan selftrol hua yahan 👇👇 campaign candid parti jahil waiter,1
38063,mcm nomin best male artist year sama somnandi uyesabeka njengekhekh ley'nyo nan,2
26320,mc list bhej siwai ek ke jisn apni maa aur biwi tak ko nahi poochha bc wo martyr ko kyon yaad,0
5641,say apko pyaar dena chahta hun modi ji ke dil pyaar bharna chahata hun pyaar k nan,2
15865,patrag madechod itoha delh ish desh ka ghuspathiy ye halala wala desh nahi hai ammi ka h,0
25386,yt ever feel super duper uper lone caus nan,2
30473,ye pakistani bc beijjat hone ke liy hi paida hue hain 😂 nan,0
23570,jii bnd kro twitter choro mobil jumi ki nmaz prh k aao jummahmubarak nan,2
44752,dalal media hai bhakto ki jaal rahi hai k aab unko roti kais milegi tum kyu pareshaan ho madamm,1
29389,madam koi acchi kitab padho aisi violent kitaab padhkar aap bhi violent ho jayengi nan,2
42686,muddo ko suljhao 2024 le jao best,2
26642,wo tabhi ho sakta hai jab pappu apni apni maa apn baap aur jijaji ki naajaayaz samp,1
16255,hello guy geet & first tiktok video hope like ❤,2
43951,tum logo ne feku k 5 sal feku ki bhakti aur hindu-muslim hi kiya hefeku k 5 sal mehgaibero,1
8998,ur great leader sir pray god good health aap jaldi thik ho kar vapa aaiy aap jai,2
15086,tum jais logo ki kahn se kuch nahi hota tum jais log bas kutto ki tarah bhoukat raho bas,0
34167,ek baat kaho baji na laayak hai k chor hai agar na layak hai chor nae ho sakta agar chor ha,1
8921,ca n't love 😍,0
19639,nafi ki lad aymi desertrain ni ni chahti tm mri maze maqroz ho jao 😌😂 nan,1
23381,diis chitra veri cute pic 😍😹😹 nan,2
11133,happi birthday veer j 🎂🍰🧁🍾🥂❤️❤️ . waheguru ji hamesha chardi kala ch rakh may birthday bring lot happin,2
8197,aub aap batyeng ki jai shri ram kehna kya hota hai tumlogo ki dukan jis din bund hogi usdin bharat,0
28039,bc terrorist nahi banana hai naa hi america ke airport mein nanga hona hai jo kuran ko fol,0
13714,one first get glimps bharat thekapilsharmashow weekend 930 pm sonytvuk nan,1
30601,sarfaraz ramzan main 1 run 70 k barabar hota hay humn run thek bnay thay ab goron ko nahi pata hum kia karen 😁😁😁 nan,2
19968,kabih fail siraf kisi aurat say relat hi nahi bhi bohat say fail kabih haain jo ham insano,0
13972,na jane kahan hai mere dil ki rani uss love bahut hai baat ka usko andaza bi nahi hai jina bi muskil usk bina,1
38099,shri pranaw mukherji ke hatho mithayi khate shri narendra modi shri mukherji ak anubhawi byakti aur unka har bat pr,2
22159,ye wahi besharam hai jisn apn baap ki mitti paleet kar ke rakh di aur khud ki iski h,0
30648,krishna 😂😂🤣🤣🤣🤣 report chutiya hote h pata tha ye kuch jyaada hi ho gaya nan,0
6638,video khali thode naa tha kagta hai ikka dukka dekh ho video dekho sahab ke happyfi v dekho nan,1
13691,sinngh pakistani doosr countri khud ko indian batat phirt hain lol nan,2
28863,ujjawala yojna sabs jyda effect raha kyonki maximum ladi ne bjp ko vote diya h nan,0
34105,dekho modi ka jalwa enk pravkta bolt modi ka sufda saaf hoga ab pravktao ka bhi sufda saff ho gaya nan,2
38840,aw cute tho care haha nan,2
34597,congress ka barabri krne bjp fail ho jayegi kyuki bjp 60 sal kv raj ni kr payegi,0
20177,aap log bhi jhut ka prachar karo modi ko hadd se jada badnam karo kyuki kutt ko marn,0
10074,makh yahi tu ham kah rahe hai tum allah ke numayend ho tum ko allah ne bheja hai ab jaldi,2
7724,marathi film industri peopl miss like anyth laksha love u r part,2
6816,shahnawaz problem evm nahi hai problem hai junta ke saath samvaad khatm netaji ke time pa,1
15592,allah apka safar asaan kare aur umrah qabool kare ameen ajazkhankingdom,2
33909,bhi tari kaha fat rahi hai hum sab des k nagarik hai bjp desh k nagariko ki hattya nahi karti hai,1
12203,new adult level unlock uniron excit claim driver licens umid tomorrow ! ! ! alam ko hass,2
6306,happppi birthday bhaiyaa 😊 allah apko hmesh khush rkhe salamat raho 😊,2
18651,janta bhi chor hai train k ac dibb se chadar kambal chori ho jata hai sarkaar uss badi chor ha,0
39432,train 22846 delay 9 hour passeng pareshan hai koi suvida nahi station pe nan,2
31246,dev da tmr new movi song ami tmk valobasi realli love ❤😘 lot 😍😘☺❤💓 ... . nan,1
41821,ye galti ke frame se koe gaya nahi hoga cm sir phir se niskasit samvida karmachariyo ko dhokha mat dijiy ... …,1
24152,khel set bring biggest super exclus indianfootbal keep watch space nan,1
20624,kesi fr stori life nan,1
28914,sarkar ne aaj cabinet baithak teacher bahali par koi nirnay nahi liya sad nan,0
28265,10lakh postcard bnwane paisa ka fijul khrchi nhi h ? ? ... .. aaj tak waal jhum rhe ho sb kami nhi njr aa rhi bhakto ... . ? ? nan,0
6595,bc ye straight line dash line dot line ka chutiyapa band kro 🙄🙄 kyu aatma tadpa rahe ho mechan engin,0
22415,fake hi fake sab taraf upar se nich tak fake fake ip offic motiv speaker social med,0
41279,madam har admi ek jaisa nhn hota pyar k badl hamesha pyar hi milta hai ye allah ka bn,1
24695,haar jeet tou hoti rehti hai hope team make strong comeback prayer guy ❤️ nan,2
13277,bin pend ka lota tere jais aadmi ko hi bolt hain bhagod saal smuggl kar ka,0
28908,universe8 say sb accha purani yaadein 😂😂😂😂 still best batsman chase 😂😂😂 best luck u nan,2
37594,“ love africa love pablo ! ” - kath boop hahahahhahaa ang hilig mang-asar ni katreng 🤣,1
31822,parliament pehl jaisa hangama karn ka irada iss baar hangama karnewal ek ek kutt ko bahar b,0
24279,kosi karn walon ki kabhi haar nahi hoti,2
9138,aisa sabhi nahi kreng jo dikhta hai oh sahi nahi jo sahi hai oh aap ko dikhai nahi de rha hai lif,1
4520,bts world tour love speak live stream wembley stadium final 's d-day 06-jan ( sat ) 7… nan,1
35652,ha ha ca matlab bada wala harami hai tu ek pais ko main badalta jo hoga 😂🙏 panchur lagan,0
7323,kyo sale tu fir aa gya ab jute maru tujh tu kah raha tha congress ki sarkar b,0
23687,youthio jhoot ki hoti hai dharnon mein nach nach kar tumhara zehni tawazun kharab,0
35654,respect ji congratul hamara desh apka hatm surakhit rahega 130 core lok ka bisw,2
26812,zaman ne gham ke alawa kuch dekha nahi aajkal umme duniya se naya rishta jodn ki taak mein hai kaafir pre,2
37721,hamar bhavi pradhanmantri ne dusri baar sapath lee aur unk netrutv hamara bharat aag jay isak liy pm nare,1
12937,nikamii follow ho tbe aapka tweet dikha nan,1
15689,pakpass ye jo bakwa galiyan tujh tere jahil maa babu ne sikhayi us ko,0
18716,boy 👦👦 dekho tumhar liy kya laya hu girl 👧 khush hoker 😍😍😍 jaanu love ... ... 😘😘😘 boy 👦👦…,2
7882,friend - breakup hurt - kabhi bestfriend n exam ignor kiya h 🔥🔥 betray dhoka meme nan,1
37213,youth energet minist total hand super choic youth ki awaaz congratul nan,2
14178,jab aap log neutral na hokar bjp spokesperson ki tarah behav karog kaun bhejega debat aapko duk nan,0
31699,support cardib feminin feel music affili mikorogo * shagalabghala * nan,1
27225,4 best km kharcha full charcha nan,2
28594,abey ch * tiy tu kahan ka tee maar khan hai sala bhikhari ki aulad sarfaraz ke joot ka barabar n,0
26949,chanda 14 / nibba boy tere liy duniya chor di hai tujhp hi saan aak ruke main tujhko kitna chahta hoon ye tu kabhi soc nan,1
20444,eid selfi alreadi ugli feel nan,0
30545,billion billion dollar pound euro etc ka kiy ye khud ki maa ke bhosd ko dhandha chala kr ada karmng kya,1
32956,delhi ke bahar hoon lekin bharat ka hoon r aapka bahut follow hoon aapka prime time bahut dekhta ho,1
19900,tera kya tum log obc ki quota meh reserv le rehe ho haz ke lie 70 salo se h,0
33762,radhika jis ne diy hain dard uss ne dawa bana daali nan,1
15173,batadena go mutra use kart ho ki nahi jais tum log islam ke baar nahi jaant w,1
11467,[ video ] afghan street food seri degdan wa tanor mitra ( english substitl ) . ep focus simiyan,1
22577,dear sir pnr 2462603089 sir tomorrow exam rrb-je first time nan,1
18985,bachpan mein jab chhotta tha tunhara song honey honey dekhta tha salman khan ke saath toh main,2
44404,tv buddhi maryam suno pakistanio ke lanat tumarr chor khandan per = proud pakistani pukhtun nan,0
22598,aisa charact shayad hi kisi ne shidaat se nibhaya hoga miss sahil fam,2
39665,alecsruiz hoy claudin isa ka pa ano play safe sakal ka talaga saken sa enrol nan,1
43502,mahi modi अब ये कौन अफवाह फैला रहा है कि इस बार cricket world cup में man seri में jcb दिया जायेगा 😂😂😜 mahi01 nan,1
30708,bhamana di nayi jatt di eh yaari ah jaan nalo yaari jatt nu piyari ah,2
17979,bhiya tehtullafz segment best ! ! ! ! ! ! ! ! ! ! ! ! dil krta sunt hein rhein 😊 🌸 allah bless u bhai ) nan,2
43435,wrong wd modi & shah ... ? bjp ke bure din aan wale hain parti move toward tanashahi,0
32637,bahut acha congress ka ye faisla ise hoga ye ki media ab ka kiya hoga kise badnam karog kyun media tv channel wal,1
28900,fantast way finish mile day may celebr run final mile p nan,2
44357,chalti rahegi duniya hamar bagair bhi ek tara tutn se asman khali nhi hota good morn nan,2
22582,congratul amitji apki bahut systemat mahenat ka ye parinam hai keep nan,2
19686,fatma jannat jannt kis ko bol kr time west kr rhi ho isk tweet pdti bhi nhi jo logon k pait se niklti gandi gas h nan,0
44992,bollywood cool clear blackfac cultur appropri om shanti om cool nan,1
26254,arr pahl chaukidaari chodiy saheb resign kar diy hai chief chaukidaar wali post se 😂🤣 nan,0
12866,ind vs nz live kaha se dhek sakta hu aaj nan,1
25679,han behen unh aur koi kam nahi hai bs ab baith k twitter pr account suspend krwaeng .. ! !,1
16421,rofiqu fact hai yeh bhai modi mast chutya banaaya unko chowkidar ke naam par aur elect jeet gaya next,0
15728,kaisa hota reserv categori ke hote aur rahul gandhi prime minist banjat bjp ke itn bahumat ke b,1
18493,sahi kaha aapn par dekho inko kitni nafrat hai ink dil india ke liy humn,0
7787,lora kurnay ja ri hay kalay coat ki badmashi ab nahi chalni yah iftikhar chootari wala drama apnay anda,0
39372,ye sajish ho sakti hai bahut badi ise halk na le sarkar aur sena dono kyu bola usn aisa isko gira,1
20054,exact season old charm intact 04-may episod ago pata nahi achch khaas show ki band kyun ba,1
27729,pic1ab yeh ameer kaun paida hogaya naak tudwan ? 🤭🤨 pic2 mai ameer papaji kahi ameerzada bolk marn nahi wale 😌 pi nan,1
27436,yaadgari episod aaj ka ro pae sabhi hum geni gulbdn aami omaar bulbul chacha 1 hit episod mubark neerj vy,2
44222,jab hum pura kiraya dete aur train late chalti khana kharab mile toilet ganda ho train saaf safai na ho nan,0
13480,saregamapalilchamp bravo musician especi guitarist today hamaari adhuri kahaani well done nan,2
5537,nigam polic ka ye bartav bahut hi galat hai nan,0
27979,saala yahi agar modiji kart toh aap jais log usko master stroke bolt nan,1
36617,wait wed 👰🏼❤️ foreveralon goldi kyliecullen,1
20588,ab yahi hoga aur koi news bachi nahi darm ke naam par afwah failao gurugram ki tarha nan,0
26988,blackdiamond00 tera vazood hi khatm kar deng,0
28395,84 ehram ki haalat may aurat chehra nahi chupaati sharii masla hay damm lazi nan,1
10287,congressio ko tere baap ke khoon ka hisab dena hoga amethi congress ne sabs jyada julam kia ab,0
14458,0 shout 👇 ladi 0 veri nice interact posit aik dum mast tweet kerti hay definit nan,2
13688,bhai delet kr de ye tweet agar ne wish kr diya ************** age nhi likhunga nan,0
4135,nice pic nice dp look gorgeous laura lehsun tak thik hai 's logic behind ing someon 's profil pic nan,2
39307,abe jaa jesus ki gan chaat randi ki aulaad warna teri maa ko naga kark chod dunga bsdk madhr cho,0
7925,bajrang bali bajarang bali - dukalu yadav - cg song - audio song - lord hanuman,1
21454,nahi sir ji sadhwi pragya kisik tukro pe chal ke chunao nahi jeeti hain jan aadesh ka samman hain sadhwi pragya,1
39823,thank best pm appko mera pronam nan,2
35946,gedam14 yeh tumhar liy nhi tha priti har baar har cheez mein poke krna jroori thi jisk liy tha voh,1
15115,notambani jame harden ko dadi katn ko mat bolo warna adha american dadi catlega nan,1
35072,bihar ke ahir hi ye kaam kart warna baki rajyo ke yadav hamesha raaj kie hai aur raja,1
13513,plzzz n't spread fke news lko actual wo check ko mana kr rahe iss baat ko leke बहस hue nan,0
2911,drop name ask question .♥️ 1 age 2 height 3 fav song 4 birthday 5 bad habit 6 best friend 7 good habit nan,2
23107,mere pyaar sonaaaaa babuuuuu tera krish bhuttttttt pyaar krta h meri jaann meri raniiiiiiiiiiii 👰…,2
22916,badhai ho adarniy modi ji aap ko public dil se chahati kyoki aap sabko ek saman dekht ho aur sa,2
21940,haqu truck ki batti ki peechay mat lgao 18+ messag bhejn walay buddhay uncl perform worst nan,0
43361,teri pedaish par lannat halal li kammi se nawaz chor bachi palta wo landon se maa ka janaza pa,0
23589,love avneil n't wear clich é colour look beauti colour outfit,2
3037,modi bjp india pray rahul gandi never leav post - bjp e,0
34522,love ambareesh annaji miss annaji,1
4507,bhootfm love bhoot fm ... ♥ cox 's bazar app deya sonc,1
9808,istikhara real seek allah give readi might hurt nan,2
17538,taba ka lash dan kwallon duniya footbal hero song sallah day 50maikalangu,1
26936,hahahahahaha thank beh yuyang lihuan < 3 nan,2
15628,siddharth tu naya naya liber bana hai jyada uchal mat stop work netflix go give audit stupid rom com nan,0
10890,jin logo ko khush karn k ly tum ne ye bongi maari wohi log tujh teri auqat k mutabiq zalil kar rahe,1
44573,peak jumo naacho gaao yaaro rais toast cinema love 😍,2
10758,54 ke goli maardo ya isko captainci pr se hatao team na naa kr rkha gandu ne 😠😠😠😠 nan,0
36209,jodi tor daak shune keu na aash tobe ekla cholo rabindranath tagor jodi tor daak shune keu na aash tab bh nan,2
1960,welfarebydssvolunt dhan dhan satguru tera hi aasra good morn dear papa ji beti ka kaam shuru nan,2
19938,best morn guru pa ji .🙏🙏 pls bless n sewa simran 🙏🙏 nan,1
18111,chapter 4 fun littl car show au geet littl angst littl plot solo boy drama,1
15965,ek din desh tabaah ho jayega lekin yeh hindu-muslim ka chapter nahi close hoga stop nonsens say proud # … nan,2
33181,bikul sahi hai ab jo bhi hai khairat hai lena hai lo nahi kat lo,1
15664,possibl sabhi situatiin ko dkhne ke baad nd saari logic chz ke result ko jaannn ke baad aisa hona cha,1
35198,drug k sath pakra gya hy kia 🤣🙏,1
13902,✅7.3 gpa ✅ 7 trillion scholarship ✅ accept everi school world ✅ perfect attend ✅ princip nan,2
19350,haan aamir ne ais hi reject nahi ki movi saal ne shah bhai ka naam age kiya f,0
33748,wahi jo phle bolti aai h tripl talaq band karo halala band karo,0
32420,entir soniya song sex wts parent cool jam song child asdfghjkl fr nan,1
13895,love hurt nan,1
25418,👉💜👸🏻 usn kaha kya main bewafa hoon ..👉💔 ... main kaha tu itni dhokhebaj hai jiska koi hisaab nahi ... 👉💔 ... usn kaha b,1
18989,hamdlh heb ik maar 2 maanden miseri gehad / naar iedereen struggl better time come soon inshallah 🙏🏼❤️ nan,2
13717,minist shab necta nahi nacta huta kissi hathi k bachyy nan,0
30842,jai hind 🙏🏼,2
19656,hihihihi bachpan mein sunet kiujla kapra mein bhut aata hai ram ka naam lete hi baag jaata hai ye,2
28757,* golden word * har lafz matlab hin hota hy aur har matlab hin farq hota hy zindagi 2 cheezen totni ke liy,1
9789,cute 😭,1
44218,flawedqueen start tumn kitno ke dil thode hai 😂 nan,1
9996,xdd kal unk jyadatar batsman ne apna best bhi nhi diya tha tb ye hal kr diya tha khull sand ban k,2
20589,tums na ho paega cwc cwc19 savban cwc19 nan,0
44521,ab ye kisn afwah failayi h ki comput baba modi k silent support aur 28 k hi p,1
38274,refund sever place chalta hai jyada book nahi hua hoga abtak woh low price mein dekh leng bharatthiseid nan,1
32062,inc warm birthday greet young & dynam politician shri ji wish success nan,2
43075,madhar chod mandir tu koun sa sahi kam karta hai bachxi ka rep k,0
6355,veri nice line dad bt dad arz karta hoon kya khona h kya pana h sab yahi chhod ke jana h na tera,1
8417,kisno ka vote kisi sansad ko nai diya bo modi ko diya chaln kamal ka fhul modi ne kisan ke ley acch kam ki,2
32501,shubh din mitoa vand mataram salut arm forc nation protect freedom,2
18426,happi birthday seatmat ! ! ! thank kasi masginanahan ako mag-ar kasi katabi ko kayo ni dom hahahhah thank r,2
30099,nobita hun mai say teri hai teri 😂😂 nan,1
18499,realli thought cute omfg,1
15974,aapko bharat ratna ki tamanna thi samaj sakt bjp ki sarkar bann k bad puri nahi ho pai dard,0
36504,bhak dk bos dk 🤬🤬🤬 . sharm nahi hai tumko nan,2
7885,veri disappoint sir iss baar socha tha kuch apn kark dekkha diya kuch 💔 nan,0
28486,chutiya h bhosdi k maa k lode apni kahe jaa rha h teri seli h tu,0
9389,congratul modi ji dobra desh chalan ke liy auor modi sap se vishesh nivedan ki kripaya bank,2
15807,hous 2 vipin garden dwarka 110059 call 9811241624 nan,1
11751,manniy amit sah ji subhkamna apko ummid hai ki aap apn jimmebari ko desh hit mey aag badhayeng jaisa,2
22075,ye hai modi j k chahet inko khud nahi pata ki ye kaha se janm hai shayad gutter se ya suar ki paida,0
19000,lekin mjje banana nai ataa 😢😢,1
14123,isi nirasha k mahol tum jais suwar logon ko buri narah se haar ka samna karna pada dub maro dkbose nahi t9 jan,0
26411,heartiest congratul best hon prime minist amaz victori may god give nan,2
19087,bohot purani ho gayi hai har noob ne kharedi hoti hai mera pehl mood tha khareedoo,1
38851,rathe 😂😂😂😂😂 khud hi maan liya ki fake id hai smjh nahi aata bhakto ko,2
2253,jb tk ais chutiy rheng bharat aag nhi badh skta saal cast ko apn pichhwad daal lo,0
18486,hater kha buddh ko world cup squad le liy h 😐 bc agr dhoni ki jgh tumko khilat centuri mar lete kya,0
37152,mansoor ali jab tak khan sahab hain hamari team wc nahi jeet sakti kyun k woh ye credit kisi ko nahi dena,0
4978,death ki okad bata deya bc block maar deya paid user ka lakho rupe lekr ye l,0
22117,dalaaal ko dalaaal nhi tu gobar kahega kia know media dalaal nan,0
37254,mukesh film lekh ~ { 1949 } ~ lut gaya din raat ka araam kiyun [ great gem-mi fav ] # */,1
24205,cours lie even wrong translat ik open said point,1
21776,woooooo achha tabhi bolu ye saal khan ke chamch akki ko us thin look ka,0
32247,das123 dono kaan ke bad nak bhi giya 🤣 nan,1
30058,arpit uthao saal ko vahan se sir kind get brat airlift & shift tihar nan,1
12739,bc haad ho gyi aar mc uss bacha leyta ya video apni gand thoo le bc bagwan ne dill,0
34842,namashkar modi ji aap desh ka bhavisya hai yaha ki puri aabadi ke liy bhagwan ka roop lekar aay h,2
33814,hai dear friend 's relat 's pleasur invit wed ceremoni el,2
28798,visva kumar great leader n't know great human like perform 😄😄🎤,2
15383,sheikh 350 ka target kaha ha pure wc kbhi bhi bn skta ha 😂 nan,1
18627,hum nepot favorit ki siyasat nahi krtay suna tha koi keh raha tha shyd kahi uturn nahi lelia nan,0
12961,mithoon - arijit reunit kabir singh 's new song tujh kitna chahn lage tujhekitnachahnelag kabirsingh mithoon # … nan,1
12591,barthwal kuchh nahi kal india today ki debat ise surya ne dho dala tha uski bhad,1
24677,pray everyon one get chanc complet hajj / umrah insha allah ❤️ nan,2
13240,bea isk zimmedar wo harami maulana aur algaowadi neta h jo apn bacchon ko foreign mein p,0
33109,yogesh93 salman khan show maza aayega ab 😂😂😂😂😂 4daystobharat nan,1
17008,meri life mae aik ap apa ke brday ka din ais hota hae js ka muja bht intazar hota ha,2
22716,anjana ji desh berozgaari ki bahot badi samasya hai sab chaipakod etc bechan lag gay k,1
41754,chettri 7 main chhupaya hi nahi yaar baki tweeter bpar ais hajaro h jo khud ko,1
27278,smirti ji ko phir ek bar phir mantri bnana par sabhi dasvasiyo ki taraf sa dil sa abhinandan asa karta hu ki jaisa,2
13203,telangana say inki isliy jalti hai hum ko ghass nahi dalt inki daal nahi galti idar b,0
26605,jais ki hamar gaon mein lalpur lohar basti mein ek transform lagai gayi hai 2 - 4 saal pahl jab,2
22352,sarm nahi bjp rss ke chaddi dhari logo ko ye mla h ya janvar gadha,0
12974,awaaz tujh jaisa bhadav dalal sala apn ko,0
26159,brigad dayar18 wo celeb hai uss ki jrurt nhi tum uss krwao 😂 nan,1
27058,yeh kya tha phir ? ! ! hate ko consum kark bahar na nikalu aur self-sacrif bholenaath jaisa,2
36300,ekdm sahi kha tumn dipika ki chut ka jo grm mut hoga uska mza hi alg hoga aur huma ki bdi gori lal ched vali gand se nikala mal nan,0
37179,hinduo ke khilaf ho rahe atyachar ke virodh aavaj uthai isliy jhute aarop lagakar fas nan,1
13757,sarfarazahm wah wah wah captain dil jeet liya apna nation dress pehen kar 👏👏👏👏 make us proud sarfaraz wehavewewil cwc19 nan,2
7754,aaya result desh ka pappu toh fail hai papu k saatgathbandhan toh fail hai bua bhateja eka bandhan fail hai didi,0
16249,30ml sharab 01-mar kark pine wale laundey bolt hai - get intox 🙄 nan,0
18215,sp ullu ki patthi jyada chillaegi san fool jaegi vap pakistan bhag bhi nhi paegi ab khatir,0
2649,thank u come live 😘 miss 😭 bhai apn duaa k kaha apka lia har namaz duaa krti hn apka nam la ka r aesa nan,1
25466,sir akhilesh yadav mai ak samajvadi ka imandar karyakarta hu bidhuna auraiya se ham apko tweet ke madhyam se batan,1
32040,aaj ye khabar pad kar insaaf se bharosa uth gaya studi ka koi matlab nahi reh gaya paper leak hua apni galti,1
14189,💕 good morn almighti papa ji 💕 🌹 plz bless sewa sumiran parmarth ka bal 💪 bakhsh nan,2
10301,aap ne bhut sare apn realm fan kho diy sir mene apna data khoya tha lekin wapa paa liya thank,2
15401,unemploy modi hein mumkin hein sad realiti,0
45057,extra big parang pagmamah ko sakanya hahaha ayieee love nay z zsazsapadilladiva2divaustour,2
34890,chutiy poor pais dede aur uh unemploy ko badhava dete rahe hena tum chahat kya ho,0
25013,20 maro hate nan,1
17383,hit us hit harder ! ! ! like dumb guy deal alreadi got mani,0
24764,officiel puri duniya ka sb se skti maan h hmara modi jai hind modi ji nan,2
13888,jaan laga bhai insha allah hm jeeteng best pr,2
41632,woooo hooooo beaten serena absolut brilliant fantast perform 🏆 nan,2
14756,teri maa ki chut u stupid tumhari pad ne ki aukat nhi aur hungn k liy phle khd,0
41220,30 % se adhik muslim voter wale seat par bjp nahi jeet paayi hai matlab saaf hai ki muslimon ne bjp ko,0
26841,never follow cricket super cool analysi best player ( kholi ) done u nan,2
25053,tarah receiv hone khatam ho jayeng par life depend hoti hai ise ghataya ya badhaya nahi ja sakta hai janm k sa,1
21573,badshah zaheer abba khan cricket world cup 2019 song pakistan,1
14019,blv karma kisi ke chehr ki muskn chinkr khud kbi khush ni rha ja jo dia h wps bhi milega,2
27529,wow ye nahi pata tha ki hf ki open g3 se achi thi vese bhi hf seri > > > gol,2
13187,sayss say happi bday fatima sorri late wish cuz ibadat ki raat thi toh abi free huwa dua zarur ki humesha khush rahou nan,2
10940,patrag haarn ke gum se bahar nikaliy aur hindu muslim ke beach nafraat bona ba,1
27968,wait detail bolta r * ndi ab khush ? 😕 nan,0
32999,baat jeetn aur haarn ki nahi hai common sens ki hai aur public ke saamn nautanki kareng pu,1
11287,trump america hate minor boooooo m0di india hate minor pataka phodo 🎉🎉 nan,1
25684,shot77 hahaha 😂😂 uski masculin feminin ki galtyan 🤣🤣🔥 arsal ko ki jiya ko ka 🤣 nan,1
17580,love chor bolo love beech bolo love maut k saudagar bolo love bic,0
27410,mhr 27 ramdan allah almighti bless us pakistan bless night pray prosper countri # … nan,2
27224,yes shivin fact ke iss chao mein bhi inka pyar nahi badla aur na kabhi badlega nan,2
26510,jaroor kijiy aap jais chor aur bhrust neta isk alawa kuchh kar bhi nahi sakt fe,0
24625,sir proud ye begharat jitni jhoot boli bolni doo allah hamesha sachaii ka sath detaaa nan,2
9656,de rasta song definit danc wed day ❤🔥 nan,2
18192,param aadarniy modi ji ham jaunpur jila bjp korean justin v modi ji korean dubai pm banan k j li,1
6983,pc fix tablet draw art pixel baba keke garden pallet endesga16 import baba ba nan,1
5923,app logo ko bohat jalan ho rahe hain bernol use keya karo 🤣🤣 bloodi afghani khud london mazey l,0
34798,sirjiiiii app great hoooo like video much shukriya sirjiiiii musican koo itn,2
33679,bjp jindabad tha aur rhega chunav bhi bjp hi jitegi kyo ki hm uns behtar kr rh,2
20043,abroad properti rakh kr chhupan wal respectful hota aqam ne panama harami waseem abbasi nan,0
17498,peopl give respect lol jo apn motherland ka nahi hua tumhara bhi nahi hoga india bhi kai kami,0
13081,ye moka b j p ko shayad ab kabhi nahi milega kyonki center congress aayegi hi nahi lekin p,0
12668,jb tak sindh main bewakuf log hain zardari jail nahi jasakta gareeb sindhi aaj,0
27722,tu waki kisi hrami aur ghaddar ki aulad hai jo mohsin dawar aur ali wazir ka sath deta pmln kutti leagu ppp hrami nan,0
13490,peopl summer like * nahayeng aur jo ni nahata usko nehlayeg 😅 emiway thandai nan,1
35979,ptm go agenda banandarrestptm harray plz 🙏🙏🙏🙏🙏🙏🙏🙏,1
8574,urdu come back nahi sedha back pakistan player 's short pitch ball nahi khel sakt yeh halat hai urdu nan,0
37357,congratul pm narendra modi ji pichl panch saal mein aapk dwara kiy gay karya ka parinaam hai ya badi jee,2
20315,tumhari samajh se bahar ki chhez hai apn ghutno par jyada jor mat dalo go kitchen nan,0
28400,aisa h k congress ne apn log bhejn band kar diy h tv debat ye ab kareg,1
31959,sindhi baray harami hain ye munafiq azadi say pahlay ye angraizon ko aupni aurtain,0
21932,verri puka ni valla fanz andaru matalu padalsivastundi kutta muskoni lawda ga musugu na madda nan,0
26931,2221 2019 go aap sey mil kar achcha laga unless better one come nan,1
21572,xx mai dil se duaa karta hu aap aan wali bharat movi super hit ho nan,2
29661,jis bjp ne jayant ko sansad banaya tha vahi jayant bjp ko dafan kar rha tha ab 5 saal masti se kaato 😛 p,0
17903,mahogan get love friend & dont think thatll ever chang fr whole heart nan,2
14560,thank much saaray notif bekaar thay ab acha lag raha hai 😍😍 nan,2
37562,khale mahmud ki bowl nai humein ek match harwa diya tha rememb 🤣 nan,0
18263,baukhlahat apko hai sinha ji ram ram jpa kariy subah sham age ho chuki hai kuc,1
14219,rajasthan hindu ladki se rape usk bad usko mar diya gya polic ne koi karwayi nhi ki kyonki wo log muslim th,0
33665,rashid sala chutia tere ghar mein maa bhen nahi hai kya nan,0
22586,news odisha dhoka diya nabin pattnaik peopl western odisha nan,1
11606,har umar main pyar hota hai alag tarik ka nice one nan,1
42791,bus itn se problem ho gayi tumko apn kaand bhool gay jo kashmir krke beth ho tum log ye toh bet,0
24086,happi birthday sweet sister cute friend wish aa happi return th,2
22787,nahi matlab aik match har gaya toh hum toh peh e pakistan ko support nahi kar rahi thi naak katwa deta yeh har,0
8000,kunal kamra like main kya mandir ka ghanta hu jo har koi aak baja jata hai nan,1
6265,bahoot hi sweet nd nice hai nan,2
6593,iska sabs bada kar nan,0
24943,hmm sbhi ko apk netrattv ki jaroort hai ji apki soch apk swabhav ki koi jod nhi ap desh k yuvao,2
9281,keht hai khaana khilaana neiki hota hai aiyy iss ramzan hum aur aap milkar thori neiki kare everi 5 follo,2
37755,jais tere khabe baap ne purani tasweer laga li aur teri maa bi soch ri ho wo bi 25 saal ki ho gai hai aur kahin,0
6187,hindu hater come critic / report nonsens behavior deshdrohi dodo nan,0
14265,teri aukaat dhobi ka kutta na ghar ka na ghat ka pappu abhi natak kar raha hain toh congress ke spoke,0
15657,uski fikr chor k jo apki mulk mei choti bachio k rape ho ry hen uska koi qanoon bnae shame nan,0
25655,priyadarshan master creat good comedi like chupk chupk malam week hera pheri 🙂 nan,2
28431,insan1 happi birthday sister ji msg papa bless u alway 🤗🤗🤗🎂🎂🎂🎁🎁🎁🎊🎊🎊🎉🎉🎉🎉 dhan dhan satguru tera hi aa nan,2
17544,current year annuiti 2019 volum -2 pratiyogita darpan help build knowledg nation intern p nan,2
37270,bs agi futur aisa bright ho 😍❤️ tum mai humr 2 cute bach 😍,1
21111,asli janta khaskar nai pidhi jyada jagrook aur samajhdar ho chuki haiachh kharab bure ka,1
19605,akkineni look super thaman sir wait fall love majilibgmjukebox nan,2
23045,'m sorri hiba nawaab ji meri ek hi wish hai ki main aaps miloon aur aapk saath photo loon,2
14220,go abl handl wait next one ganna good nan,2
11501,har jagah yahi sab chalra haraamiyo ka religion peac ✌️,2
866,sk chetan adarsh abe chutiy tera crimin jaisa ghatiya public stunt nhi kr rha h n jo unnec,0
40593,whi give traitor much import kuttay ki mout maro aur qissa khatam punishmohsinnow nan,0
13033,haadi happi birthday dear 🎂🎂🎂🌷🌷🌷🌷🌷 may live long 😍😍😍 allah bhout c khushion se nawaz aapko 🌷🌷 🎂🎂🎂🎂🎂🎂🎂🎂🎂🎂🎂🎂🎂🎂🎂🎂… nan,2
14321,peersaeen tum kya jano ladlay babumeri bongyaan high level ki hotii haintum nahi smjho geapn ittuuu chot,1
11248,first space movi hai bc aur ye bc ek poster nahi de rhe launch se lekar mar ke chakkar lg nan,0
11996,ppp tujhi bhe k sath otha k chittar marnay chahyai nan,0
14336,tujh maar diya next elect bjp ka prachaar kaun karega 😂😂 nan,0
11419,'s beauti pic ever exist like look beauti outfit beauti eye beautifu nan,2
11822,chori ka nazariyacorrupt ka nazariyamega project mea commiss khane ka nazariya nan,2
14080,tum logo ne feku k 5 sal feku ki bhakti aur hindu-muslim hi kiya hefeku k 5 sal mehgaibero,0
21418,ragini ji opposit ko media ko bycott karna hi hoga bjp ki jeet sirf sirf kuch media ke pachar ke wajs hoy,1
10396,chutiy pic main bola pakistan hindu lol ja pani puri bhej nan,1
28642,sir u r top jo jais boyega vaisa hi payega aapn modi ko seema bahar fekn ki baat ki,0
15363,brook femal alway think right < < nan,1
42620,akshay se zada bda busi man koi nhi h voh kbhi khud ka nuksan nh,2
24516,kyu bai anti modi josh itni jaldi chalaa gayaa sad give illog chidish statement suit nan,0
36605,nowplay main tujhs pyar kiya hai suryaa oursoundtrack,1
12852,hope wish & dream come true sorri budi late wish wo kehti hy na never late happi,2
16881,mighti concern ti ko yeh khud dikhai nahi deta take action concern ti well nan,0
6210,first paid bill spoil fuck crazi kick curb end storyyyyi nan,1
24646,ruth ko manan ki dua wazifa amal tarika aur taweez,1
10914,💕 good morn almighti papa ji 💕 🌵 plz bless sewa sumiran parmarth ka bal 💪 bakh nan,1
15986,delhi polic tere bap ki nahi hai ki jais tu bolega wo kam kr,0
26678,chutiy akut rah kar bhat karo tm jise jhatu ka khene sa hindu terror nahi ban jata terrorist ka ek religion h wo islam h nan,0
8193,great job ignor ramjaan k samay pura din bhukh rakh kr aap,2
13840,@ 148023 bhout khub sir song year main apk home town malerkotla se,2
37244,sale angrej ki olad tere bapu ne konsa idhar rastbhakti dikhi thi foot sale bhadv ki olad nan,0
10937,saniya good morn sis kaisi ho aap nan,1
12942,jaiy pain anyway coz physic ruiz ca n't even match nan,1
13082,enko pata nahi fir kya bolna kya nahii cz abhi pagla gay repli mat nan,0
19050,sharma78 good night mere sohn satguru g thank everyth 😇 stay 🤗 alway everi stage nan,2
17476,dil khush ho gaya tum bc ka ye haal dekh k hanuman ji tak ko nahi bakshog toh kais bachog mc,0
14809,go back manirul islam sir manirul islam ko bjp maat lijiy vote ke pehl yeh bahut hindu ko mar,0
23870,hiii would mean world n't understand much love,2
44505,gazipur ki janta ki budhi bharast ho gayi hai sir iska khamiyaza 5sal bhugatagi nan,0
14350,kasm main laa laini way juti saw anymor tweet ghabrana nahi hai nan,0
20001,qom ka maal chori kerna agar civil supermesi hay ham per laakh baar lanat bhaijtay haain qaizi,0
25979,ye sb sale dogl h jais logo ko bharat se bhaga dena chhiy nan,0
29355,yogendrayadav looser feel imp actual real peopl india iss gadh ko ghas bhi nehin dalt nan,0
12860,@ 919977012012 riyaz gujarat inhon khudn quran nahi padhi nan,0
17014,kbhi khaamoshi bhi boht kuch keh jati h tarpan ke liy yaad reh jati hai kia farq parhta hai capstan ho ya gold leaf j nan,0
12620,vivek oberoi sir apka perform powerful laa javab blockbust movi nan,2
64,krishna jcb full trend chal rahi aa nan,2
20525,boybhaiya ek dettol dena bhaiyabhai dettol kyu chahiy boywoh gf ki maa ko manan jana hai 😁 bhaiyapar dett,1
11164,sabhi ko hamar taraf se bhi badhai,1
14617,ye naaz ye andaaz humar nahi hote jholi agar tukd tumhar nahi hote milti na agar bheek huzoor aapk darr se,1
35465,chutiy teri gaand agg lag giyei na bharw 😂 modi fir se aa gaya tu bhukha nehi marega,0
11487,[ code dad ] war pike = best n't grubhub sub,1
28889,modi ke new india mein aapka swagat hai desh ka vika aatankwadi hatyar gund balatkaari lyncher dangai loot,0
36264,baaki ka pata nahi par ad dekh ke ye pata chal gaya hai ki ke paa ( le de ke ) 5 se zyaada sponso,1
14954,bhaut bhaut bhadhyai ho app ko ki aap hamar new india ke defenc minist bane 🙏 . bas ek request,2
38550,hearthrob honey bunnyyi 💙 twitter p aana akm q kr dia hai miss sooo much 😭💙 hope happi wherev 💙 love ❤ nan,2
37941,somanshu imran bhai ko sbse jayada sadma laga hai ume krte hain aaney waala 5 saal aapko sadm,1
3105,garmi bhoolnay hi nahi day rahi kay wo hai wo jo irrit uninvit mehman houta hai na jo kitchen tak puhanch jaata hai nan,0
22918,kanha batman ha ek fan hi bahut hai movi ko,1
26268,aap ek good orat well educ hai usmay koi doubt nahi jaha bolt hai bihari aap per prou,2
15824,anyon want say tum jeeto yah haaro humain tm se pyar hai suck dick wo n't mind ty nan,0
28606,better yesterday pal nan,2
20458,jai shree ram,1
32715,🙏 best luck sir god bless u n bhart ( india ) 🙏 countri safe & secur bjp hand vandey matram nan,1
35558,jai shri ram haz turn vand mataram day,1
37861,ind teacher - class main koi tiffin nahi khayega * pich seat wale harami bachch * krishna bie nan,1
41371,sardar ho kr sharab ka apman ye punjab mini dharm hota hai religi sentiment hurt krne ka case banta hai idhar 😑 nan,1
807,would bring great joy hear rendit des ree “ got ta ” . sayin xoxo nan,1
36482,height sir se paanv tak birthday parti nahi dunga sign poor naam ke karta hun favourit colour rangeen hai zindag nan,2
11653,height sir se paanv tak birthday parti nahi dunga sign poor naam ke karta hun favourit colour rangeen hai zindag nan,1
20447,ggn miss lot general public like us improv passport servic effici nan,2
27674,hussam evm ki rig nahi hui hindu mind ki rig ho chuki hai nation chief ne kiu kaha nan,0
26167,pubg agar band ki tou apna squad bana kar mein wazeer e azam hous main pubg kheloon ga 😡😡😡 nan,1
28070,becaus sushant 's big movi come august nitesh tiwari good hy,2
26428,aaaaaa pls combust ur sweet ilu ! ! ! ! 🥺💕💞💗💘💞💕 nan,1
25968,lms parker best heartbeep today 💗💗💗💗💗💗💗💗💗 thand text daddi nan,2
20889,ab tere se econom ka lesson le humlog lauri ki behan nan,0
2018,arey bhau iss bar budget kaam hain na 😂 lonavla se direct goregaon filmciti mein set laga hain 😅 nan,2
7108,jaat boln ke dhang yeh kyu bata rahe ho ki haar gay arey bahut tarkeek hai aur bhi kati pal,1
40820,congress ke time par vo bhi nhi thi .. ! aur sun total mp bjp btaaa ? ? ? agar himat hai toh jawab de nan,1
33995,chakravarti samrat maharaja dhiraj raj rajeshwar veer siromani shahanshah e azam maa bharti ke ladl saput maa hiraben k nan,2
44441,34 ham ko koi wazat nahi deni ham pakistan es itni mohabbat kartay hain,1
19192,tum aap vale chutiy kabi na sudrog desh ko uhi bjp congress khujliw ke naam pr gumraha kart rhe,0
22105,kal tk jinko koi pochta b nai tha aj wo 10k 20k ki eidi ki pic laga hain beecceio kahn se chaap k note laa rahi ho 😤 nan,0
17419,yahodion k sath karobar kis k hain nawaz sharif k jandal k sath karobar kis k nawaz k nan,1
21366,anpad ganwar ho kya googl pe tube pe sari ayashiyo ki gandhi ki kahaniy hai j,0
18904,narendra damodar modi ji best vadnagar ke kamalka banshiwala shubh ho apka e jatra nan,2
30109,ach haal mein tou balochistan bhi nahi aur sindh aur janoobi punjab mein bhi koi jannat ki nehrain nahi beh rahi,0
42659,[ gym ] breath random guy - ais nhi hoga galat ker rahe ho pahl oxygen nahi nitrogen lo nan,1
34535,se koi chootiya scholar nahi understand social liter understand,0
36447,teacher class koi tiffin nhi khye gh * pich seat wale harami bche *,1
20390,clean shave bhi jaruri nahi h u decent beard style also fanci one nan,1
2914,certif pe 167m kyu dikha rha nan,1
2924,bjp bahut sari shubh kananeaapko seco,2
10432,koi nahi karega dhrna pardarsan agar koi leader pit jata ya mar jata hum karya karta es kaam ko,2
36287,chavhaji musalman kehtahai gaiy ke naam pe musalman ko hatya kiyajaaraa haina hindu vo ko k,1
33821,sir blind support bjp dumb sens arrog bjp mla,1
18954,jeeth ki bahut bahut badai avem shubkamnaye bjp ne purna bahumath se safalta ka jhandha parcham la,2
13371,happi didi come back week moral hit liabil doubl play bum ankl nan,0
26321,wealth saap bhi mar gaya aur lathi bhi nahi tuti nan,1
16872,general makus love man iri 's tune wick god speed sir taxidrivershow africanhistoryclass @ … nan,2
39582,kamakshi jada mt bolo ise vrna block kr dega muje kr hi rkha h nan,0
5031,open sirje one thing send dm respond thank nan,1
40552,brahman devta ke charan chookar namaz padho rss / bjp ke log khush ho jayengain aap muslim se inka koi v,0
28994,well beacon truth said one ever karl rove conspiracy-garbag hawker brit hume nan,2
13692,modi ji ko credit lene ke liy naya mudda mil gaya thank modi ji,2
2855,bilkul sahi nirupam kyunki congress ke paa kuch nahi bacha ab ja ke boleg bhi kya galiya ? …,0
15962,kyun k ye media wali khud b manhoo kisam k saanp hn 😡😡 jo moka milni pr pakidtan ko dastay hn 😠😠😠😠😠😠 nan,0
11445,allah maaf kare yeh tou ayat ul kursi se bhi nahi jarha,1
35717,mamata react jai shri ram slogan must respond jai gandhiji jai nehru nan,2
16160,tum jais sold-out man rheng yhi hoga bjp agent nan,0
19466,happi birthday srinish aravind - filmi duniya help line 8866681188 / 2288 / 3388 / 4488 born 31 may 1943 ( …,1
12610,jo chai wala land cruiser se chalta hai level pe kyu laat ho rajneeti ko nan,0
30417,jab se cabl siystem lagha hamra transfamir 3sri bar jal gaya aur hum khud banwatey hein sir bil bi datey afso nan,1
14347,ji ne baar jo team banayi uss lagta nhi ki ink jo vade pur,0
27409,aap ais kais jaa sakt hain abhi tou apko kuch pata hi nahi achaa tou ab bata aap jab bhi muskur hain,1
37240,win gadkari nana ka popat ho gaya worst part believ chanc win nan,0
20812,good thing nesamani get support op join chinna amma support nesamani pray neasaman nan,1
18727,mai narendra damodarda modi ishwar ke shapath leta hoon gave goosebump felt ... …,2
16283,69 captan ka kasur nahi hai uper jo manag bathi hai sara masla un say hota hai nan,1
39446,secular ki geet vokn bale kutt ab kahan hai agar kisi parti k log ho jate kutt vok rehe hote nan,2
35305,se uski emi nhi de pa rha kripaya toll ko nyaysangat banaiy varna bhot saari young live khatam ho jaayegi jo,2
12599,khan takey wo apni baqi zindagi apn gunahon ki saza pakr jail main guzaren ameen nan,2
14149,duniya ka sabs imaandaar admi yani aaaj sabs corrupt logo ke saath evm khraab bo,0
35245,noth beat roti chatni makhni along lassi heat desi nan,2
26681,thinker naam lene se darta hai kya chor de daadi tinka ? ? . tu free thinker nahi nakarakmak thinker hai bhai nan,0
42923,isi sidra tum ko sharam nahi aati holnak waqiy pe b riyasat kar rahi ho imran charsi k ba,0
7963,kisha x mata - peopl man tpm ( sick jab riddim ) [ 2018 soca ] [ hd ] 35539 nan,1
16466,jayega siddhu rahul ki aur se shanti ka prastav lekar ke bar hum aapk modiji se nahi,1
37464,gn subhratri vri nyc supprb jarur bilkul 👍👍👍👍 nan,2
41630,congratul shri piyushje namaskar feel relax happi assum offic,2
6478,congratul prime minist ( adarana pradhan mantri ) nerandra modi ji th,2
35623,kar yaar awww n't make fall love yarr 😂 . okay dear go btw thank 😂😜 nan,1
7574,lage raho sir abki 44 se 4 ka target miss ho gaya abki 52 se 5 pe layeng jai pariwaarwaad best wish nan,1
42187,yeh uski beti ka khud ka decis hai achay buray ki samaj hui hai,2
25544,ko shak yeh kehe ke wo afghani afghani rehega tu usk bad use kiuo haq ke wo pakistan ki parlement mein beht nan,0
36039,relhan india domino 's vri lazi servic nowaday lagta h ye v congress support hai dukh ubhar ni pae hai nan,0
15882,pray kedarnath templ har har mahadev,2
26925,student ka futur kharab ho rha hai 2013 ki vacanc ab tak clear nhi ho payi aap,0
8929,anshulg1 hahaha hahahaha hah nice u yrrrr ur ga faadu type person love uh,2
34573,sir constitut bachan wala menifasto hota 52 nahi hoti 303 hoti aap ke paa aap ne apni famili,0
18835,thank much sir aaj koi film star hota aap log mere comment ko social issu bana dete koi neta hota,1
40536,heheheh finish project probabl present friday mayb monday 8 aka 6 hour,1
13721,abbey dall beti ko molest karn ki shikayat karn gaya bap ki tere jija sasuraliyo ne jo boti bo,0
11582,humar pradhanmantriji ko bahut bahut shubkamnay nation good wish bless alway team 🙏 nan,2
11762,ind ye hindutva bhagwa aatankwaadi terrorist jaahil kutt hain ink munh nahi lagna,1
41766,garm te hizo guapa best te hizo preciosa nan,1
30389,bharat naam hi kafi hai hit hone k liy uspar hai toh gurante hai super hot ki ky,2
20216,hindu muslim naam pe card khelnewali aap es desh ke sad ho 2cr rohingya ke vote se cm chalan,0
22316,sharma amd hahahahahaha ab bhul gye abhisar,2
4605,modi ji sapat se phale ek din bi light nhi gyi kyu ki lene ab pht vohi darma strt ho gya hai jo kirshan pal,1
19792,m1 idhi nana maata naa math shaashanam 🙏🙏 whenev watch first thing come mind role rajmata nan,2
14253,janab baldia town 3 sa 4 time load shead ho rahi h ap kuch krta kew nhi agr ap jawab nhi dia,1
18061,far away twt thank much giveaway 😊🍀 nan,2
10119,aur buis se jo sarkar tax leti hai wo ais hi bahut hai buis ko badhan ki koshish honi chahiy taki tax,1
18793,happi birthday bhaiya aap jeeyo hazaro saal happi birthday nan,2
14622,baat sahi kahi par lagta nahi tum pagla gai ho jo tarah ki baat kar rahi ho mai kahta hoo muz anpad se app,1
29092,sekh mujeeb nayla kadri jindawad indian armi jindawad jay hind 🇮🇳🇮🇳🇮🇳🇮🇳🇮🇳🇮🇳🇮🇳🇮🇳🇮🇳🇮🇳🇮🇳🇮🇳 nan,2
24806,modi aan ke bad agar koi kam karana hai kutiya ko jail bhe,0
7833,talash pakistan kay har ghar ki kahani thank muftay well research preview featurefilm zeekayfilm come nan,2
30098,makind agebeeka good good mean level asha nan,2
19282,wish get lucki fattu 🤞🏼 nan,2
5240,apka esi bt pe dio khush hogya wapi bula len awin banda thak na jaw 😂 fun bro nan,1
8278,vk avneil tweetx 🙈🙈🙈🙈 kharach 😍😍😍 love u 😘😘😘😘😘 tar javal pan rahat parti well 😂😂😂 nan,2
16245,murga mar gaya kukdu kukdu kar karo ke subh se 😜😜😜😜😜 nan,1
18004,railway se union ko hatana hai ye chor hai sb nan,0
3293,fav film come soon ardaaskaraan paji 🙏 paji teaser,1
31391,& wtf pretti eye eye fuck eye video actual annoy imagin ignor shit nan,0
23641,yaa afcos jitega bro becoes india best teem world nan,2
36245,nach mere nagin paisa milega bhi timko aab nahi bacha payega doctor fake news nan,2
37302,darpan arrey ( sidhu ji ) baba yaad hai ya yaad dilana padega 😅 apk ke baba amethi haar gye 😆 ap po nan,1
23143,yaara eidkaraad kuch hor mangda nahi sirf ek hor trailer releas kar day lol eid karaa de 🙏🎉🎉🎉 7day nan,1
20347,sport defend champ melissa look go extra mile westminst,1
27610,7 hum sala kitana bhi achha tweet kare koi sala like tak nahi dete aur ais bhs ree ki londiy,0
4312,rajpoot333 khalid thankyou bhai post ab mujhi yqen haiun tak pohonch jay g nan,2
26341,watch punjabi movi rabbdaradio2 nice work team nice stori must watch,2
29273,go super fun superdancerchapter3 mr theek hai saksham & come togeth n't miss th nan,1
20178,istiyak idirisi aap sab gujari karta hu ki ik singer hu aur new song kar na chata hu laykin mujh,2
9184,sahi kaha nikhil sir jb bjp ne ko bycott kr dia sirf isliy ki wo apna kaam kr rhe bina k,1
39437,also vote bjp n feel proud b bjpian bt congressian laugh usseri sir nan,0
38505,tum jo kar rahi ho ka anjaam thek nhe ho ga,0
43059,kalau betul kau sayang dia support dia sehabi mampu kalau dia simpan duit utk halalkan kau kau simpankan skali bila kel nan,2
22546,kabhi ka bhi ho ghanta karvay koi bhi hal inh job se nahi nikala gaya hoga uss huva kya ye,1
16210,congress aur opposit parti media ka modi agenda ( hindu-muslim ) pehl sam,1
37750,best thing liber journalist normalis everyth use ‘ modi 2 ’ one bhaisahab p,1
25922,sincer agar ho thek otherwis whoi bezti bhe kar saktai nan,1
17606,nirupam ji suna hai aapki halat congress mey aisey ho gayi jaisey kahtey dhobi ka kutta na ghar ka,0
16542,champion trophi bhi 82 run bana thi usk bad pakistan ne jo kiya duniya ne dekha nan,2
35066,desh jitn bi ngo hai une jel sadavo ye ngo jentta ka seva nai kart ye ngo desh durohi kaam,0
36452,sorri 15 ka mtlab ye nhi hai k 1214am tk bakwaa krti raho nan,0
21801,scindia 🙏🙏 k p yadav jindabaad jindabaad jindabaad jindabaad jindabaad jindabaad jindabaad jindaba,2
36166,koi janm hai mard koi janmi hai aurt sharir bhale ho fark ruh sabki ak hai ak hai jo ham sabhi vish,1
25661,like ❤️ think best goalkeep laligasantand,2
12501,r prepar massiv loos 2024 bhul dikh hi nahi rahi sudhreng nahi ho buri tarah hareng nan,0
44687,veri happi see bhau take charg mos mod goa proud bhau,2
32943,chewy713 hehe khushi hui apko dkh kr 😍 salam phnch gya tha apka wesi btw p zada miss tou ni kiya 😂 nan,2
13165,teri bhen ki chut mai ghus kye teri,0
13779,khan abe pagal hm kisi mandir ke jaak nahi chillat ki khoon se tilak lagayen goliyon se,0
13035,jee vaiya status ta theke amra dore nilam apnar love ❤️ pure nan,2
43090,good morn pita ji pls bless sewa sumrin parmarth bakso ji # बेटियां_लाएंगी_बारात,1
13677,meri laptop pe qabza ho chuka hy ab match kesi dekho ga ucl ka final nan,1
19233,hum apni zameen pr hai ty tum log india sy aye ty tum logo ko lat mar ky india bejna c,0
11704,rkn deshpand varieti pakoda great 2 stand 1 palak patt ke pakoda great take nan,2
22476,best twitter header 😍♥️ * 15daystobharat bharat kirraak,2
15680,beta padhai nahi karog toh tumhar gharp ac nahi hoga best scare tactic imo nan,1
13388,salmaniaaaa roarrrrrrr onli 15 day left biggest blockbust year bharat let 's count day thend sti nan,1
8740,sorri andheron ko chiragon se roshan karna tumhari fitrat nahin tumto aag ka gola ho swarth ke,0
32985,veri good decis congress ( nispaksh hona sikho phale ) nan,2
28627,kas duffer admi ya aurat jo bhi hai tu tera ye krishna buri tarah se flop ho ka,0
5543,ab ise ye smaj kya bolega abhi bhi koi bolega ki ise rhne ka pehenn ka dhng ni tha islii aisa hua bachi ko,1
7867,plot hi plot - khurana se better koi naheen rehta hoon pani main par zameen sari meri hai sapney,2
40982,iam like album nan,1
11199,bahut bahut shubhkamnay apk dusr karyaka ke liy humari aps apeksha hai ki jo apn pichl 5…,2
18785,mai khush hota hoon daikha kisi ka dil dukhaya mil gaee saza isi duniya mai joke asid everyon creat,1
26117,itihaa mat padao madam bjp nation spokesperson nan,0
21025,ais hi ghatiya logo ki wajah se congress har rahibhai agar ye ghatiya log aise hi bina,2
26735,2019 ke lok sabha chunav ke liy hardik lokpriya neta shri narendra modi ko hardik hardik shubhkamnay shri narendr,2
37264,asima sheerazi apkay walid irfan siddiqi ko bhi hidayat nahi militari abhi tuk nan,1
28844,dna desh ka 1 news show 9 pm sir mein aapko batana chahta ki mein aur,1
33239,patrag kya naam hai us chu ye maulvi ka bharat ke musalman shri ram ko imam-e-hind ke naam se,0
18813,congratul sir aapko der sari dua hain aap 5sal pm te pm bi 5sal pm raheng sir ek hi binti hain desh,1
3594,ise bolo kalutosh bolta ye congress ja kutta nan,0
29188,maa ke haath mein tattoo girliyapa mom chotaflick,1
37957,best wish fight sporti spirit jitega india hi nan,2
26688,didi maa ye aapka hi aashirvad hai ki hamar chanakya ne dusmano ko charo khane chitt kr,2
6224,behen tere tweet padh pr meri pet dard hone laga 1yearofbehir nan,1
24590,yeeeeee love keon work,2
11841,imran sir u great big fan aap hmesa se garibo ke liy bolt nice sir nan,2
26835,hamara bharat desh ka pradhanmantri koti koti naman main chahta hoon bharatiya janata parti ka karya,2
24369,aapko bahut bahut badhaiyan sir previous ministri splendid & time pleas make,2
39145,surya tum modiji ko bachpan se jant ho hai na surya great work peo,1
20011,[ ⭐ ] merhaba ç ç eklerim biliyorsunuz ki yar ı n lgs ı nav ı na girecek olan arkada ş lar ı ı z var ki ş iler ç birka ç ş ey ö ylemek nan,1
15800,mam went movi trust u live upto,2
21162,anum apki person aur avi ke hisab se apkoo kya hona chahiy drop name tell u 😆😊 1 doctor 2 hafiz e quran 3 nan,1
19277,main support ho akhri saan tk jo b khan saab k bivi k mutalik bakwa kri ga osko jwab aisa melyga nan,0
17546,1 chuth bjp one kill 3000 sikh must mental unstabl nan,0
5260,— tara hanap tayo ano uhm usap hangout soon movi nightt hahahah miss pap nan,1
32917,modi baba ki jai aapko shubh kaamnayein aur bahut bahut mubarak baba aap iss desh ki foundat,2
19995,forget bop phir dhoom palash sen,1
37829,fahad mustafa ne pure pakistan ko truck ki bati k pich lagadia hain aur phr ye awaam bhi subhanallah milna kch,0
14498,pakistan ke captain ki statement sach saabit ho rhi h pehla hi match buri tarah se haar gyi shi kha tha sarfaraj,0
6769,jivo keep xxx nan,1
19515,shame bilawalbhutto proven world eunuch khusra jis main itni bhi mardangi nahi k apn,0
23904,blockbust like zero race thug etccc etcccc chutiy kabhi dalali chod nan,0
15026,congratul dear pm ji aapko jeet ki bhut subhkamnay aap desh ko aag le chalo pura desh aapk,2
10636,bhai aaj tak tune kishi bhi scam par avaj nahi uthai par modi ji k kam kale gungan par avaj uthata hai,0
27485,salman ali abba expos doubl face opportunist katrina kaif face 😂😂😂 watch 515 ... well done nan,1
21895,degre criteria politician need money power muscl power,1
6485,khadi unfunni “ comedian ” social media nan,1
12763,smriti ji bas aps ek gujari hai ki ap amethi ke chaplooson se bach ke rahiyega congratul victori nan,0
4747,saeed jummah tul wida mubarak us ❤ may bless whatev wish amen,2
13217,ye jyadatar anti-modi log anti-n kyun hote hai fir bola pakistan chale jaao toh offend ho jaat hai nan,0
6745,allah aap k dil ko bughuz sy paak fermaey buhat aagi nikal chukey ho aap agla parraao qabar k,2
31297,toh tu kya hai saal hum jisko caht hai usko vote dete hai tera problem kya hai saal haan,0
31160,mani congratul noor jaan wish long happi marri life kn,2
28593,poll wo n't tell elizabeth warren quiet run best campaign excit idea l nan,2
4046,25 cror gawaaar kam nahi hote book pad k knowledg aati hai na ki madasha,1
14653,bhai aj shaneilm apni q kia tha na niagarafal kahn hn muji es ka es leya pta tha bcz apgi,1
26210,mai ye kehta hu pure india beef slaughter band kr deni chahy khash taur se muslim khud ise khana band kr,2
5506,mai toh chala jcbkikhudayi dekhn aap gyan dete rahiy jai hind saradna ji bulaao kabhi pe thoda bartal,1
28575,haar jeet ek hissa hai jo bahaduri se laden sachhai ke lia bharat mata ke lia wo haar ke bhi jitega wish u better luck f nan,2
8323,siddiqui,1
24373,destini loser * varna jisn soch liya ki use ye kam karna hi hai toh wo us kam ko kar k hi rehta hai fr * kismat ko dosh nhi deta 🙄 nan,1
24293,patrag abe chutiy modiji ne ek moka diya tha jab woh kamina nahi sudhra,0
11946,jis din modiji peh baar pm baneth tabhi bharat ki disha badaln shur,2
9391,matlab mayray saray azeez pankhay mar gay 😤 pata nahi kon ajnabi log ab mayri tweet like kartay 😔 want new pankha 's nan,1
19436,ye pagal ho hogya hay 1 jawan larki kia mil gae chichora pun hi khatam nahi ho raha ye ramzan tran nan,0
23226,foot modi insect pm dont give fli fuck tea seller ... .…,1
6598,ab kia kia es sharat bhi nhi ki sad bnai phr bhi 😕😈😒 nan,1
14611,thank ton sir alway undi strength new idea 🙏,2
28563,666 best cousin ❤️ best frnd 🖤 sb se ziada smjhne walin 🌸❤️ mood changer 🌟 motiv 🌸🖤💥 bohat acha likhti ho,2
5201,ye jo news channel waal gustakhi maaf jaisa majaak udaat hai wo uska kya uspar koi action ku nahi nan,0
31116,isi vjh se hi toh pure desh ne aapko hi chuna hai sir best nan,2
29171,ab ki bkwas band ho gai ho gi ya chup gay ho gay bed ka necha nan,0
18094,bro ye pakistani chutiy ex-hindustani aur ex-hindu hai iski maa ne kisi chutiy mul,0
14244,et haan mujh bhi abhi aaya tha cancel ola ride heard caller sayin,1
17016,congratul sh narendramodi ji take oath second time prime minist india wish nan,2
27153,sasn suar sardana ko haramkhor kuttey ki maut marega ek din dalla sala nan,0
11787,sacchai ko dikhana nafrat nahi hota mere bhai yahan koi nafrat nahi kar raha sacchai ke dar,1
26687,jain mai pahl se hi janta tha btw pura desh khush h irani ji ka margin mne 50k + bola tha ditto shi hua nan,2
12851,listen sad music im sad make even sad,1
27652,agar thoda sa dimaag ya general awar ho ye pata hota ki waha ki govt hai unh,1
14628,kehn matra se bench ko sthagit kar diya gaya aur fir ek mediat ko introduc kar diya ki ab sarvsah,1
22065,haa bahot maja aayegaa desh ko tere farmaish se besharam kab c,1
31348,ur bae everi school time love stori mai bndia like bndi ko dekhti hi chip ur lunch wgera thusna bnd kr deti hai jissi wo att nan,1
23648,love u salman sir aapki movi bharat zarur dekhungi plz sir mera sapna h aaps milna plz,2
22215,mere hamesha khush rahiy bhaiya 🙏 may maa bless childr nan,2
22793,peh tolo per bolo fake ye nekta ne khod wazahat ki deko nan,2
16259,shayal thegiftofeduc move inspir singh jiinsan free coach center open nan,2
11997,good 😘 rning pita ji ~🙏 dhan dhan satguru tera hi aasra 🙏 bless keep u mind everytim ❤️🙏 ble nan,1
41552,srcm peac transmit heart heart word love beget love - babuji nan,1
27359,nani wasnt talk even sang dil ki lagi ( hum w lil bit ) wont talk pata nai,1
22026,wow dat great courag & hardwork soch badlog tabhi toh desh badlega proud human definit h,2
5777,haram ki khane wale ko agar haram ka kuch milata hai koi kuch kahata hai sahan bhi karana cha,1
41535,e vm zindabad bjp ko koi defeat nahi de sakta chehe jitana bhrastachar karo murder polit sb jayaj hai,0
37216,“ man say sorri wrong honest man say sorri even right wise man say sorr nan,1
20438,thank great predict aapk muh ghee ke laddu 💐,2
7335,kya chacha tirth bhraman karn ki umar main mc bc kar nan,0
7683,heartiest congratul team sir sachmuch seena chauda ho gaya jab aapko vapa pm,2
17095,★ super busi superstar … # salmankhan mehboob studio interview bharat promot ( may 20 2019 ) !,1
13647,new account deactiv previous one soon n't unfollow one becaus pata n,1
42217,bhosriwal tuchiy ki chhati nasal dall tu haara hai betiykhod teri toh shaamat hai ab thuk bhi tujp thukn se,0
15760,35crore muslamn ko paresan krne k liy 80crore hinduo ne khud paresani mol le li h 5saal tk pahl jhelo jholechhap ko nan,0
35275,hello new month good give us lot junoon nan,2
11054,gal es zindagi ko apn lekh lagwana sai ji make feel purest & deepest 🛐♥️😘 aaps aap ji ko nan,2
18748,sum ameen 💑 thank fati u make day ❤ love u 2 💏 nan,2
12167,kya hua jo tere jais chutiya desh main hai gund failaa rahe hai karna varna kuchh hai nahi hai b,0
746,desh ke gaddaro ke liy 5 saal bahut pain hoge kyoki mota bhai home minist india 🇮🇳 💪😜😜,1
14816,reserv polit mai bhi cahi ko bana chaie jais jo padh ke 90 lae wo 40 wale se pich rhae nan,0
39587,jummah-tul-wida mubarak ❤ may last friday ramadan bring peac prosper ameen 😇 nan,2
28805,abe tujhs kuch na ho payega bas ilzaam laga tu muje marna chaht hai muje kuch nah kar,0
32771,k & ns walay apni commerci band kar lain pehl hi roza lag raha nan,1
27557,chokidar kal bhi chor tha aaj bhi chor aur kal bhi chor hi rahega bol ye feku hack kar ke aa gaya,0
30621,thinker arey mere jhantu agar encount fake nahi tha gujarat high court ne fir tadipar,0
15489,ye bc jaltay han saray inko koi mu nai lagata tha kisi intern forum pay ye bahanay say jat,0
8121,hope someday charminar doesnt turn vendor cloth hanger chaddi sale spot sale right onto gulzar hauz,2
38142,bas news dkhte dkhte galti se click ho gyi delet 😥 3 4 baar delet hote hote reh gaya tha vo tweet aj ho h,1
5626,yahi ki congress ki fitrat rahi hai ! ! ! ink apn yaha abhivyakti ki azadi nahi hai ek 50 saal k,0
8158,super se uper sumona saina ji nan,2
21196,ab hamari raksha bhagvan hi kar sakta hai q ki jahan ka system & sarkar hi aaropiyon ko bacha rah,1
7917,okay frl like much ask 🙄 mfs shit lmao nan,1
9159,congratul gajju banna hume aasha aap modi ji desh ki janata ke bharos pr khare utarog,2
43560,ddl ca no060011340068 ca aur pichl 4 dino se baar-baar power suppli cut ho rehi hai subha nan,1
14644,'s chamch kya haal hai chamcho ka bada chilla rahe lahul gandhi bn gaya pm 😀😀😀😀😅😀😅😀😅 nan,1
38715,favourit team pakistan 2nd favourit team south africa pakistan bhale sab se har jai par afghanistan se jeet jai nan,1
9024,ye samjhn mai thori dair lgti hai k neend better anyth nan,1
20339,💖 good morn sweet sweet papa ji 💖 🌲 plz bless & famili sewa sumiran pa,1
16199,recal hazrat taib sb kalam jo peer ba-khuda hi nahi hai wo pair ha,1
28273,cricket chanc hti hay hmari team hmesha surpris krti hay hmi let hope best ... 💚 nan,0
29582,qus ye hona chahiy desh sabs bada paltu kaun hai ? ? ? ss ko remov kar ke kajriw ji naam dalo nan,1
37438,yar ye phla trend yaar kia ho gya pakistani awam ko femal ki izat kro like pr asi word nai use krta 😔 nan,2
42378,hindi ( actual urdu ) news ; bangal ke chappal chor kaun hai aaj ki taaza khabar sjw media outletsubaltern bong moolni nan,1
41998,lanat un pe bhi honi chaaye jin ko allah ne itni khoobsorat shakal di hai lekin phir bhi se khush na,0
38660,lucknow sir mene kal ec401 ( mtu ) ka cop diya mera onlin exam attend updat ni hua h teacher bol,1
42875,msajido hindu ko marn ka speech dete hai yar pakistan hindu mino,0
29983,jais hi modi ne aam muslim ka vishwa jeetn ko baat kahi jhtt se muslim ke thekedaron ke pait mein maror uthn lag nan,2
37923,bass bharat mata ki jai bolo boss baaki sab 🤐,2
13839,oy chit fund chor jai sriram ramram kia kar mox hogi nahi sayd tu alla ho akbar karegi modi ko gal,0
9858,excel move parti right track jindabaad jindabaad jindabaad rahulji must roa,1
15135,gujju khana khane jarur aayeng bhaisaab,1
37965,ye phazool ki baha chhor kar desh ka loota paisa kab vaapa aayga us per 5 saal kia hua iss per janta ko bat,0
23355,q mang boy / girl 🐱 honest like charact gender 🐥 🐿 nan,1
16286,suar bolkr tune bta diya ki tera baap teri maa ka agent h tere baap se 10 time achhi shakal h nan,0
22119,chowkidar ji jab tak aapk bahu betiyon ke sath esi harkat nahi hogi tab tak aapki yaki,0
34985,chutia ho kya tum log khud se team ku nhi bana rahe crore pati kr rahe inn logo ko 😠 h2,1
36210,wow dear proud kiya gali de ho aapn nan,2
38909,ke ki jaat ka naam kais batayega agar hindu ne thappad bhi mar diya hota randi tv pe b,0
38318,kuch log bjp ki chaplusi krne inna gir chuke hai ki kisi 19 saal ke ldke ki suicid pr bhi jooth faila,0
19915,book summer appoint aj ajnailcx ! ! ! pedicur servic ‼️ link bio ( wil,1
37655,kal tak pure desh ki problem ki baat ker rha tha modi aur shah k alawa koi nhi,1
13166,saley tere jais bhikhari ko kabhi apni aukat nahi bhulni chahiy samjha gadhey 👎😂 nan,0
38455,insaniyat bachayegi jis din desh ki janta jagruk ho gay desh khud bach jayega ar congress khud hi bach jayeg,1
38050,aur taali thukwaega chakk pappu harwa diya jahan jahan gaya state saaf kara diya tum jais saar,2
6768,behan ke lodey dekh tere chaht pakistan mein hinduo ka bina mushkil ho gaya ram kal ki 2 betiyon ka,0
452,kutta bhonkn lga bhaiyo firs sale gale patt,0
15868,jayanto darpok hota hai jo eid diwali chrisma ke bina apna film nahi releas kart kyou ki jo eid mai hi flop deta hai u nan,1
6010,sa kind aaj bta hi dijiy privat bank ne aaj tk ki nan,0
12733,dear sir hamar aliganj chetra jay sankar word kafi samay se siver tuta pada hai iski sikayat humn kyi ba,1
8174,ye sahi hai ki gaddaro ki kami nhi hai india apni ki ijjat nhi kart hong sab nan,2
29899,bmf & patriot sy algazi wish dear laxmi agarw veri happi birthday may allah bless & pihu h,2
37461,hamara yahi qaso0or ha k hum kisi ka dil ni t0ort abba aur jinh hum dil se chaht hai wo l0og dil t0rne k,1
27284,kurii hamar exam tou khatam ho gay 😂 shukar hai 🙏 nan,1
9409,achha ye hoga ki privat compani direct hmse aakr khud hi khrid k le jay date place decid kr k nan,1
14306,congress usi din amethi haar gyi jab usn ek aisi mahila ko campaign ka leader bnaya tha jise bharat k poor,0
28341,kya kare kuch samaj nahi aa rha hai sir rat bhar soya nahi hun desh galat hantho hai bjp ki man,0
37699,last line arora ji told wo data hum de rahe hain yadi nahi diy bhi kya ukhad loge kyunki ab modiji jeet nan,1
19775,shri sir pleas accept hearti congratul histor win verdict reflect billion p nan,2
36975,lee darn ador love nan,2
27907,hahahaha lagi best gift ever ba thankyou karra see around ) nan,2
38280,koi tou iftari pe bulaa le also someon invit yar tum iftari bana kr na mere ghr hi ajao aanay ki himmat nhi hori nan,1
15681,kuch kutt ais hote h khud ko baba btate hai aur gaana pe danc krte h aur gaat h tu cheez badu h,0
12512,first thing want turn 38 releas record thank make happen ‘ bought rot ’ … nan,2
16098,khabar nepal sala deshdrohi nan,1
26616,ku jal jal ke apni sehet kharab kar rahe ho haram khana chhorh aakhirat ka socho munafiqat ch,1
29167,thing likabl ca n't win bcoz work 's truth laalach ap,1
18822,afridi least much better sharmila farooqui shehla raza billo rani nan,1
43126,naib tehsildar ka paper leak ho gaya hajaro mehnati student ki mehnat par pani fer diya yahi hai nan,1
20551,love khattar sahab haathi chale bazaar wife professor delhi school,1
36196,iqbal129 pakistan born hokar pakistan ki hi thok gaya 5-0 se 😂🤣😂 nan,0
42138,bjp govt kaam kare dhang se kiss problem hogi bjp haryana govt good even,2
18679,modi ji pleas help us get hard earn money modisarkar hope us karnataka state gover,1
414,mansoor ali tera nam taray ander ki jalan btaa raha hai sari duniya main oil price,0
4130,9 1 ap k alfaaz se saabit hoa k muslmano ehsaa zinda hy well done 👍👍👍👍 nan,2
19391,kudo boy great game live fight anoth day kru pleas put hous ord,1
14444,thankyou much rinki ! 💗💗😢😢 rinki itta emot kardia tumn mujh ! 😢😢😢💖💖💖 love ! 😢😢💗🤗,2
5038,ramadan season merci period encourag make posit chang live nan,2
44038,pandey1 esko pta h ki hmr baap rabri ke bhatar chor h e dogla h na nh btaega nan,0
36597,congratul sahe bole sir desh ko modi ji se bahut apakchaey hai aur hum sab ko aps,1
23322,today 25th silver jubile day ( 1.6.1994 - 1.6 2019 ) news deepak kartik trich time indi nan,1
10742,p 2013ki bachh dekhi nhi de rhe ap sbko hm ketn presn h koi sunta nhi hmre,2
37080,free dark 2 lay sykolodyn ejo 5question,1
20526,habed ka ririn yang lucuuuuuu wish u besttttt kyaaa awet trs doinya cieci luv uuuuu 😆✨🦄🍱 nan,1
5635,apni smjh ka upyog agar nhi kiya jo galati old generat ne ki wo hi repeat hoti rhegi hindi से hindu jaag gya,1
4050,bahut badiya good night askdeepti,2
23725,love bro laakh takk ki baat kahi h nan,2
37044,😍😍 wah didu 😘😘 aap bhi meri tarah akshay kumar ban gaye ho 😬😬😬😬😬 g,2
10417,chutiya tera time kabhi nahi aanewala aur apni chamchi ko,0
14722,wahan se mansa devi ka mandir jo mountain ki cliff p h dikhta h nan,1
22723,iss buddh ko maaf ker deain yeh satyagaya hai,0
27879,sach ye jn jagruti typiong error koi bakwa nahi sidhi si baat nan,1
28135,shame shame shame mr sohail kiya tum allah rabb ul izzat kay ehkammat ko maan'nai sai,0
24723,rana ayyun kutta hai aur ais ghatiya kutt suwar ko fansi honi chahiy jo ghatiya baat ko faila kr duni,0
1797,sir kya apka sharkar aan ke bad bhi muslim safe nhi hain madhay pardesh 23-may ko jo video aaya,1
25297,bajrangi bhaijaan jitna time,1
16889,sabir shakir bhai aap sachay muhib e watan haen plz hamid meer jesay ghatya ghadar insano kay sath,2
28237,main tumhari baat maani hai main manaya dil ko hai kais abs raho tum khush jaha bhi ho mera tumhara tha,0
8203,ji hme gussa aata hai usn kitno ke priwar ko mrwaya aur maa bahno ki ijjat looti gai,0
27209,muhammadpti bas lanat beshmar tuj py jab pml har wakt wao wao karta tha ur ab bas ap matlb ur nambr banani,1
9177,sach balun aaj tak bjp k aur modi high qualifi chamch hai bjp kuch v bole sab sa,2
6707,work sabka saath sabka vika ( everyon 's support everyon 's develop ) sabka vishwa ( everi,2
16233,alvida chand jumma dua ramzan wish mubarak sms imag photo pic wallpap dp status 2019,2
21770,bahi aapka bhout bada fan ho idol bhai motiv,1
12804,ap yachna nahi ab rann hogasangharsh bada bhishan hogo nan,2
26804,tcc scam ab kuch nahi hone wala main 1 btc + dubo diya ism n't invest nan,1
12329,yabba dabba doo cant wait see extrem makeov yessss nan,2
28482,tukd tukd gang bharat chhodo naxal bharat chhodo pattharbazo bharat chhodo hindustan ka khake pakistan ka,1
27402,✨🌎🌄 130 cr sweet indian 's sastanga namaskar suprem great sri aurabindo ji ⛳👑🌈 nan,2
17512,bhakto ke alawa kise ko koi problem nhi hoge maximum fake account fake news failan wale account bhakto ke hai nan,0
31560,bhai kab bola congr musolman ki parti hai ye toh juth hai typic sambut patra type 😁😁 ye,2
42602,satyap congratul sir ji app ke sat sat hamn bhi bahut mahnat kri tabhi hmko vijay hasil hue app baghpa,2
24126,shukl chor harami bhardwaj civil war karayega neech nan,0
12485,parmanu han decis kharab lega neta chor hoga aisa haal hoga,0
22593,credibl authent n alway remeb cnn fake american jhoot chalta ap bhi jhoot sun k khush ho nan,0
29821,galt h god sb dekhta h nan,1
17413,pahuch gya bc karn uk keep eye nan,0
23326,much love girlfriend hajar 's care love 🤧💙💙 nan,2
14819,bijli k taar k nich ghar bana rahe ho lagta h registr aur map pass nahi karwaya h nan,1
20683,aslkm wr wb bhi mera doubt hai ki nmz sureh fatiha ke bad jammi sureh order ke leha se padna hai,1
37639,67 39 much 😂😂 ... baal chote hein 😂😂 nan,1
28959,fuck amiibok tell kider could sue shut help motherfu,0
41832,mam hmlog waisa bhi aajtk dekhta hai par aaj aapna ya glt bola ki modi ji ki maa aajtk dekh rhi hai,1
13498,insan happi birthday bai sa ji .🤗🤗🤗💝💝 lord saint dr insan bless max sewa nan,2
15232,ramzan main rape hote hain murder hote hain children kidnap sold prostitut uski kisi ko fiqr nahi h nan,0
5735,god dame bullshittt kiaaa wasta lraya hy os ny mulk mn bray bray b,1
20553,best thriller movi dark knight shutter island interstellar bollywood - andhadhun drishyam badla,1
13956,safe shah saab ko samjhyen ye 😷 nan,1
42135,ekma parkhand k saraw gaw nichali jati k logo pass sadak ki subidha hai nhi choti se gal,0
13014,happi,1
42411,shine glow backbench bs itna hi bolunga gussa krti h maashaallah tere gussa krne raiii nhi h nan,1
18565,filter definit repli bc itna khatarnak dhamki aaj tak kisin nahi diya hoga nan,0
20674,sahi kaha tha kisi ne jaahil kabhi haar nahi maanta behe mai chahe ghalat hi kyu na ho quit khush rahain bheyi 😄 nan,2
38739,beshq allah hum sbke akhlaq ach rkhe nan,1
28071,kishanganj loksabha seat k congress candid dr jaw azad saheb ko jeet ki dher sari subhkamnay nan,2
20301,minist na bn ne ka dukh dikh rha hai although major contributor form govern nan,1
26511,arkl good morn honey beauti girl world littl doll nan,2
2135,jaan bojh kar nahi haar wc ka apna pressur hota hai haarn ka matlab ye nahi k ga,2
18901,world cup bhi modi hi jitega 😢,2
8859,congratul di bahut bahut subhkamnay deepak sahu yuva morcha,2
15096,sanjay chor ye kais sabit ho raha hai ki marn wale bjp ke hain ? ? ? kya sirf bjp ka virodh karn ka,1
19778,bikao media jet airway ke kiss kub batog 23k jobless road even singl news shown chann,2
19511,modi ji aap se bahut request hai ki financ minist ko jarur chang kijiyega new financ minist chahiy nan,2
7118,lesbian love stori break typic ‘ ladka-ladki binari delhi stage - time india ►,1
22180,race3 fdss tha mai 2 movi second show mai dekha hu tubelight & race3 thank god bharat fdfs dekhunga 😂 nan,2
22523,aap ka husband chod nahi sakta hamah pass aajao chod ne discount nan,1
37024,bhai khana kha raha hai ho sakta hai koi majburi rahe ho kisi ko pasand nahi lunch public transport main krne ka nan,2
44402,today auspici glorious day belov pm shri ji take oath second ter nan,2
3940,ha sahi suna h 1988 ke email jaisa pehl khud ka system toh updat kr lo bahut saar virus h sinha babu nan,0
43550,modi ji aaj nahin nahin bharat bann ja rahi hai aur hamein sabs badi khushi hai ki narendra modi ji hamar bharat,2
16275,unnao jais pahl koi ghatna hoti nahi thi pahlt samajwadi neta khud kart kand ab sab ghu,1
13781,bansal12 dhan dhan satguru tera hi aasra dr bhayi ji msg bless,2
22659,jai jai shree ram inquiklaab jindabaad bharat mata ki jai,1
15049,pehl yeh bata tu kya ukhhad raha tha pehl agar safe hand mein nahi bhi hota apahij chul,0
19924,krusher bachpankahan himeshreshammiya thing lyric way hr sir sung beauti sooth bac nan,2
11874,happi birthday brother smith wait watch boy ball 💯 nan,2
11697,world salman khan world love bhaijaan paidmediacantharmsalman,2
43594,asif nae modi ka busi ka idea flop hogaya na jindal ki detail pta hain mod,2
13073,yaadein mithai ke dibb ki tarah hoti hai ek baar khula toh sirf ek tukda nahi kha paog 6yearsofyjhd,2
35613,madam thank u much buhat se gareebo ko ic sarak py aani se bhoke hatam hogai hai n buhat se bim,1
13105,love fact even badhai ho roar success still take part tvf show thank nan,2
13615,126 din ka dhrani may khttak nay kaha ta na k itna zulam karo jitna pir bardasht kar sako ab bard,0
10883,ure good play guitar voic pun sedap one friend yng alway tell u thing,1
24156,hahahahah see super wolf savag hell alway true 😆😁👊🏻 sever game,2
20139,best amethi n gujarat ne yaad rakhso e viswa che 👍 nan,2
19801,best new project safe flight prayer alway sure,2
45040,great sold show surat thank kewal umangashah leenashah great event ),2
37706,tumko sharm nhi ati fake video share krne abp news ka name kyu kharab kr rhe ho,0
17403,appko bhi mubarak ho nan,2
35695,rubika ji aap bhout badiya aur sach boln wale ho aap ek mahan anchor ho aapk sath har,2
45031,hazra kat selfish like apna kaam banta bhaad mein jay janta salman khan know aastin ka saan nan,0
40891,kaps 24 kya samvida karmi ko mahangai nahi maa,1
30698,jab kattu vo jeez hi bad hai toh sad hone ka fayada hi nahi hai,1
24294,oye ghadoo pakistan ke ghulam media ptm ka maqsad yahe ha ke insan jane awr zaya na hoo chahe,1
16428,shri ram bhakt hanuman ki jai jay siyaram jai hanuman jai bajrangbali jai sankat mochan hanuman ji ki jai ho maruti,1
34164,aaj tumhari haar sirf ek wajahs hui wo santo ko taklif dene ke karan tabhi maja aara ha ta paran,0
23175,nandadevi sunandadevi pleas best brave human nanda rani nanda rani paharon ki jo rani hai sabs,2
21073,noormaqsood much wors bad batsman run doubl dekha hai uss ko asia ke bahir look scare nan,0
28385,right sir hamari bhul kamal ka phool abki baar hum fir ji jaan say mehnat kareng congress,2
27456,honor sir hum logo ko rojgar deya jay thank mission mana,2
27311,f china bhi kafir hai agar waha boln ki himmat nahi india se bhi naa bole kaayd,0
8239,1 age 18 2 height 5'6 3 fav song dil mein phool khil jay kuch tarah heart want,1
17047,bt yes thank dis show follo,2
37546,keep bias opinion n't bother nobodi care jai shree ram jai shree ram jai,0
22458,rahul ji aapko istifa nahi dena aap congress ko jamini tor pe majboot banay congress ko,2
17021,ye kon sa song h 🤔 ... ... btw yhi bta ri k relatbl lgne lgta 🤣🤣🤣 nan,2
9553,1992 k odi world cup pak wi k khilaf pahla match har gia 2009 k t20 world cup pak eng k khilaf apna pahla,1
25228,bai mere ko de dena yeh shoe world cup jitn k bad 🏆🏆 nan,1
27292,notic banyak kali im happi heheh 🥰🥰🥰,2
42996,iski wife ko choor k ye doosra kaun hai pata nhi ye ducki ye khujli,1
41926,incompet ministri harn wale mantri ban gay jeetn walo ko hata diya mandat ka apman hai ye nan,1
12761,well done time well host good job ata aamchya apexanvr pani feru nka next wee nan,1
21903,gurugram polic ki report dekhlo bewakuf aadami media ki report per bayan dene wale sansad sah,0
38509,100 krore se jyada hindu ke hote huy aisi noubat nhi aai na kbhi aayegi ki modi,1
1843,tumhari marzi chhor twitter yehi agar facebook hota na toh tum log chhorn ka socht tak nhi p,1
916,ham tu ak ayena ha tu dikhaya gya dagh chahru ka jis ku bura laga samna sa hat jay love pak armi 👍💪💪,1
21988,truecompanion ji 🌹 good morn papa ji 🌹 plz come back papa ji plz bless sewa simrn parmarth nd nan,2
31686,saal gaandu khud porn dikhta hai aur dusr ko blame karta h 😂 nan,0
39072,pagl bnya hy awam ko kal se pta nahi ketni bar yahi photo dekh chuka ho hr kesi ne lgai hy apn ley 🙉🙉🙉…,0
41501,kishori siddhu ka yaar dagabaaz nikla pakistani jo hai jo sage baap k nahi wo,1
44053,jab tmc ka ohi neta bjp mei join karta hai dukh lagta hai bangal ke aam admi manirul islam ko bjp mei le,1
37069,k9 😭😭😂 pakka compani dega na tu jcb ki khudai dekhn ni jayega nan,1
22481,hi dear sonu jha india hamar modi ji phir ek bar desh ke pm banan ja rahe hai pak tu gaya nan,0
21488,yeh woh loog hain jinko nawazmafia ki corrupt nazar nahi ayi thi inkaay leya gaya qarza nazar nahi ata tha,0
16174,digit bhai problem ins ni h problem ye h ki hum hindu hmesha ye krte rhte,2
23666,awaaz shail sir good job nice inform old market yad aa gaya nice one nan,2
14245,sharma also hope find heart love hope love win hate god bless nan,2
23181,sabhi pac ke javano ko loksabha chunav sakus sampan karan ke liy dher sari subhkamnay,2
19091,huzaifa sayss apki person aur avi ke hisab se apkoo kya hona chahiy drop name tell u 😆😊 1 doctor 2 hafiz e quran nan,1
30001,irish standard way say love ú mo ghr á . translat liter mean heart nan,1
39155,patel310 niya5 mishra yaaaarrrrr akel akel kar rahe ho bola bhi nahi 🙄🙄🙄 muze nhi pata tha ye krna h 😐😐😐 nan,1
41885,inhi comparison ke saath hummara world cup guzar jata hai buss end main hummari team bahir hojati hai tourn,0
18471,allah pak ap ko sabar ata farmay ye wahid packag hy jo har hakoomat awam ko free milta hy 😝😝 nan,2
31512,hsn shah 😂😂 mtlb k apka dil kr ra hy nasha krni ko nan,1
40598,sk1 jo log apn doston ko aftaari karwat hain unki passand ki shaadi hoti hai nan,1
27393,logo pe jhootay case kr k unh jail pohachwana masoom log ko blackmail krna pehl rishwat ki offer krnaor phr koi nan,0
347,io sale today nxttakeoverxxv entranc mask qualiti nice 👍🏻 even back side come soon nan,2
12382,paaji favorit know loos & win allot 's time lift,2
20008,bol bajarang bali ki jai jai shri ram jai bhavani jai shivaji hathi ghoda palakhi jai kanhaiya l,2
16470,pitn ka licens kisi ke pass nhi h polic station ka gyaan denewal insp,1
12653,pm modi ji ko dobera bharat ka pm baney jane ki hardik subhkamnayeaasa karta hu aap mere bharatvarsh ko vishav,2
42938,former everton player wayn rooney potenti becom coach “ everton would nice love famil nan,2
26753,dhup aarti shri sai baba mandir shirdi 31 may 2019 baba bless happi world om sai ram,2
22855,hahahaha welcom bro rich men n't pose well know,1
6964,jo chor h wohi money trail chhupatey hain maa ka janazey pe nahi atey phir bar bar jail jatey,1
14543,1010✨ hiiiiiiiii hope great day today interact much hope near futur ili good day 💛💛 nan,2
38098,shut u shit like daduu charger nation dress proud wear everi parti,2
15148,khan saal kmine ab kaha h owasi nan,0
942,good morn pita ji thank new day pls bless sewa sumrin parmarth bakso ji,1
20232,congresss na hi niti aur nahi niyat bas ek pariwar ki parti nan,0
16480,true - ye sale hamesha ais soft excus de ke bach jaat hain sinngl mother,0
21623,ye saal bhai ka hi rahega bharat 400cr par dabangg 3 300cr par pleas follow karo mujh bhai nan,1
31278,govt hospit phalodi ( rajasthan ) safai ki itni kharab halat phir yha koi kyu aana chahega toilet gand,0
23886,abhi film kahin bhi releas nahi huyi aur yeah bhai sahab ne review bhi de diya 😏 # 3_दिन_मे_भारत,2
18381,time fav actor padmashre paresh rawal ji ko janamdin ki subhkamnay babu bhaii god bless u,2
39591,'' baten khtam hi ni hoti '' '' baat hi ni hoti '' wali journey less hurt ask leav reason nan,1
15122,flim industri ne bharatiy sanskrti sabhyata ko khatm ker diya salaman ho yadusara koi yaha sex koi,0
36768,thegiftofeduc follow teach stdr ji mani block free educ center,2
32424,good morn sir apko abhinandan apko fir se ek bar prime minist bane ka moka mila hamar gavo k sarpanch aa,2
28123,tu randi chup kar sali ghar ki aurat hai ghar hi reh warna tera pati ka lauda kat,0
15042,love everyon know get precious kutto art ; ) love theme like though nan,2
26849,abe kutt kaheka dar lag raha tuje india tum jeso ko rehaneka hak nahi indi,0
16099,mein selector aur captain se ek gujari karta hu ki kedar ki jagah yuvi ko ek chanc dena chahiy 2019 world,1
21595,best luck sir lot love jai hind vand matram bharat mata ki jai 👍🙏🙏🙏,2
30436,congreess ne bulaya tha kya 2001 kargil ke shahido ko ulta congreessi mc saal k,0
20426,krishna dr saab nhin aisa mat kariy daaru lever ke lite khara à b hota hai nan,1
28955,favourit fast bowler alan donald use call anal donald school thank god gaon ke schoo,1
36492,ca n't love 😍,0
19871,walk footstep ( mere sohn satguru ji ) today donat new cloth poor ladi thank nan,2
6002,samajwadi parti ki sarkar ye mahoday pal pal parti ko chetaya krte ab sayad enhon aankh pe patti baand l,1
22496,didi aap ne khud ka bada majak bana liya hai aap ki ginti paglo hone lagi hai kis baat ko ki,1
14958,beg pm modi life aimim presid barrist asaduddin owaisi quoet tweet raju bangay nan,1
15703,hahaha taso afghanistan day allah taba barbad kari namak haram kom day afghan pakistan zindabad nan,2
33039,megan grab fuckin phoneeee love muchhhh,2
35084,hi darpan excit part us let choos plan best suit fill,2
21001,shah191 aay padhar hamar aagan ! ! ! itni garmi app itn logo k sath ! ! ! nice see ahmadabad nan,1
12952,emot line ammi `` nahi jaraaha dahii lene idhar dy paisi main khud jaatii h0n ´´ 😂🔫😢 nan,2
16472,ek nahi blki kai farji n g 's ese hain jo desh hindu dharm ko badnam kr dharmantaran ko badhava,0
22066,half pakistani mullah die look dress hehe dharam khatr hai bhai ek aurat ki ajadi dekhkar nan,0
17648,sir mai purnea se aapk hum bahut bade fan hai aap purnea aa rahe h monday ko aps milna h sir k,2
34612,iss ne ab apnay bachon ka jeena haram kr dena hai,0
106,omer muhammadpti pakhtoon k haqooq ki jang nahi punjab k haqooq ki jung pak,0
11872,shame tum log parh likh jahil ho thing got u smj j,0
42068,maa ko beach sadak pe chor aai thi tum marn k liy bas bc kurci chahiy tum haramiyo ko nan,1
7621,amaz end ranjharanjhakardi ♥️♥️ rona agya tha end dekh kr 😥😥😥 absolut outstand act,2
34937,come best wish biggest panaut india allah bachaay ab inko nan,0
13236,gazi fikra mat kar gaji baar tumh yaha per mandir jarur najar aayega ye tu hinduo ko kafir b,0
33656,shaq like unlik make feel better nan,1
34340,exhaust outweigh hunger imma sleep instead muah gn love junhe seonghwa makenna 🥰 nan,1
24212,today jeetu aka set chalchitra talk recommend great film episod tomorrow nan,1
30721,hallo ! ! ! sorri account nonaktif follow new account alya tan pleas unfollow thank ) nan,1
6847,thank u come live 😘 miss 😭 bhai apn duaa k kaha apka lia har namaz duaa krti hn apka nam la k,2
33569,4 ke bad ho saktha tha na 👺👹😈 sare plan per panii phear diya nalakii ke hoti ha lhr board nan,0
41980,farook8 hanaaaaaaa happi budday babyyyy 💜💜💜💜💜💜💜💜 amaz day week month year life love 💜…,2
20258,media ko pansi lagana chayot lanat hay jhotay media per bikao sahafi bikao media nan,0
19673,happi birthday nish ji 🎊🎊🎊🎉🎉🎂🎂🎈🎈🍫🍧🍧🍦🍦👈 😍😍😘😘🌹🌹 happybdaynisha 👈 nish 👈 follow mani man,2
2282,trah ki chawalon se sirf maryam safdar ki calibri hi khush hoskti h,1
7334,boht achi naya pakistan khawar manika ke qurbaniyon ke wajha se bna hai,2
15221,bharat desh k lgatar dusri bar prime minist bann k liy mr modi ji ko bahut bahut badhai aur 3rd time 202…,2
21896,spur jeet jae bs liverpool kutta ki mout haray nan,0
5764,murkh shikshamitro kiya bjp ne iss pehl kuch diya h tumh jo,1
28242,ab randi k bachi matter chod nan,0
13475,happi birthday 😛🎂 may may nemo 😂 may mani year 🎂🎉 ... happi birthday shah jee 😘 sa,2
3553,syd fw uss é got ta realli sip mf tho nan,1
35014,sir ap ko pm bane parbhout badhiya sir hamer desh ka ek bhout bada muda hai aj kal aur har koi us,2
38411,ye hi ha wo apnapn sir jo pore pakistan k mohb islam & pakistan mohson e pakistan 🌷🇵🇰🌷 drabdulqadeerkh nan,0
36467,generalon ka ihtsaab krni ki tmhari baap bhi himat hy nan,0
21451,aurr allah ka yahi azab tu uss pay nazal hua hai marti howi apni biwi ko ni daikh saka beti uss k,1
37466,twit gaull free fan whomev desir highlight common di,1
13593,cant wait trailer 😍 toofan k saath kheleng hum 🤘 nan,2
38748,ajay ye modi ji ki andhi nahi hai ye evm aur tum jais godi media walo ki andhi hai 🤪🤪🤪 nan,1
38937,brigad simpl chori ho gaya vo bhai kisi ne bana ke da kar diya alreadi exist aata ! ! ! nan,1
15067,123sms jeeto pakistan ke tarf sa deal box lo apna account chod 😂😂😂😂😂😂 madem zara nan,1
6772,papa ne poor student k liya har thraa ki facil ki h jis se w bi aaj smajh upper uth ske papa world ko apki puri nan,2
24083,ur true inspir generat ur true leader nd great leader salut u sirje jai mata di nan,2
7612,tyjh teri hi bhasha jawab diya ja sakta bhi teri behan ko randi kothewali bol sakta,0
28200,alhamdulillah masha allah also favorit qiraa 'm name second male child insha al,1
1917,sarfraz khaan aap hamar haqeeqi hero ho aap ne pakistan kay ley apna gar bar dos nan,2
36887,rss bajarang dal aur vhp peopl obey saab shuru hoga drama kaafi hai bjp ko hilan nan,2
26104,hardik badhai ho modi ji,2
2116,yahi sb kro hmare desh ke yuvao ko berojgar krke bjp wale ye postman ka kaam de diy hai sa,0
19180,mt kr jyada bk bk ydi bhart srkar hm yuvao ko 12 hour de de pura pakistan hmare kdmo hoga abki bar,0
28168,gangi vochardhara wale tum jais log samaj rhne layak nhi ho dub maro apradhi,0
35083,best wisher mayur mahanta rishikesh adhikari 36 day himalayanasphalt tour tomorrow thank f,2
15261,abhinandan modigi 300+ nitinji gadkari ko aap vice prime minist banayiy + jo abhi ki ministri bh,1
30370,gupta15 provis wast dispos palampur distt kangra himach pradesh wish swach bharat nan,1
16972,rashid cow ko katna band kro problem solv tum muslim log hinduo k sentiment ki respect k,1
26128,yaaar bc stop humbl littl bastard 's one best semi final goal ever say 's,1
6918,jb samni wala kuch keh raha ho phir bass usski suno sirf muskrao 😜😜 cox apka time bhi aiga phir ap bolein,2
35405,tho 😱 yeh 5yr se 6yr hotey hi itana badlaav meri clock 😭 modi ji ka vika bahut bhaari pad raha ! ! ! dulhey ka,0
11966,pakpass shalwar pajama pata nhi ye pajama kahan se aa gya pakistani qameez k neechi ? …,1
6484,asadayaz umar farishta whol system fuck peopl get,0
28057,reli dorj shugden nee help tibet tibetan india tibetanyouth tsemrinpoch sangha spiritu ze nan,1
20196,evm ke khilaaf ab shashtra andolan ke siwai aur koi chara nahi 85 % moolwasiyon ambedkar tumhar kisi kam nahi aaya,0
1973,bc like kark chodh de nan,0
32592,shzn thank shaza yayang awak pun 😘 nan,2
19304,aq nangi siallllll aduuhhhhhhh autist blind mom realli strong beauti gift nan,2
33543,hope indetifi ‘ kichad sir nan,1
33898,firdouspti bharwey k bachey teri behan ko chodon makhan laga k khanzeer ki aulad,0
28629,tu ab sb ko congratul hi bolta rheo tujai koi bolai ga nhi chutiya sala bhaut bo,0
12881,god bless beti much thank fabul repli corrupt opposit mafia 👍👍👍 nan,1
18749,ji aapko jarurat hai 1/ ek well experienc polit guid ( ji shyam ji kotoi nahi ) 2/ pitthuon se,1
22758,swara ji ek actor hone ke naat aap ka bada samman karta hun ek baat puchn ke liy utsuk hun ... …,2
7470,last episod ki start ne dil jeet liya tha baar end ne realli bahut tanha hote h diwa,2
14851,tum kaam hi aaisa kart ho tumh samaz hi nahi aata ki polit maun hi sabs bada hathiyaaar,0
32635,tintin - lindsay ( freak n geek ) - love - would die - cool - liter mind busin,1
20020,2010 realli turn well jacob wonder lyric & gupta freind nan,1
27028,bahut bahut subhkamnay sir ane wale 5 sal new india dekhna chahta hun mai woo sirf aap hi pura k,2
33895,modiji itna lokpriya hai film bharat ki film itiha ke sabs badi hit film hai nan,2
28879,sir g congrat hope humara desh aur age jay aaps bhut sari ummeden है . jai bharata 🙏 🙏 🙏 🙏 🙏 . nan,1
14104,sir bura mat maniy ek baat kahna chahta ho apn sansad ke fund ko sahi use nahi kr pay,0
4492,well-known music director gopi sunder celebr birthday today wish happi birthday & may yo,1
4716,k27 nawaz sharif ko anar kali ki tarha deewar chun dena chahy haram khor ne marna tu hai nhi itni jaldi nan,0
26345,jai ho - baaki sab first class salman khan,2
22604,team good servic keep go nan,2
13602,ye log exitpol 2019 bhi pahl 4bje bad 5pm jabki pta tha ki 6 bje tak matdan hoga bakva chenal h nan,0
23677,kaash aisa hota - darshan raval saye quadri offici remix video | ...,1
15716,ishaq najuk hei bahut juban se nahe aankho se bayan hoga hei jab dard se bad jay dukh se aankh bha,1
27980,modi ji aapko bahot bahot badhai ho ki aap hamari desh ky fir dobara mp bni aap agi bhi esa kam kriyega hami aapsi yah nan,2
18925,manniyay pm & bihar cm bjp rastriyay adhyakch amit sah aur sabhi desh washiyo ko india ki jeet ki hardin hardik su,2
37670,aimim jindabaad asuddin owesi sahab jindabaad,0
11381,aum na naa boy play realli well 😂 meme explain 😉 pakvwi wivpak,2
21218,itna paisa pakistan ke qoumi khazani bhi ni hoga jitna paisa meri post pr eidi maanga ja rha h 😓,0
32439,ammi ji first eid without 'm still unabl believ 😭 per ammiallah,1
32381,hi sir today book one ticket notic one embarrass thing button book,0
39238,sach yeh log fan kehlwani k qabil hi nahi hain pta ni kahan se uth kr aajati hain nan,0
23130,mani congratul balkrishna ji award swami ramdevji creat globa nan,1
43996,sir ye modi ke name pr vot pada h ap kabhi ao yamuna nagar ki rajiv garden bank caloni dekho logo ka,1
38353,uska keera nikala ja raha ha n't worri fine nan,1
13825,sir aap aay aur achi bhi lagi sone pe suhaga ! ! ! ! mean lot sir genuin ur call morn made day,2
19005,design perfect creativ veerji give goosebump,2
43490,abey ullu k pathth pani peen ko hai ni light ki samasya h pollut itna ki admi mar jay traffic b,0
16474,ye kis type ka nashaa h yr 😜😜😜😜 ye 8cr open wale fan sala mind dhekh rhe ho lond ka 😜😜😜😜😜 vimal khaao khush,0
37079,camila wayda thank let know 💖 nan,1
7899,best wish today 's laylatulqadar transmiss may allah pak give uh & energi 💫💫😘😘 hope ye mehfil bhi tam nan,2
27548,happi birthday nikhil love cutipi 👦👦 god bless 😇😇 . lost love 💖💖 @ actor nikhil meri birthday 4 jun k,2
38143,bohut accha hogab love srk nan,2
16124,arey mg tech mhanlo na mandatori ka aah interview la asa shud criteria nan,2
30161,namastey india love ur post ashish chanchalani pls collab plssssssss 🙏🏻🙏🏻 nan,2
35924,rss ke sabhyata hai jo ise rastay pr chal kr bharat ko hindu rastra banayngay nan,2
27609,nepal ki tarafa vi aap ka dhan jana chiya great work sulet kartahu aap ko nan,2
44797,chutiy ye bhi bata de jinna ko india pakistan k alawa kaun janta hai ? ? ? ? bc gandhi ko duni,0
5090,main sarkarko ab akhari bar bata raja hun ki inhon agar shreychoropar karvai nahi ki main unko anewalen chun,1
28234,aesa nahi bus inshaniyat honi chahiy warna hindu aaj bhi islam countri jakar pais kama ra,2
35809,think woz safe think theori pretti valid took horn anyth want wrong nan,1
29777,varsha ye ashleel batein nahi hai sach hai 😶 nan,1
24437,pm sir ki sanskar-shala desh-videsh bharat aur bhartiyon ka parcham fahranewal pm sir ka abhutpurva sandesh,1
8692,logon ko kam chor bana rahe hain ye log hamari mahnat ka paisa hai ais nahi udaya kart apn ghar k pai,1
14214,tum logo main sy jis ny bi saad ka account suspend krwaya hy sy saad ko frk ni prna ghanta frk ni prna ku ky tum logo ki nan,0
27186,congress ne nahi netaji subhaschandra boshveer savarkar ji jais neta ji ne desh ko azadi dilayi pe,1
44822,wow koi lafaz nahi hai mere pass iss ziada main kush keh nahi sakta gaan ko tasveeron ne,1
12088,absolut look naya bharat religion need support,1
38385,bahut sundar great job ashirwad hamari hardik shubhkamnay ishwar sadaiv krapa banay rak,2
13454,hahahahaha uss kaho jake tel leke aye take u ko tahl saku pakorey ki tarah 😂🤪😱😜🤣 nan,0
40980,kerk ü k teki patlamalar ı n hedefi dea ş ’ ı bahan ederek pe ş merg pkk-pyd nin kerk ü k ’ ü ş gal etmesidir patlamalar ı n ü rkmenl nan,1
24568,ghanta khaan ko roti nahi aawam pareshaan hai mehangayi se aur imran aur fauz ke general ne,0
22923,still sometim believ job thank josh safran come sooon 💃🏻,2
44356,allah taa la se meri dua hai ke wo aap ko aik chand si piyari beti se nawazien aap ki famili poori,2
27081,serious danc move insan tomorrowxtogeth wangotango subscrib livexl never miss anoth musi nan,2
13026,bharat ke musalman darey huey nahi hai unh tum jais kayar lok darat hai nan,0
6625,honor sir hum logo ko rojgar deya jay thank mission manag mission associ puvvn,2
27515,94 % believ everi child india deserv qualiti educ hope 94 % peopl wil support nan,2
353,murali noon care boycott world cup till nesamani recov attack krishnamurthi arrest nan,1
40753,chawal log 😠 intahai chawal log 😡 phir aati hain wo log jo 1992 wc ki baqwaa kar rahe hain 😪.. ye logon se,1
13320,sale gandu kashmir mee 82lakh muslim haa 35lakh hindu 7lakh buddhist sharm karo kargil,0
7309,mukhyamantri yogi adityanath ji chinnara panchayat ke kamlapur coloni mein main ek saal pahl bijli ke pol lage,1
40625,tusi great ho laanat qabool kro,0
16298,ne 5kg swap mela organis maa laxmi bharatga gramin vitrak itakhola dist hojai assam nan,1
37619,hum chahi jitna marzi troll kar lein paki team ko hum har match main inko support karein gye love sir,2
25431,bikan ki saan arjun ji 🇮🇳✌️ jai shree ram 🇮🇳🌹✌️✌️😊🙏🇮🇳,2
8228,isliy daar ke izzat se releas karv diya darrpok action toh kuch le nahi sakt bas bh,0
5859,sabka saath sabka vika sabka vishwa vijayibharat mahajan,2
24471,hooh kita sllu nunggu .·´¯` ( > ▂ < ) ´¯`· . rest well author love ( っ˘̩╭╮˘̩ ) っ nan,2
14504,rose3 ok pean alright buddi nan,2
22799,forev repeat hindi nation languag india nan,0
29250,love thoma stanley holland amaz 23rd 🥺💕,2
30471,tyisi yho ha endgam incred movi rha futsek mahn sie nan,2
5139,tuj jais ko koi kyu marega tu free ka entertain deta hai wais b jab se congress join kiya tab,1
14597,ho ek naya phone diijiy na samsung s10 mera pass nhi hai garib admi hai dur yaar laura nan,0
21049,peopl use believ shi ! ! ! ! make food sweeter 🤦‍♀️ thank god blender let see hw food tast nice 😂 nan,2
12577,yun dil toota ki jais ki samundar kisi ne patthar phenka ho aur wo patthar kitna gahra chala gaya iss baat ki,1
15985,khoda pahad case samandar chuhiya bhi nahi nik napakistan ka kuchh nahi ho,1
8667,siab baitanai,1
26458,iss bade hospit ka delhi ki janta kya karegi newindia-2 mein feku ka jap kark ke tonic pi,2
11894,yeh tabbarh ns ko nelson mandela sabit karega ! ? ns toh nelson ke kutt ki bakiyat ke barab bhi na,1
30444,apka jaisa neta maa ka jaisa chavi jo pure desh wasio mere liy aap meri maa hai apn sabko,2
12798,umar ye apk sth galt ho rhaki trah ka deptment h ye nan,1
8961,jo chor hota ha wo motorway ni banata metro ni banata pore mulk ki secur teak ni krta,2
28049,aik baap ki bebasi riyasat hukomat ki behissi 💔💔 heart weep culpritour silenc culprit nan,1
7298,india wali khush ho rhi hamari harr sy jb pak india ko haray ga tb pochna us sy 🌚,0
35264,gud news ab ei ko treason ki saza milni chahy ager en jaisaon ko chor diya gya ye mulk dushmana,0
5944,sir agar aap fm ban jate bombino buddhu bc pucca chor vegarah ko jail kaun bhejta aap isi role mai bdi,0
9860,ghareeb haq halal kamani ghar se iss nahi nikala ke haram pe palnay walon ke zulm ka nishana banay gho,1
22128,thegiftofeduc move inspir singh jiinsan free coach center open nan,2
8384,221b khud ki skal dekh le bc phle 😭 chimpanje bandar lgrha mc 😂 nan,0
26907,bull kya karegi bra ka phir hindu ke pas hi jana hai nan,1
24243,sir congratul new ministri offload frm 2 pm air india flight airpo,2
14717,sahi faisala sari midiya bjp ke prawaqta ke haisiyat se kaam kar rahi hai wo midiya rahi hi nahi jo choutha stambh,0
4746,twt 's offici nam june noth 's chang still love u forev nan,2
29780,icc ko request ki thi humn wo kehtay hain match lazmi khelna parega aisi 2 point nahi de sakti england ko,1
44569,fraudia aisay bolay acha nahi lagta koi shareef famili nahi shareef log bolay tab manay calibrefraud nan,1
16581,sir aur meri jodi ekdum gulabositabo si hogi 🤟🏼 realli excit part project mentor nan,1
17610,hurt ne much yar 💔💔💔💔 feel widow allah sabko khush rakh nan,2
10252,siddiqui kamalnath ko tag nhi kar rhe kyunki secular govt hai waha pe nhi sidh modi ko tag karta dara hua muslim shahid siddiqu 😄🤣 nan,1
12725,bharat mata ki jai vand matram jai shri ram,2
15548,bibi ye logon ka trend ni ye aik orat ne ghtea pun akheer ki ko hinda ka khtab milna chahy,1
19434,itna ghatiya pm kbhi nhi mila nhi milega india ko sala pura system ko bar,0
38285,friend-kal tujh apna lunch khilaya tha aaj tu samos khilayega bc 🤨 le *,1
32209,shit want henri fuck fuck god greasi clock dude want henri chew gum smelli nan,0
16495,symptom good govern achch din indian proud pleasan,2
15863,congratul jay narayan mishra ji nauri nayak ji nitesh ganga deb ji wonder victori jay maa sam,2
7571,sir hamri uni mei bhi hec peef scholarship k fund rok diy gay hein thori c nazar e karam traf,1
28376,alway take care sibl dont mess kyuki agar unhon apki harkat phone ke raaz paren,1
11814,bakwaa band kar mean love punjabi / urdu nan,1
26226,thanx god e desh ka sukan mayavati akhilesh yadav mamta aur rahul gandhi jais logok hath nahi gaya nan,2
41737,sharma jiab sarkar ki koi sanstha iss uljhan ko nhi kholna chahe gilekin agr imandari k sathfir cong,1
31759,guy realli need look one 😭😭😭😭😭😭😭😭😭😭,1
26377,agent101 😎🇵🇰😎 true veri true 😎🇵🇰😎 call awar alhamdulillah 70-saal say koi pochhnay wal,1
13059,prove bjp gunda parti apologis congress n rahul gandhi wish n't,0
33600,bam 22 love girl alway nan,2
12570,aapk irad theek nahi lag rahe hain mujh 😃🙊 nan,1
14314,wo sub kutti agay hain bhonkni jin ki walda ne kabhi unki baap ka unko nahi bataya apn agey apn sh,0
33844,aaaa junmyeon saw birthday bus sweet put insta stori kimjuncottonday happysuhoday,2
24320,main delhi rehta hu lekin darbhanga pani ke liy hahakar macha hua hai main p,1
39304,kas mani happi return day happi birthday may god bless happi & good health & success nan,2
22590,beauti composit love kabir singh tujh kitna chahn lage song mithoon feat arijit singh | ... htt nan,2
701,journal k bare bt ki jbhi isko ye cripption ka certif dia gaya h nan,2
34851,jo state congress ki sarkar hai udher 50 milta hai kya petrol 🤣 nan,1
25911,doubt love bollywood kakaboth mere sapno ki rani kab aaegi tu nan,1
42175,burki sir koi shak nahi k aap ne un bachio k lye bhi dukh mehsoo kya ho ga nan,1
22245,abhi sarkar bani bhi nahi ki kashmir ki algawvadi neta ka press releas aa gaya ki agar 370 35…,2
10466,sir local polic station pe complaint krne par bi sunwai nhi hai mene 5 may 2019 ko complaint karwai,1
8814,modikaka kisiko bakshna nahi yaad 52 gaali di aapko ham nahi bhooleg pruvthiraj chauhan ne mohmad,0
28714,pata nahi hoga kahi gym ke andar 😂😂😂😂😂😂 rehen de usko vahi vais bhi ajkal ke show acch nahi,0
16540,dhanani scindia,1
842,apki aik gawahi ne mannat ko pagal saabit kerdia hai watch cheekh tonight 1000 pm arydigit,1
34335,nation sale khud ko secular kheta hai aur apni parti ka nam communal rakhta hai vend matram bol nan,0
14482,hassan bhai ap say kaho ga jeet ki lghan nazar atii hai fight kro larai nazar ani chye ham apko hamesh,2
33458,lol keep tell everyon kai best pizza truli day,2
29348,susmita7 manjo bhaya ar look soo cute 😍😍😘😘😋 nan,2
34644,best g 😇😇 🥰 rning lord ji bless us sewa sumiran & parmarth aap ji de charna naal,2
13102,koi sabut ya kalpanik stori wale hindu dharam ki tarah bina fact ki baaten nan,2
34162,yeh cute sensit bacha kiska ghum hogaya hai jo careem waloon ka aik joke handl nhe kar sakta mashallah yeh pakistan k nan,0
6327,wellwish dhan dhan satguru tera hi aasra 🙏🏻 good morn jind jaan 😘 bless us studi papa ♥️ nan,1
10754,good found know yes unimport ! ! ! ) nan,0
17636,ye kabhi nhi hoga nan,1
9137,bas 3 hour hain aapk paa taiyaar ho jaaiy guessthecommun win excit gift invit kijiy apn friend au nan,1
27326,1 day go dil dhadak ta hai ji kon jitega wc19 vote kare apko kya lagta govt gi nan,2
27636,thursdaymorn good morn sohn satguru g thank give beauti day bless,2
25779,har pal har din sambala mujh agee v life harpal jrurt apki plz yar guru nan,1
17820,kill say woh soney ka bhi ban jay uski woh ehmiyat nahi hoti,1
28011,khan hypocrisi best ladi kudo ! ! ! nan,1
17504,koi mujh btayega ki pulwama ke bad imrankhan ne aisa kya kr diya jo ham bat krne ke liy agre ho gye ? ? …,1
12241,today great day sri atal jee sir made proud bharat mata ki jay nan,2
21734,abu bakar yaar ye short cours walay boys ki hardship ko cash kartay hein aur wo becharay wakay jaan day rahay h nan,2
16312,sir durghatna grast parivaron ke prati meri samvednayen hai aasha karta hoon ki parivaron ko,1
14516,thank ji narendra modi ji aap aap apn rashtrapita ko nahin jo sab kar sakta hai apn apn,2
13387,'m sorri woh mujh se inshaallah mein typo ho gaya tha edit ka option nhi hai iss liy aga,2
7660,singh jeet ki hardik subhkamnay bhai nan,2
6921,tera haal uss bhikhari ki trah hai jo daaru roz peeta hai aur pais bhi nhi kma paata wah rr bikaau journalist nan,0
39290,aaj kal kuch muslim neta aapaa ki ladayi ko bhi hindu muslim r,2
14925,buttni wese aap b kam nhi ho lykin phr b nosheen ahmad churail buttni ka nam lunga nan,1
27243,akak music song 🎶🎶🎧📻🎵🎼 thank much anmol nice stori veri nice song enjoy much 👌👌👌👏👏 music,2
24374,mileya mileya - jigar sariya priya andrew rekha bharadwaj ( god tier song 'm love ),2
12978,bharat movi besabri se intzaar h jiska ❤ nan,1
11204,bajrangi good movi n't see yet nan,1
19546,suleman hanji dua ker rahi allah atta krde gey nan,2
28655,mere nazar aapki respect aur badh gye h sir may god give strength recov unmatch,1
3163,jada muslimo ke masiha bann ki kosi mat karo nase ki halat log kuch bhi kar sakt hai tumh bhi,0
39239,good morn tea lover around world lijiy subah ki peh chai aapk naam h nan,2
17114,jcb ki khudaai aur room hochuki chu dekhna bass kismat walo ke naseeb hi hota hai 😅😅😅 kon h wo kis,0
13853,jo jo media wale bjp ki bhakti karraheh un sub tv pe congress ki prabaktaon ko bhejna band kardijiy,0
10669,buhahhha apki mpa seat hi ki tarah maryam safdar ki “ chamchagiri ” par mili hai nan,1
10179,ylcnk love u 🥰 nan,1
15254,srk4life tune india ko final may nahi daala 😂🤣😤🙊 nan,1
9145,lanat ho tum per mitoo gay tum aur tuharay aba pakistan mitanay key liay nahi ban,0
6624,tumhar malik ne stifa diya hai manjur nahi hua tum jant ho ki chor kaun hai lekin itna jhuth,0
18482,gr8 job sir indian ho jo terrorist failay unko maaro salut jahil kahi k india ka naam badnam kr,2
25916,sir aap kapil sharma ke show aao na bharat film ka pramot krne aap aaog film 300carod zarur kamayega nan,1
30217,dekho guthka aunti ko ye kabhi nhi batayegi ki ek baar amit shah file banak bohot farjiwada k,0
8603,chutiy zahil tere kejriw ne saniko ko bahaut bar gali diya aur unk prakaram ka saboot manga p,0
30608,licious cheer luv know someon els far wors bella 😘 nan,2
30216,dev apn languag ke kitaab leke protest kareng nahi huva kuch next dekheng nan,2
38427,fav e te dou 7 motivo pra colocar uma ú sica 1 lil peep - nineteen 2 nf - want love 3 rubel - velho e,1
29927,excus ye aap ki ticket gir gyi hai thank bhaiyya 🙂 bhaiyya mat boliy 😐 ( blushi,1
31303,shyd tere ko iss baar ek toh mil hi jaayega shetti ka strong zone - mumbai / gujarat circuit ak ka,1
22258,tum jais aanhd bhakat yahe ker sakt hai khud jawab deng nahi bus dusr pucht rahe hai,0
15116,mr pm modi ji aur bjp adyaksh amit shah ji ko loktant ke es sabs bade parv ki jeet ki bahut bahut,2
11349,di kuri ye toy apka hn kyn ka ap juttt hn xd nan,1
22001,bol hamari aik demand hy icc sy hamari har match barish honi chahy 😄😉 nan,1
11196,veri late media defam cong taglin cong ka hath pak ke sath media set narrat x p,0
37374,kon kahega ki ye anchor hai baton se bjp ki dalal lagti hai,0
12521,increasessccgl17vac increasessccgl2017vac sir aapko modi ji ki nan,2
36918,kaleem fuck chote say bachay ko kiya sekhaa rahe hen emraan hashmi bana k rakh diya hai isko koi sharam nan,0
15764,inko inki auqat dikhani chayea realis follow,0
8238,hadd hai kamin pan ki aapko pata hai ye kev jail gaya hai ye bina order ke railway platform pa,0
17457,great decis taken govern sir kisan happi get relax jay hind 🇮🇳,2
10195,krish requir yagna pre condit veda go h,1
8604,spotter ye sirf pauranik kathaon mein payi jaati thi vaastavikta se iska koi sambandh nahi hai nan,1
30952,medic 😂😂😂😂 go away uch ur feel genuin jor nan,1
32590,khan11 ek hi parvar main sabhi badma nahi hote hai jais congress parti mai har koi bura nahi hai magar jo,1
22931,qst citi sandwich made yet nan,1
27132,shaikh10 ye suwar ka bhi insaan ban hi nahi sakt suwaro ki soch hi jahilp,0
16003,saal gutter chhap 2 kaudi k dallll patrkaar tere jais harmiyo k karan kulbhus,0
44966,chanakya modern india new home minist congratul amit shah ji terrorist sepa,1
19795,chup kar bhaand sahi kiya ab ro mat jab patrakarita chod kar bjp ki dalali khata tha tab nahi,0
35199,rajya sabha se apko mauka milna chahiy good thinker alway requir place nan,2
14537,bb sef chale summer differ nan,1
35315,hi schoolmat palang kita nag-bond ( sa baybay ) hmmmm nice ka man updon ka nice simo person mayad ka,1
23554,ek baat samajh lo jo hum baat karna nahi chaht hua tum log kahan reht hain aur jo hindu musalman sath keht hain,0
37914,bekhayali infecti song remind toh phir aao awarapan bekhayali would rage one nan,2
42240,chart nct fastest album 100000 hanteo 📈 nct 127 – superhuman 3 day nct dream – go 3 day nct 127 – regu nan,1
14853,hr18 omg soo cuuut 😍 nan,2
16557,aanganwadi kam krne wali mahila ke deshdrohi bete ne mp ka elect lada,1
21031,log bhauji ko sirf holi mai yaad kart hai elect mai vote na de kaar harwa dete hai bad bad nan,0
12231,oh god yoongi said “ bodi got dna love armi ” went shi right absolut devast nan,2
11310,jinko khud nahi pta ki ramcharitmana kya hai wo bhej rahe h bjp neta ko phle khud samjhna chahiy f,1
13049,beliy shalwar exact sab chalta hai play good cricket inshallah nan,2
24388,sahi kaha loag akel sktey social media p kyu atey eventhough think alon realiti nan,1
16560,haryana nahi maharashtra jharkhand bhi haregi bjp nan,0
33420,punjab mai summer vacat kb se de rhe hein sr g nan,1
13245,teri buddh crimin ka thik se khada vi nahi hota,0
37347,not0ri0us hay mere ghr wali nae maneyi yr mene socha tha media field psycholog le bethaa humey nan,1
34750,great smile hoti face py tu b awesom lgti nan,1
12600,first giveaway want give back happi announc give away photocard ! … nan,1
5306,aur us maa ke dukh ka alam kya hoga jisko beta apn sath bhi nahi rakh pa raha jab ke woh pm hai aur n,0
26565,adraniy narendramodi rajnathsingh ji bjp4india amitshah ji ko jeet hardik subhkamnay nan,2
22743,one modi ji ki sarakar ke samarthan karan,2
29959,get food 🙄 chu want 😏 dont matter food himbruh chu want mejust get food h,1
43714,ek kaan say sun kar doosray say nikaal laina alway better dono kaan say sun kar dil par lay laina 😍 nan,2
21806,mp home minist ke nirdesho ki rewa ke sp mahoday ne hawa nikal kar tair panchar kar diya par mp home dipart,0
23970,af teri maa chod r,0
22263,vodafon walo k internet ko dekh k ye nhi smjh ata ye vodafon supernet 4g likh k hme tasal dete h ya khud ko 🤔 nan,0
13435,aaron finch ki wapsi jais india modi ki ek josh agya hai australia akstar nan,2
15340,kya kehna kya chaht ho pamphlet wali incid ke liy hum,1
37477,say chuppbbi aes mujh kabhi nhi diya 😭😭😭 nan,1
8839,sattar masha allah yeh banda sacha karkon hy bht mehnti hay masha allah jis trh parti k liy wrk kar raha hy nan,2
22955,peg dp remind need bandar nan,1
12723,tum log kabhi nahi sudhrog everi time upper cast lower cast nonsens nan,1
23889,sir kyu pardhanmantri pad ki garima ka aapmaan kar rhe h jo vyakti desh k dushman ka sath khda ho,0
19042,afwa bajaar aisi afwa kotak bank ke liy bhi udi thi world ka best investor koi compani invest k,0
2466,attent godi media 5 sal tak gae gobar hindu muslim 3 talaq etc pe dabat ker ker desh ka kiya bhala kiy,2
16126,kind repeat kisi k zahiri aeb pr mazaq na bnayen unhon ne khud ko khud ni bnaya allah ne bnaya hai allah k,1
20944,jbsylxx awwwi thank sammieee heheh ❤️ nan,1
13384,koi kejriw ne bhi 67 seat laker bjp ko sbut diya tha tb tu nhi bola vo iitian h pdha likh,0
441,rohit bhai big fan want meet nan,2
5347,jassi seedha sale ja ja ke hamar bare uns ulta sidha bolta hai kamin dekha lena meri,0
13693,sir ye congress wale janta ke swalo ka samna nahi kar sakt tv debat per bhi sirf chillat aur jhut,0
18464,pag uminit talaga dugo ko dahil sa mga fan damay pati pusa ko grrr sorri na nan,1
6022,evm ke harwar set kark chunaaw jeetaa gya hai elect commiss pese khaakar bjp ko jitaya hai hardwar,0
13571,happpi muhhhh fuhhh n birthday alreadi know ‘ 🏁 ! safe fun life nan,2
34400,mgt thank ! ! ! nan,2
29417,pradhan marntri ji bahot bahot subhkamnay dher saari bdhaayi modi ji aap pyaar hmesha ays hi janta parivaar,2
27438,worldnotobaccoday undervth pious guidanc saint dr gurmeetramrahim singh ji insan guruji vol,1
22573,na ishq mai na pyar mai jo maza hai 5 waqt ki namaz mai dua yaad rakna bhai jaan,2
20867,sick leav inka dimag kharab hai ink chakkar mei hum apna dimag kyu kharab kare nan,0
18416,daikhtay hain aap ki tabde ka caravan kab apni lane chang karta hai kuen k aap ko b har 5 saal ba,1
25935,isi ko chutiya kaht hai abe muslim se jyada hindu meat khate hai,0
35643,askmona love program 💟 pleas play kitab bohot si parhi hogi tumn masi ☺ nan,2
33352,mansoor ki kon suntaa 😂 dunya ka sb sy jhoota anchor hai itna indian media nhi jitna yh hai 🤣 nan,0
12235,tmrw last jumma ramadan dil khol ky mangein gy dua 😉😉 nan,2
20662,kv bhai - power act teaser mind blow & awesom sho nan,1
5795,n't bark yr channel bhadwa rahul kunwal seem everyth okay bjp nan,1
15503,cheat someon disgust hurt disrespect thing could ever someon say love nan,1
8250,dear student agr tumn kabhi tumhar tuition teacher ko fee ke liy nahi rulaya kese student ho tum nan,0
22401,yeh chutiya bann kehna chaah rha saala jab se porn ban hua yeh pagla gya nan,0
29336,bjp valo ko andh bhakt bolna vala khud andha h chamcha c,0
10020,local polic ko inform kro chota bacha hai ye bhag nahi skta ye famili ke yaha bhi jaa skta hai nan,2
8989,apk liy song - momentum ) nan,1
32342,chyutiy nahi samjh galti rahul gandhi ki,0
27193,jeet k liy bahut bahut badhai sir ab desh 5 yrs k liy sahi hatho hai mai bhi bhi aap k,2
16559,ab bjp ki sarkar educ devlop employ gdp gai bhadd abb sir sir desh ko ba,2
37984,aab aap videshon ke department store bharat ke bane kapdon jooton aur anya khadya padarthon ko,1
15678,tri today awesom exp hope use soon india,2
24539,love much also shine promot cloth adab lyric know accept,2
27279,day back ask biggest panauti see pic repli one,0
29678,yeh germani ki wajha aj europ ka nam neo-kutta hota nan,0
5280,kahi nahi karat bjp cha fayada karnar baki k,0
18760,bina ministri k server nahi kar sakt desh ka ministri se maal milta hai isiliy sabm desh seva ki bhawna jaag gayi nan,2
44558,hum unm se hai jo subah abbu ko good good mrng k jagah salam dete hai ... 💕…,2
30598,'s clear wo n't minist modi 2 0 govern indian around world miss nan,1
22010,redd friend girl fuck uhhh uhh bitch fuck dat nan,0
30544,modi ji bilkul jhuth nahi bolt btwiss list digicam aur radar ka jhuth nahi h 😬,2
26029,jai ho vidhayak ji nan,2
15900,abhi filhal koi nahi hai jise ap acchi lagti ho thoda aur wait kar lete hai koi na koi jarur mil jay,0
10979,8619715355 pnr book wait tatkal chart prepar ticket confirm get refund nan,1
43973,sureshji jayeda se jayeda pead lay wo bi neem ke taki mousam tandak rahe ye govt ki hi nhi,2
14785,upsssc exam delay aur cancel ho rahe hai es per debat kyo nahi koi hai jabab lena bala age,1
15550,raj reddi vikash dont influenc modi / shah nan,2
10067,yogendrayadav tujh koi serious nahi leta ahiro ka naam toh kharab kr hi diya extra attenti,0
16899,agr woh itna e bra chor hai tod lanat hae aap sb ki 30 saaj ki hukumaton pe jo ous ka ihtasab na kr,2
12702,hardik badhai avm subhkamnay shredhiy narendra modi ji,2
27005,pipal ye konsa print media authoris hai abe chutiy vha pe candid ke member,0
31606,neha pant ji aaj bhi aap sirf modi support kar rahi hai aaj ji ne bahut,1
14255,dalmatian coast ) croatian kutta hai bada wafadaar ; ) nan,1
18082,ab kya hoga 🤣🤣🤣 boycot hindi news channel 3 month want debat 🤣🤣🤣🤣🤣 khud nan,1
42122,hate demand desper find dirt deji matter bad girl,1
28251,- dabang -- -aadiwasi -- inka haq -- kha rahe h aapki bhi sarkaro ne -- - ink lia kuch nahi -- -kiya -- nahi kiya -- -islia,0
18711,best wish love mitra - best boy ever 😍😍😍😍 nan,2
16140,ngk ngkblockbust yesterday - hit today - omg ngk fire tomorrow - blockbust nan,1
18930,bachoun k baap b apney baap ko dufnan nhi sakey thei isi haram doulat ki waja se nan,0
12843,gaddar ko mona bana ke dhakk maar ke pakistan isk yaar ke paa bhej yeh,0
38817,secretofposit gud mor dear msg papa ji dhan dhan satguru tera hi aasra mere sohna satguru ji h nan,1
13716,jam kamal ki eid k bad wais bhi chutti honi hain isi waja se horahi hai k ne collect partner 's ko ignor,1
13255,rana bandri jhoot bol bol teri shakal sour jesi ho gae baghairat admi tere mian kanjar ne tex k paison,1
19232,param poojneey shree modi jii aapko hardik shubkaamnay aaj ke din ki yeah hamar liy bahut garv ki baat hai aa,2
43580,rathe lol ; ) compet intellectu = scamster member scamgress ecosystem anti-n .. ? ? thu sudrega nahi bhai 😎 nan,0
25149,sundar fantaci leagu world cup nan,1
17041,hai bahut sundar hai gud night,2
12395,humbl request friend parti leader karyakarta & well-wish want meet & greet birthday nan,2
10292,mamta didi joor joor se aur maan se pukaro jai shri ram jai shri ram sare paap dhul jate hai au,2
23611,argu pubg kay sath tik tok b band ho jay socho kitna sakoon ho nan,2
23214,fuck bap jealous hate care 🤦🏽‍♂️😂😂😂 nan,0
42271,barun nahi samjha bhai ye neta log ab rumour parti ke member hain mota hathi ho gaya hai janta ka khake nan,0
13039,wtf u gone mad guy ? ? ? ? former indian cricket ? ? ? chutiy ho kya tera baap h wo smjha ? ? ? ? 😡 😡 nan,0
43811,bhayya u better suit produc like ur father rather actor allu arjun alreadi prove acto,1
25486,hyeongjun love much ! ! ! deserv rank ✊🏻 even cri look cute waah wan na hug yo nan,2
26831,srf 1 day left us insan ke brday mae jo mere famili ka aik member hae mere bheno tara lucki sis like u life nan,2
14996,babasiddiqueiftaar2019 pichl saal ki tarah baar bhi baba ne rakhi hai shandaar iftaar parti,2
28027,ye koi topi vopi ki ladai nahin thi logo ka aapa ka jhagada tha jise aap kais log hindu muslim ka,1
9857,randi ka bachi sala mater chod afghani kuti nan,0
27173,isko kuch pata nahi hai isko chhodo lekin jo banda ink tweet handl kr rha hai wo ek ka psycho hai almo,0
33771,kuch log sirf appka post bina dekh hi like kar dete hai padhn ki zarurat hi nahi hoti bas post,0
14411,soul ye salman logo ka phir chu ya katega bc sala trailer aur gaan khi se bhi period drama nhi lag rahi h nan,0
16242,vand matharam great hope young grassroot worker,2
12861,aapka hamar gorakhpur aagman par tahe dil se swagat h 😜 joke part respect ur feel nan,2
41624,har ek ka farz banta hai zindagi apn hisaab se kuch kare apn liy har koi karta hai insaniyat ke liy,2
27339,hahahaha funni ‘ caus true,1
15589,congratul good chanc see offici oath take houner pm sr jiii nan,2
13268,“ jai shree ram ” . ramlala ham aayeng mandir wahi banayeng nan,1
10842,icc world cup main kali andhi shaheeno ko lay urri 7 wicket say pak ko shikast * ghaza israili fouj ki karrwai 2 palestini shahe nan,0
26309,proud pakistan ameer e ahl sunnat hazrat allama maulana muhammad ilya qadri one great islam schola nan,2
32642,happi birthday luckiest dog vivi may good boy keep sassi alway ❤️❤️❤️❤️ sehun appa nan,2
3115,aagaya apni jaat pe suar teri bahan ko mera pasand hai teri bv ko tere abba ka teri ko te,0
36890,support barca - lost ajax - lost tottenham - lost kabhi kabhi lagta h apun ki barkha h nan,1
34772,sarkar ki nahi par aisi journalist ko kuch aata hin nahi bass chillan se bade anchor banjaog,0
20974,tweet karo agar video bhi dekhna chaht ho,1
15639,congress ki haar ka sabs bada karn shirsh ke neta hain jo kursi se mart dum tak chipk rahna cha,0
39695,ayushmann bhai salut u ghajab h brave attempt,2
21807,odisha yeh mc cdmo ka koi social media pe koi account h nahi bohot paresani jhel,0
27546,veri appreci nice one tq .😁 nan,2
6885,jitn khade dekh rahe insan nhi kisi pagal kutt ki nasal se hamar yaha cort ki zarurat nhi bjp ki sa,0
24467,lonewolf hum apki kami bahot khalegi sushma ji apn jis garima aur sahanubhuti ke sath pichl panch saal bharat ke videsh mantri nan,2
11717,teri okat gaddaro k talu chatn ki hi nan,0
13208,hello nadir bhai love india yar aapka mai fan ho gya u love u much nan,2
12426,swati one 's ask ur approv realiti one day slap u shame oblivion,0
44970,happi bday lil sis ericalindbeck got big ol poster ! ! ! love show thundercat hoooooo ! ! ! ! …,2
19975,krishnaa gon na interest lallu vatsan chakravarthi kanna ravi congratul guy ) super wait,2
30132,dibet jane ke layak hi nahi rahe kya jaeng sansad jane parbhi roak lagado kya kreng waha jakar,1
12017,moment rememb heart appl eye miracl cell number 7 bajraigi baijan one day dll nan,2
14674,'m gon na love like 'm gon na lose let 's marvin gay get nan,2
19758,topsgrup hr mera payment nahi de rahi hai ek haft se drama kar rahe hai ki koi call karega abhi tak phone nahi nan,0
24514,aap log western media bbc pe bharosa kart ho lekin apn desh ki media pe bharosa nahi desh chho,1
10430,ka gyan thinker tum mull ho atankwadi ko suport kart ho tumko ib pe yakin nahi court pe yakin n,1
11549,happi birthday mammi rip miss u lot yes 😔,2
41866,fc repost masoomiyat ko sach ki zaroorat nahi hoti kyunki uss saccha kuch aur nahi hota kaafir premier 15th nan,2
28951,guy good noth normal per,0
31929,dami lol cheap nan,2
41803,kuch bna nhi 👎👎🙂 spot non-vegetarian dont enjoy kill & eat kill nan,0
13890,great see guy back 👍 nan,2
2670,sharma4 evm dhand ho sakti hbut etn bade level pe nahi congress ko agar vote lene h andar hi,0
27675,faisal qureshi react meme < /3 sed react fasaadi jani,1
17553,kisano ko fasal ka dam sahi nahi fasal vima ke nam per lut kisano ko sahi fasal ka dam ki ja,1
20730,singh sabhi jaati ka khyal per musalmano ko phir thenga aur vote ki ume musalmano se bhi n,1
16426,hy hi kisi haram ki bachi isli bkwass karna ki bajay ja ja ka paisa takseem kar madarchod yahan,0
22581,haqdaar banna asaan nahi hai kaamyabi ki equat set hai ab raja ka beta raja nhi bnega super30trail nan,2
7386,awwww im good express feel jae kaya mean alot uwu im glad may nakakarel sa,2
13129,rathe bsdk haan desh mein 3 crore bangladeshi aur rohingya bhi inhi log leke aay hai desh ki,0
9609,inc gaurav bhakto ko ullu banaya bada mazaa aaya sincer modi nan,1
3457,happi birthday fati churail may mani mani mani sha allah stay bless 💜💜 say nan,2
37717,kya chutiyagiri ki baat karta hai sanjay ? ? ? abe kuch kaam nahi ja ke aaram kar na sala kamiya,1
5284,ek apel ke sb ko ke hume sanghar koi sahoolt nhi seht ki humar pas na doctor na n c,1
22776,sens jada berogari ki maar netav ki hui h jo chunav haar gay ab modi g kya kaam,1
18107,chor ki dp qazi faiz isa chor hai khuda ka wasta apney naam se yeh dr hata pleas beg u nan,0
28185,yoong - * blush * - uhm hehe nan,1
32578,muji jitni zehar lagti hai shahyd utni kisi ko b nahi lagti ho gi aur hamaray pcb nay ko ambassador,0
13196,hoy ang cute mu heheheh vv clear na u wont crush back di naman na tayo moot anyway nice life ……,2
19089,abey chutiya 12th fail teri jais gandphati k bhadw bahut ghoomt hain jo cheap public tu paan,0
17554,bilkul aisa hi hai jin ki khwaish hoti hai kay khud ko leader ko acchi jamey g,1
19848,good one bakri birthday lol nan,1
30235,😔 bow head shame univers crisi alon syria india afghanistan face,0
40615,sambha kahan se mila tujh yeh tape suna zara sun lo gaun wasio thakur ka kamal nan,0
17891,itni imandar ki congress ke pairo gir gai ls elect sir kam kr lo ap log twitter twitter mat khelo nan,0
24172,namaskar modi ji pm sir mera naam sukumar hyderabad ek chota compani kaam karthahoon sir,1
40779,itn saal bad kiya aapn firbhi ek sawal banta hai defin action plan complet timelin ? ? ? nan,1
9219,bhakt2 nahi yaar congresiyon ne desh barbaad kar diya 70 saalon mein modi ji akeley ke damn par,1
44884,ye drama dekho letter ka matan cv tha kiun madam sahiba ki behn cv khud nahi bhijwa sakti thi department lett,1
30434,hum dheer dheer exam feel like promot song better colleg,1
24007,wo khush naseeb ye zakhm jis ko ras aagya ye aansuon ke haar khun baha nahin hen dosto ke wo jaan de ke qar,1
26973,madarchod krishn ki soch thi ki hams bada koi bhagwan nahi hona chahiy aur randiyon ka kotha chalan wala bhad,2
13579,abey kutt bhonkna band krde mere status pe varna teri maa chod dunga randw nan,0
9984,bhai ye saal chutiy hi ye saal randav randi wale hi sabko badam kha,0
26938,sad best wish kate thank everyth nan,2
16866,patel 12 dogl hain ye sale sirf itiha chupa kar public ko bewakuf bana,0
5129,bhola charact 0 hater love imran watch episod kis tarah gradual theek horaha hy,2
36377,tu bhai apna raul vinci ko sambhal suna khud ko hi r,1
22193,mine rahn de wo sad ho gayi jan ke ki kisi ko uska id pata hai photo toh dur ki baat hai 😂 nan,0
18571,ohhhh made green heart even greener ! ! ! ! stronger luv support darren ! ! ! !,2
19246,hamar desh ke manybar pm modi ji aap ko aapar jeet ki bhut bhut shubkamnay aap se 1 request h ki pm,2
42683,itna paseena ahmedabad ki garmi bhi nahi hota vo fir bhi north nan,1
41869,hun aaj bsdiwal keht bjp ke neta ne aat hi kaam shuru kar diya seedha aaahirwaad lene mandir gay,0
15257,mein tujh rote hue nhi dekh sakta aur mein iss asu ko rokhunga nhi lekin behn bhi nahi dunga behirfeel,1
13542,even muslim — ek gaali kia de di log mazhab pe ajat hain bc,0
18269,gadkari jai hind hardik subhkamnay best leader beauti team write,2
15325,tu gulam hi gulam rahega pappu khan ka mutr pe pakistan ja pappu khan ka kuch bhi nahi hoga pap,0
12522,chhavi yadav like courag bold right r wit nan,2
38711,jis sena ke modi ji chunav jit kar ate hain bjp ki sarkar wale rajya unk hi gund sainikon ko lahu luhan,1
37862,r miss bandey - mataram bharat mata ki jay aftar swere nan,0
20302,batanga state univers 😆😆😆 nice meet nga pala haha nan,2
26244,har tarah se deshi gaay ka dudh hi labhdayak hai worldmilkday nan,2
30835,guddan tums na ho payega 29 may 2019 preview akshat send angad psycholog,0
18869,say sabka chor bika chor mean nan,1
19667,dssagainstdowri good morn papa g bless us maximum sewa simran parmarth success nan,2
33854,mcx sharma ye ladkiyan khud kuch effort nhi krti aur fir kehti hai singl ab mai voh launda toh hu nhi jo itni nan,1
39915,sala better visit,1
19935,rsptd digniti sir plz give one chanc improv best team swach bharat abhiyaan ( like 2…,2
8990,say abba kyari sorri sai baba warn econom growth anywher scapego polic nan,1
26858,thank sir sure modi ji sure outari purus countri sure becom vishva guru atleast nan,1
25645,tujh sirf muslim dikhta hai mai jo bjp worker mara gya uspr bol bjp worker ko jo tmc,2
36704,prime minist india shri narendr damodarda modi ji aps nivedan hai ki aap apn sbhi vijayi,2
18800,even person share know fake v,0
17450,next time sala hume bjp ko vote nahi dena kyo ki bjp sirf rajput aur pandito ki parti h usko kya malum,0
15831,hello madam public pagl ni jo nikkm log ko slect krti h public ne slect kiya h bo soch smj kr hi slec,0
23919,5 ha usk liy theek h 😁😁 nan,1
19262,behen ke lode pakistan ke dalal chup kark bheth chud gya na abi tu lok sabha ke elect,0
17404,friend rais money well 's anyth donat would appreci mani bless nan,2
44253,saaley nikammay fuck play koi karwao inh nan,0
12800,musalman ek jut hokar vote dey hain & hindus r devid nan,1
301,hope see babi weekend high doubt 🥺 ugh nan,1
24069,belat may u live long sir bharat need u salut ur braveri desh seva happi birthday gd sahab,2
13686,love admir raj kapoor sahab anyon world mere dadaji keht h ki kais raj sahab,2
30253,abbi perchii ab gaand phat ri hai teri wc looroo kutta bc india se bi haaro ge tm log nan,2
24537,great warrior india veri good desicion hai aapka dusro ko sikhna chhiy aaps thank,2
25997,tum chamch nahi badl ab janta ne muh peshaab mar diya ab kya tatti chaht ho co,0
7212,best friend absolut love one best person came across iss zyada tareef ki hawao mai,2
44058,sir mani congratul 💐💐.. hum aapko defenc ya home ministri ke pad par dekhana chahat hai god bless best sir 👍👍 nan,2
24010,sorri bjp joot aur goondagardis elect meet la aadath hey bjp ko charact badalna aasaan nahi hey nan,0
13607,happi pride month us krew du moon ❤💛💚💙💜🌈🌈🌈🏳️‍🌈🏳️‍🌈🏳️‍🌈 natur post pictur featurin,2
5309,roza hai koi kaanch nahi jo ghalti se toot jaega aesi noth worri nan,1
34135,modi ji ki 300 ke paar seat chali gayi lakin mere 300 follow nahi huy acch logo ki kadar hi nahi duniya 😂😂😂😂😂😂 guerrila300 nan,2
34230,jis jagah muslim ki aabadi zyada hai waha bjp n muslim candid ko hi ticket diya tha magar wo elect,1
32752,happi new year bonn ann é e feliz ñ nuevo laimingu naujuju metu manigong bagong taon szczesliwego nowego roku barka da nan,1
13265,tejasswiprakash mishaan r togeth montag,1
19251,plis follow interact bomb tweet good humor follow back 💯 bhot acha hai follow nan,1
11375,sena freedom speech hi problem hai pakistan mai ye bolk dikha de koi - pakistan tere tukd hong,0
23273,dear neasamani get well soon onc feel better 'd love take holiday network 😉 flyairasi nan,2
15103,sahi hai laat maro ghoosa maro aur behen bana lo yeh aurat b kaisi hai isko apni izzat b pyari nahi ais aad,0
31277,jais u p chor dhaku apn aap ko khud jail bharo aandolan chala rhe like fear encount 😂😂😂😂😁 nan,1
16014,arvind ji enough enough 's unbear chate kya ho aap ki janta aapk raod pe utar aapk aam,0
25021,alter dies haar ich bin love,1
35225,bhi woman hi hu ur kind inform .😄 aur decent answer kiya hota toh mujh itna kuch na k,1
43728,secret extra 👀 made 120 print pre-ord littl thank support ( & sinc saw y'all lovi nan,2
38947,216 tum katmullo se kiya argu krna jo saal assam hawa,0
25720,bhai aagya tera time 😂😂,2
13948,today din hope get happi world hope ham aag bhi aas birthday mana 💕 par,2
7532,kya hua nhi bulaaya koi kanoon hai ki dmk ko aana hi chahiy pata nhi ye bbc kabs pagla gayi hai,1
20948,rashmi jis jis ne includ kiya hai sab galat hain bhai time wc xi earth someon,1
27161,thore congrat kiran rijjuji vand taram jai hind nan,2
16217,ye khabr btati hain ki corrupt ki jadey kitni mazbut hain pura ka pura uppsc hi chor haisab mile hue hain,0
43759,evm ko bjp bale kistara gorbori kia kuch samajh nahi ata naya tarik se kuch kia hai app,1
33434,shreshth kumarrr modi bhakto ka baap hain 😂😂 nan,0
20817,jungle hain saal jungle puri tarah kahin bhi rehn ke laayak nahi agar koi allah,0
19869,tune salman ka nam ab liya acha ni hoga bhaijan mera khuda hai unk lye jaan de skta hu aur l,0
22839,sir miss uhh puri ek ume jaagi thi ki aap jeeteng sir ag baar aap yahin se ladna odisha,1
16433,agar desh ka bhala chahiy congress parti gandhi khandaan se alag hona chahiy kyunki bjp ne congress ko g,1
21379,dewan inderjit,1
42523,kch sharam haya ni hai kch paiso ke khatir pakistan ki betiyon ki izzat nilaam ho rhi hai kaha sogai ha govt na,0
27842,64156 ka aaj bhi bura hal karena kya kuch socho ambiyapur train ko khata kark kai ghanto tak nhi ch,1
26488,trust zindagi may mujhay kabhi itni khushi nahi hoti jitni tab hoti hai jab may pakistan ko defend karti hu ) fe nan,1
26837,shrm kisi ke lie achha ni bol sakt toh bura bhi mat bolo yehrishteyhainpyaark dis show best itv nan,2
26859,dallalon se kuch ume maat karo ye modi ki dallali kareng bass hate media nan,0
13295,humor ye behn ka loda shahid afridi ko janta hoga jo ki iska abba h gautam gambhir ko kyu janega nan,0
37485,jee ap ki itah ghalat hy ky gher walo ko kiss ny mara aur yeh sahab tu hamesha kht,0
28492,qasim 786 qureshi thank call muslim call muslim 1 ) ahmadi ( abdul nan,1
29752,bakwa band kark odisha aak dekh k jao dara singh kaun tha pratap sarangi kaun hain ..…,1
26023,laga hai mota bhai ek peti yahan dena bhul gay 😂 congbachaorahulhatao,1
5037,sharma4 tera sa certif lane ki mujha jarurt nahi nan,1
14923,krishnan bjp ki trah ralli nikalen kya iski support main jais bjp,1
20783,qureshi saggi bhehn ko nhi choro zaleel logo ne astagfirullah 🙉😭 nan,1
25200,last mehnat rang layi good news yehrishteyhainpyaark fandom,2
33326,sir samriti g ne pappu ko hra diya amethi se apna waada polit quit kab pura kr rhe ho nan,1
8963,said “ dadmom thank much support herei miss ” cri babi 😢,2
39765,bjp aveng congress lagan team 😜 nan,1
18884,54 inn chutiya ko kis ne bola ke pakistan tamat nahi hote 🤔 mujh nhi p,0
45035,india cricket team ko icc world cup 2019 ki bahut sari subhkamnay nan,2
38677,janamdin ki dhero subhkamnay sir happi birthday 💐 nan,1
23877,aap thing gun violenc say knife violen,1
37343,good morn tweeter friend happi saturday weekend jay shree ram jay shree bajrangbali dada,2
9419,kareenakapoorkhan - bebo beauti queen come back bang danc india danc show super judg 22… nan,2
34220,koi momedan yeh kyun nahi sochta ki ramzan k mahin main allah ne hi paigambar bheja hai modi k roop,1
13234,jai shree ram har har mahdev amit shah home minist aa gaya hai jara vo bangal ki file,2
27825,mhagadhbandhan bhi barabri bhi nahi kr pa raha hai bjp ki werdict2019withnews18,1
15894,4evr sen pandit soooooo sorri ... ..👻👻👻👻👻 nan,1
1891,haha bomb tree broad day light ask command jo us waqat,1
24423,firstpost ka copyeditor result ke baad se chhutti par hai nan,1
9821,okay desi street food best ever eaten • dehradun ke momo best,2
21125,wo beef bhi khaaey koi aitraaz nahi ab ye khaan pe bhi jallad bane baitho ho ? ? ? sharm kro shar,0
41312,oye apni websit toh dhang se manag nahin kar sakt desh kya chalaog tumlog gobar ikattha karn ke hi laayak nan,0
13921,boltay hai wow great 😍 🤣🤣😂 nan,2
29761,koi ni ayega bachan na bjp na modi khud ko majboot bnao video bnane se kuch ni hone vala vais bh,1
21912,nahi yara bachay kbh badtmeez nahi hote yeah parent pe depend krta hai wo apn bachon ki kyse tarbyt krte hain 🙂 nan,0
29915,surya think meant sabka sath sabka vika nan,1
15153,ha ha ha ha ji bilqul dakho ab kon jeta hy aur kon harta hy nan,1
42986,bahut badiya good night askdeepti,2
19888,wala ka lang talagang sens fashion tsaka wala ka ring common sens bakit naka pajama longsleev ba manamit,1
39721,best pradhan ji nan,2
24692,tri today awesom exp hope use soon india keepitsimpl nan,2
34363,sahi hai sir jo kaam media ko karna chaiy vo aap kar rahe ho kyuki media bik chuka modi ke haat,0
21634,ce also citi welcom cool citi nan,2
34096,kela aisa vanaspati hai jo khay woh pachtay jo na khay woh bina khay na reh pay soch samajh ke boliy ..…,1
12671,modi ji ye sapath grahan samaroh har 5 saal baad aap hi kareng jab tak aap ban sakeng tab tak aapk,2
18346,jai shree ram randigiri band kar de tera patan bhi nishit hai ab bhi moka hai sudhar ja muslim ka,0
26937,sachinbans bhenchod chutiya banana band karo cust ko 10 din se tumara technicn n,0
19351,mujh pehl hi pata tha ye bjp ka hi kaam hai film rukwana congress wale ainwiye uchal rahe nan,0
23899,biggest voic bts show show btsatwembley twt,1
19426,rathe tu kaha rahega dekht hain 😂😂23 may ko india videsh bhag jyega 😂😂 abhi exit poll se hi teri gand,1
31335,tu bahut pitega ak din chutiy sale teri himmat kais hui voter ko idiot boln ki abe ujd,0
19846,shatram aao sunau pyar ki ek kahani jo pyar kare sala wo hai chutiya praani bete sabka katega tu bhi ka,1
28338,grlnxtdoor haha follow back karnek baad sochega lol nan,1
26775,bikau elect commiss chor & bikau media work bjp jumlebaj fakendra modi 's fake fail,0
37978,abe kta hua lund h aur phad ke rakhega 💩🤣🤣💩😂🤣👻👻 saal aaj ta,0
26719,worldnotobaccoday pujniya guru ji ki rehmat se bhut se bade bade citi main tobacco per van lga diya,2
559,saheb tera jat talbani jess harqat kyu kar tahe masum logo ko kyu marta tab tera ammi kaha mar jate,0
13496,bus khan sb aap yehi kartay rahan 5 year tak awam ki koi parwa nahi naya pakistan hous,0
16966,mre desh media link tumn di par khud jakar use padha ni kyun english nhi aati ganwaar pehl khud pad,0
12538,yadav,1
18819,jinbt yoongi reaction jin freddi mercuri eh-oh chant pure fond 🥺🥺 yoongi got excit 💜🤧 nan,2
12775,grace allah today mark 111 year khilafat-e-ahmadiyya khilafatday mubarak ahmadi muslim around wo nan,2
22295,thin sweet ok know better take might sasur nan,1
26370,rahul ji desh ko aap ki jarurt hai aap k apno ne desh ko sich sich k es layk banaya hai hum jroor k,2
34762,mpapjoin ab nahi chaleg nan,0
18784,abe screan shot dikhan ki kya jarurat ab aapki beti ko bhi pata chal gaya aur,0
27874,main kahta hu ki congress shashit rajyo dobara elect hona chahiy public ko sarkar banan ka haq hao gi,0
37363,hadd yeh hai k shoaib akhter b analyst hai joh khud apnay baap ki umer k bob woolmer ko marn ko dhora tha dress room main nan,0
33756,rhi cant remind love fuck though nan,1
15692,gandhi ke naam per loot ke khaan walo ko junta ne nak gandhi aur diggi jais ko laat maarkar bhaga,0
23526,phele fake account ko band kr fir apna asli account bna fir bolna nan,0
21403,face life togeth spend money us still money nan,2
15248,❗️ tomorrow ❗️ book 1 rona knew monster better anyon mortal one way know nan,2
25287,abey chutia congress 70 saal thik nahi kar pai agar tu compar karega pichl sarkar se abhi sabhi,1
22713,aann anww u cute littl star 😍 nan,2
10190,congr parti aur gaddar malya ka conect prove karn ki jarorat hi nahi hai malya gadar tuo congress mp tha mod,0
25605,subah shaam ek hi kaam didi jai shri ram 🙏🤟 chahal deodhar mamatafrustrat nan,2
14539,oye bhosdi ke apn aukat reh le saal bhikhari jaa pehlaiii wazristan kaa haalt,0
41252,congress ne apn parwakta ko bhejna band kar diya hai dalal modi media ab kuch seekh lo nan,0
34384,nah lame shit nan,0
22678,mr poet 😕😕 phr kya likhna tha brain pighal gya kaam ni kr rha 😐😂😂 nan,1
26643,madarchod baharchod radw tere maa ka bhosda tuz jaisa gira hua aaj tak nahi dekha aur na dekhna,0
13720,aaj bughti sb ne jo vedio share ki vedio ko koi media nahi chalay ga se mengal sb ki r,0
3748,bahen glad side alway ❤️❤️ never chang ili & thank alway,2
22017,chor chor chor machay shor maryam bibi ramadan ka month guzar gaya,0
15303,nighat abe teri maa ko chudo sale mogal ki padai sale teri bahan aur maa ko mogal ne pela,0
28726,hakeypham love vloglist wate forev feel like happi say cant watch ano,2
23164,hansraj total unfit bjp post 🤣 woh muslim ko galt nahin boln wala na koi bhadkau bhasan dene wala hai nan,1
22798,love smell air back home dharan nan,2
21655,dxbrealest tu muslim kya jo quran padha hua mulla tera naam daud choudhari nahi ? 😝😝 nan,0
1728,teri maa ki chut behen ke lode teri gand main jor h 15 minut ke liy mil le tujh teri randi maa ke,0
44467,ya lia ais book kyu k ya introductori book hamara yaha choti clase comput,1
37377,aapki tanashahi khatam ab ek bhi bjp ka worker ka murder kiya tmc ne toh presid rule pakka phi,0
22820,chupa ce jeu jlai saign é quand j ’ é tai petit alor que j ’ é tai super null nan,1
21926,sorri u cant step insid parliament jaisi jiski aukad waisi uski halat nan,0
42479,unlockyourinnerpow good mrng pyar papa ji bless everyon maximum sewa simran parmarth su nan,1
28612,ye rast aapki favourit partiyon ne v apnai hai warna jeep ghotal k bad krishnamchari ko n,1
28223,baniya opportunist babu abh aapki tippadi ki desh aur samaj ko bilkul bhi nahi chahiy fazool main,0
8488,happi 17th anniversari beauti haina ida may brown love meetday 1stplace paso texa,2
32349,rashmi ji haan bahut badhiya 👌👌👌 & log bol rahe hai unka jamana khatam joke 😂😂 nan,0
38182,ab trp ka darr satan laga wais bjp se itna dalali milta hai ki trp ki jaroorat nahi nan,0
9112,yeah hi bjp ke sanskar jo khud ko ek samay ke sath peech hatak doosr nay chehro ko mauka dete hi,1
3678,dicto tmhare abba ( rahul ) jais cover kia tune 😂😂.. nan,1
35699,llevalo al tottenham de pochettino la isla maciel te aseguro que sale del vestuario ni reconoc el campo de ju nan,2
43141,tweet like kr l ignor naaa karo koi baaat kr lo ignor krne walay apni neendain puri kr rahe hain 😑😑😑 nan,1
30625,420 sunny568 bi2452 k allah tumi hmesha khush rkhi aur aisi rho q nan,2
41471,koi bhi nahi jo mere bhoke rehn pe naraz ho ! ! ! 💔💔💔,1
20027,besharmi ki bhi koi hoti hai waes sahi kaha ap ne inshaallah monh chupan ki,0
12934,sahab aisa suggest mat dijiy ki rg h,0
28895,twt angel seokjin purpl hair grrrrr love world wide hamdsom 💜 nan,2
24483,rahul gandhi pe puch gae sawalo ka jawab dene ki himmat nahi bachi aur ye desh chalaeng,0
44311,real muslim jisn dharam aur majhab se oth kar kaam kiya nan,1
17429,pakistan us ki vajah se toota tha jis ne 81 seat le kar 160 seat lene wale ko laat mar di thee aur vo,1
24163,rahul ji ki chhavi khrab karn bjp ke sath sath media ne bhi sari simay langh diya aapn apn aap ko diffen nahi,1
12643,illiter bhakto ki sazaa ab pure india ko milegi jinki khud ki degre fake h wo educ depart sambhaleg ... … nan,0
3398,news 18 sala tumhar pass kutta bili sabki news h lekin bikbot scam ke itn tweet ho rhe hai sirf rak,0
19110,orbit way back 2017 olivia hye bias love loona orbit crackhead ! ♥,2
22021,sir mera tara 's farmer chori ho gaya jisko 6 day ho gay kisi ne ripot tak nhi likhi h anim 's ko w,0
11657,nazariya ek rakhiy har baar rakshak par h,1
17647,adalat main ab ye case hy k iss ka jo faisla aya tha us py amal kiyon nahi hoa ... ... ..…,2
40850,jaan gadkari uncl whatcha ! 😂😂😂 iss societi mein ek se badkar ek sab antiqu piec hai 😂😂 hungama pliss lo nan,1
23914,864 imf aur china ke ghulaam kaho bhaijaan indian look,1
42508,jai srikrishna 🔯🔯🔯🔯🔯🔯🔯🔯🔯🔯🔯 bhagwan se pyaar karog 💮💮💮💮💮💮💮💮💮 toh kiya gaay karma k fall 🌸🌸🌸🌸🌸🌸🌸🌸🌸 paramatma arpit kar nan,2
19761,arr aunti ji aajkal bachch ko bhi pata hai ki voter list mein naam kais check kart hai singap,1
24702,~7~ hiiiii realli seem nice hope talk alway see tl love tweet 😊…,2
8201,happi birthday dabangg girl sonakshisinha wish mani mani happi return day 🎊🎉🎂😘😘,2
33207,sir aap yeh kaunsa kichar bjp mein join karwa rahe ho yeh manirul islam jais badmash / corrupt logo,0
14285,arif ind mtlb tu suvar ka bacha h nan,0
28970,fuck wrong bijaan sunochanda2 pleas tell tri teach masuma jalal,0
7350,jeffery127 kshsjsksks love talent sweet uwu,2
22090,xd wah dost hon tow ase wan na see bomb pic u eid 🤩 nan,2
12684,chuno ke doran tune jo toti chori ki hai 5 saal ka kharch anikaln ke liy unh bech nahi paayega ..…,0
14085,good morn pita ji pls bless sewa sumrin parmarth bakso ji truecompanion,2
30588,love high toward trust believ 1 corinthian 1013 king jame version ( kjv ) 13 ha,2
31772,phantom sweet cigg kyaaa yaaad dilayaaa sir amaz tast fun nan,2
28712,st ji insan papa g today last exam basic comput papa bless sb aacha kra dena u kn,2
14540,bajpai result think aapk autocorrect ne congress ko bjp se replac kr diya nan,0
28896,pc bc mereko untag karo tum dono nan,0
32141,modi ji india mai water level rise karn ke liy rain water harvest system har chowk pe lagwa diji,2
39675,nahi nahi tum ney bohat khaufnaak baat ki hai tag watch two fight arsa hogaya phadday nahi dekhay 😂😂😂😂😂😝 nan,0
35407,bewis chooseright good morn guru g bless us give us power 2 nd sewa simran nan,2
12254,sure cricket ka crown india jeetega cricketkacrown excit # engvsa match nan,1
12995,com bc decid ker lo aal e saud killer saint jb wo pakistan aya tha saron c,0
43079,media sahi se kaam krti na sir govt bhi januari mein hi ye report de deta lekin media ko hindu muslim,1
13943,wow actual rememb face back 5 year ago hehe good see u back nan,2
16314,sir abhutpurv jeet ke liy aapko bahut bahut badhai pura desh aapk sath hai aap swatha rahen ye,2
13824,haha funni sarfaraz ka aokat sab k samni hai ap usi hathi samj rahi hen 😂 nan,0
24760,speak agar aap ye sb nahi kar rahe iska mtlb ye nahi ke aap sach musalmaan nahi ho aur main,1
28743,good dabbu bhaya time bhabhiji gave serious takkar singl danc move came,1
7696,aapka survey ekdum sateek tha aapko aur aapki team ko hardik subhkamnay hard work paid nan,2
20233,sir namaskar aapki chankya niti ne pure desh ki itiha badal diya congrat sir pl aap thoda,2
6155,siyar agar sher ki khaal pahan le tho sher nahi ho jata hai jese hi muh kholta hai apni aukat bata deta hai ves,2
5011,'m gon na sing ralf gum 's take love ... .💓💓🙌🙌🙌,1
19103,meera yeh kucharya mix breed hai iski maa ko mulley pel gay hongey tabhi yeh mc kutta paida hua nan,0
9084,aub aap batyeng ki jai shri ram kehna kya hota hai tumlogo ki dukan jis din bund hogi usdin bharat,0
27356,pura elect radd kiya jay agr ek vote bhi differ ho kyu ki ye electron,1
19387,spent part 20 's & beyond hope someon come & shout hey doctor love like,1
17679,ifb kyun den woh kisi ko jawab jab kia hi kuch nahi tou issu highlight karn ka faida nan,1
38615,evm ghotal se sambandhit ye kitab bjp netao ne hi likhi hai uns kyu nhi puchhat,0
11645,sidra umar awsom sir ) asadumar panahgah islamabad ramzan2019,2
34942,see absolut noth wrong dress well look good embrac cultur confid enoug nan,2
12718,use bolunga ki iski bur ka bhosada ban gya hai chuchiyan papit ki tarah latak gai hai aur twitter ki,0
14033,0 dekho amna mri baat suno ye jska usernam esha h wo usama hi h cz usama k pass iphon h 😂 nan,1
14308,sir modi ji apko bharat ka pm chune jane par bahut bahut badhai sir poonam verma aapko ye batana,2
37191,130 crore logo ne aatanki ko nahi chuna na hi bjp ko chuna hai tum sirf elect jeet,1
7604,main tv mobil par bhi nehi dekhunga flop remak film bharat ko kya dekhu 😉 stop watch type nonsens film nan,0
6448,insan g 😘😘 morn guru pita ji 😘😘😘😘🌷🌷🌷🌷 today 5th exam ( servic market ) 📄📄 dhan dhan satguru tera nan,1
18775,kir mahananda express 15484 ac iii dono koach ac nahi chal raha lekin kals koi kuch nahi kar paya,1
37475,bole na tum log ke pass dimag nahi hai padho tweet kon keya hai bhutan ka pm khu,0
28927,gandhi jaisa nan koi hua nan hoga maarkin ka tukda pehenna bank khata nahi aur rash,2
28613,dear bhakt modi ka nhi bhgwan k bno dimaag k gobar ko nikal kr bhgwaan ne,2
8074,bie sekharji ab mudra loan sahi hai toh aap pakod ki dukan laga hi lo kyun ki ab aapki fake journal ki duk,0
19201,chahal nice pic bhia nan,2
29548,kya dua du didi aapko es birthday pe meri umar bhi aapko lag jay happiest birthday bhagwan aapko,2
29209,see minut boy miss ya nan,2
37504,😂😂😂 facebook post 😂😂😂😂 chutiy mai bhi fake news faila du ki imran khan ne ter,0
13684,hate core 'm wrong shadi dono ne pasand kr k ki haina wo andhi nahi hai ad,0
15371,akash bhaiyaa satish mishra ka hata k chandersekh ko sath le loo bhramin kabhi bhi vote nhi krta,1
362,dho diya ashk-e-nadamat ne gunahon ko meray tar hua daman baar paak daman ho gaya momin khan momin nan,1
13476,amit shah ji ko home minster ban ne pe bhaut badhai ab hoga naya nan,2
44410,doubt asish play well wtf raftar sir se badla gang leader se bhi badla lega ab yeh xerx,0
23618,mohad marn lage aap logo ko wajah se desh chunaw karwan pade modi g pm te hi hame koi dikkat bhi nh,2
24639,congratul p narendar modi jee varanasi develop world 1 place hope nan,2
19990,grate way share loss thank prayer support 🙏 nan,2
20816,mere poor khan daan mere 500 worker 29 staff member sabn modi ji ko vote diya nan,2
11898,badshah thank sab sahi hai bro 😍 💕 ur ultim ❤🙏🤗✌😘😍😊 nan,1
27162,assam kaun se kareng district guwahati kaun khelega inshallah fateh jarur hogi jeet hamari hogi jammu kashmir mein,2
18105,wisg mani mani happi return day anna 🎂👏🎼💃❤ ungaloda kanavug aasaig ellam niraiv,1
35113,sir aapka post guss se bhara h aapko sanyam shabdon shaleenta lani hogi modi ji ke saath h,1
35299,eeee hes lighten artist day heheheh love much,2
19884,10 veri nice ji thank dhan satgur,2
45099,hey gatru 😍😘 u r sacsi u know 🤣🤣🤣🤣 love ❤️💖 nan,2
2130,dead apun ka naam aa giya akhbaar mein much happi uff nan,1
12500,sir videsh matri ka option dete toh kya pata neighbour countri bhi bjp ki seaten aati 😂 nan,1
30219,tu itna na socha kar wese bhi kal tu ne wo ik ki wife k ex-husband ko makkah bhej diya tha 😂😂😂😂 nan,1
35098,ab india bhi harega toh dil ko sukun miljayega asian team disqualifi reach semi final nan,0
32743,mansoor ali msg pay tera aur teri famili ka pait palta hai msg na hoti tere jesi chutiy ko kon ghaa dalta nan,0
12561,heheheh love u mr lindo u cute n goofi n talent 🥰,2
37770,ask aroon puri daughtersthey decid aaj takyeh takkal take kab tak nan,1
32098,punish slogan chowkidhar chor hai parti crush ash nan,0
43569,meant like sabzi k sath dhania free type person sabzi k sath green chili free nan,1
30512,🌷 dhan 🌷 dhan 🌹 satguru 🌹 🌹 tera 🌹 hi 🌷 aasra 🌷 g 🙏 🌹 pyar 🌹 sohn 🌹 dilbar 🌹 🌹 mahi 🌹 rabb 🌹 jaan 🌹 papa 🌹 g 🙏🌺 gud 🌸 morn 💐 g 🙏…,1
21629,hoti kha se ati h itni pavitr ldkiya jine bc nahi pta 🤣🤣🤣 villen,0
21824,nice hume coutur craconnexionsarc great event wonder peopl,2
22641,ind lekin baap hindu hai voh privileg indian deshbhakt hai varna gaddar deshdrohi hai formula ka,1
7229,woo hoo cricket world cup start today good luck host tournament - hope good st,1
12163,elect virodh karn wale duri banay rakhn wale neta ko person attack karn walo ki se char din hi,1
28383,yes bc sabn unsubscrib kar diya hai nan,1
40690,humko kamana padhta hai sahab hamar tanker jcb dumper nahi chal nan,2
35838,71 dear ji congratul begin second inning humbl request think train poor like gari nan,2
15977,bhai ye sab kya koi suicid kare uska jimewar pm h kitn general categori ke log suicid kart,1
28727,rahul - kya itna buraaaaa hun main maaa,0
32347,king'eero institut advis h e exact 1 year ago thank listen sasa folk explain mo nan,2
43687,enko italywali maa ne bataya bade dynasti se hota hai karma se nahi nan,1
41206,imad aisay check kar raha hai jaisay kit khareednay aaya hai,0
10370,ye saari mil hum ko pagal bana rahe hain * * rch * ke bachi 😂😂😂 nan,0
23377,khan463 n khan ki zat ko gali mat dilwao ya took kr ky apni mama papa ka ahsa kr lo agr koi,0
15155,good u r go attend janta ko modi dekhna hai shapat lete huy tera muh nahi dekhna bandariya nan,0
26302,ye godi media hai isko 1 saal purani vedio ab dikhai di kyu k wo mahila thi agr purosh,0
19316,rashid shut mouth stupid tum kashmiri chato talb pakistan ke humein jrurt nhi,0
18790,jab kattu vo jeez hi bad hai toh sad hone ka fayada hi nahi hai,1
24424,ki sarkar uppsc ne record bana diya khule aam exam ke parch bazaar bik rahe hai lekin ka,1
20003,god bless lot bless strong acch logon ke saath bhagwaan hota hai n't worri sir nan,2
2524,underestim power ballpoint pen matter chai walla street time great level htt nan,1
43220,next hobson 's choic wait hilari new adapt gupta hit stage star nan,1
43955,ab hindu logo ko bhi chahiy ki wo bhi jab hindu muslim matter ho wo victim card khele meri fami,0
37864,today host none bhai jaan superstar ⁦ @ beingsalmankhan ⁩ n beauti katrinakaif thekap nan,2
26233,ek paper tha jism kt lagn wala tha mujh everyon write jai shree ram wrote modi ji rock,2
15441,pakistani cricket team se jeet ki ume rakhna smjho ek khusri se bachi ki ume rkhna jo kbhi pori nhi hoskti - ) nan,0
5497,proud moment goa shri take oath modisarkar2 congratul shripad bhau thank hon b nan,2
1965,ki rightwing ne itni li hae ki bechar ka gussa jayaz hae frustrat soul 😂😂😂 nan,2
9531,rashid main iss liy pucha coz mumbai aur,1
18467,bhai ye koi bolo bjp ko intern media ko bhi thoda paisa khilay gandi gandi baatein faila rahe h anti,0
29871,congratul sir bharat ke liya nehi app katrina swag se swagat song ..750 million ke,2
10833,logo ko maot maarn walo aatankiyo la'anat hai tum par bhale hi video banan wale ke abba ko tumn nahi maa,0
27126,handsom 😍😍😍😍😍 love sallu jaan 😘😘😘😘,1
26760,awaaz media ki maherbani issu ko highlight nahin kiya nan,1
35719,hamari subhkamnay aur humari subhechchay aapk sath ma'am aur ek rajasthan ki dhar,2
24355,65year ink treatment ke layek koi aaaaaaahospit tak nahi banwaya ink aapno ne aur kahat nan,0
19055,ab chunav hain nahi janta ko deekhana jaroori hain ki netaji ne kuch kiya hain ja,0
18364,bhojpuriya star baar 2019 lok elect cha gye log margaret bht dukh ki baat hai koi bihar se chunav nhi l,1
5433,haram khor log ulta chor kotow ko dantey mulk torney ki bat kerney waley ko phulon ke har pehn,0
27376,ab kahan gae wo dallay / dalliyan jo shor kr rahi thi 1 june ko pubg ban horaha hy kisi ka acha bhi nhi kara sakta ban 🖕 pubg pubglov nan,0
14877,repost aghori shiva - har har mahadev ♥️ 🙏 🙏 mahadev mahak bholebaba bholenath bambambhol,2
18466,af chutiy saal ..…,0
39467,ye saala bhaat mata ki jai kyu nahi bol sakta khud bola hai ki mana kiya ki nahi bo,2
23484,begharaton ki koi kami nahi aik dhondho hazar milt hain shb koi moka hath se jane na dena sirf,0
7678,peopl unfollow alway question done wrong challu koi gal ni loss sanu ki 🤷‍♂️ nan,2
12913,thank much jazzi - tenu milk menu vi bahut khushi hundi hai - rab hamesha chaddiyan kalan ch rakh 🙏🏽😊👍🏽,2
41692,wah modiji apko progya ki jaisa ek gem 💎 aur mila jo bolrahi hain ki great rammohan angrez ka chamcha,1
12218,kamin bohot maar khayega tu khana nahi khatam hua tha 's jab tak hum free hote,1
44648,sir aaps ek nivedan hai abhi abhi varanasi se,1
26028,loray lgne thi lg ye bc nan,1
12897,stand ovat order sama25 master melodi winner best engin album,2
5671,yeh baat sri krishna ki maa pe nahi laagu hoti kya jiski 8 aulaad thi yeh baat kunti pe,1
39917,kolapo n't still bad 2015 seem peopl reloc igbaja kamaya nan,1
36912,ya sale kya jane dharti kya huti ha azadi kya huti ha ya pakistan ka bap na nahi bnaya qaid azam ne,0
41054,itna match harni ka dukh ni hua jitna logon ki batain sun kr ho rha hi team k bari mn pakistan ki team hum bhi utn,1
9362,idol mera dushmaan kaun 😌😌 nan,1
13025,rafiqu ( q k ap k mutabik aj k bad bijli gae ka zimydaar nahi hon ga ) . ap aisi e temporari kaam kr k jati hn janaab nan,0
44434,sarfaraz ko chahiy pakorhon ki dukan khol le kaptani mushkil hai jesay maskharon se nhi ho paegi second last kau nan,1
19445,congratul mam happi ramjaan aap bagir kutch kaay piy poor din kise bol rahi thi hat u mam nan,2
6518,muk would love kaash humein bhi invit milta 😉😂 bahut acha lagta hai iss type ka celebrati,1
26299,think aapako sirf dream 11 pe focus karana chaiy aap 50 ka team banao aap free team,2
33767,7 tu kaun hai ye aur batan ki jarurat nahi hai tere mai kitni himmat hai ye bhi batan ki j,1
27371,one jobless congresi rahul gandhi job less job koi bhukha nahi sota,1
27323,electr aani bhi nahi chaiy tere jais kalmuh ke ghar pe nahi fir se gandh failan lag ja,0
23979,shame plagiar kartay pakri gai ho aur chali ho phd karnay nikkamay aur naalaik log,0
26992,swami tum apn dimak ka ilaj karavo suprim coart ki bhi tum nahi sunt modi ji best tum pagal ho esiliy bhatak rahe ho nan,0
45117,twt listen love yhe vocal linr rap line also good show somr love yall self love rm 🥺🤧🧡 nan,2
8029,pakpass good much today amir bhai pace bhee high kareh today 80-81 mph nan,2
13233,onli one week wait bhaijan fan salman khan 's alway readi introduc new comer one biggest hit await # … nan,2
25195,itna sadma laga h bechar ko sahara dene wala bhi koi nahi hai amrind singh se l,0
27417,thing look final beer woo hoo happi weekend everyon smallbearsneedb,2
10496,whenev modiji take retir want yogi pm amit shah great strategist good hm nan,2
27797,thoda sa aukaat dekh lena chahiy apna tujhs ka kuch ho nahi sakta bc fuc * king,0
22055,good even sir apka support hu hmesa rahunga aps bahut ummmidein sir mata ji ka,2
22307,like & comment 😥😐🤨 tu sab ko krta hn 😰,1
1069,dvn kalank theatr zafar aap ka hain charact love play epic love stori spoiler pleas,2
26611,kamalnath ne putramoh parti ko nuksaan pahuchaya hai congress apn warisht netaon ka sa nan,1
33346,happi birthday modi sir u made countri soldier smile surgicalstrik ayushman bharat yojana,2
4349,prayer generos,2
40848,fill gratitud peopl bathinda give nimaanisewadar opportun serv 3rd time nan,2
5513,sharma nakash aziz live concert happi red fm bajaat raho,2
2745,jaaz saab ko salo saal ke pend case ko soultion maza nahi aata * inko public pais month case miljay * nan,0
41400,tum apna face kanhi aur ja ke kala karwalo desh ko kosan ki jaroorat nahi hai aur jate hue baki ko b,0
18413,mam hmlog waisa bhi aajtk dekhta hai par aaj aapna ya glt bola ki modi ji ki maa aajtk dekh rhi hai,2
22011,sir gut simpli indecis,1
16179,sirji gandhij ko kharid liy ho kya ? ? ? kyun uss chutiy ke pich pade ho nathuram god,0
14331,gazipur k log develop deserv ho nai krte sir apn bahut galat kiya kutt ko ghee nai hajam hota,0
26420,namesth hi hum madhrasi lok aaps yah bjp se koie nafrat nahi karth hain lakin jo tamil nadu pe hai na aapki po,0
29756,worldvictorioussaint america ke shri anderson ki bhavishyavani bharat ke dehat ka ek dharmik vyakti ek manav ek,1
38167,troublesome lmao usn ghalat bat nae ki theek hai taalaq much banda khush itna b na ho k apni haya hi utaar de nan,2
23099,mam congrat good victori & happi new sansad ajj tk mai apn area ke sansad,2
22445,ar1 still n't complain ab toh hadd kar di iss channel ne naam bade aur darshan chote yehrishteyha nan,0
10537,surya paagl askhol rant shit day one care u r frustrat,0
19184,karnataka mein bjp ki athihasik jeeth ki bahut bahut badai avem shubkamnaye bjp ne purna bahum,2
13190,good 😘 rning pita ji ~🙏 dhan dhan satguru tera hi aasra 🙏 bless keep u mind everytim 🙏 b,1
43218,ek parivar ki godi khel khel ke apna dimag bhi kho dia,0
13646,dust 91 sam ne shibani ko line di hi nahi hope hi nahi di toh vanita kyu jaan legi sure shibani would help nan,1
17845,niklo tum bhe phir kis ka intzaar hai stop act nan,2
15498,dall ja ab tu agl 5 sal tk maa chuda 2024 fir aaiyo aur fir chudwa ke jaiyo nan,0
20284,pls follow big fan congressi shayar lover insomniac hahaha achhi banegi nan,2
22696,karantaneja paet dard sir dard bhukar sabko thik karega crocin,2
2821,views0 mera favourit hn bhartan dhona ghr mei meri duti hy baqi aik bnda handi pakaata hy aur dosra roti,2
28192,9246 hi annoy chooza fav person first day realli appreci real,2
20450,18 mai ni krne wala shaadi u knw na 😂 dont trust girl 🤬😂😂 nan,0
20373,yeh raha app ka kutta dehk k khus ho 😂😂😂 aur dousra kutta jald apn kuti k k hatho marn wala,0
29011,mehrabani 😫😫 wais happi birthday phir syy 💝 mani mani happi return day shokhi 😂 nan,2
32377,feliz cumplea ñ os happi birthday life mywif menukasimkhada mylif youarethebest birthday happi,2
15621,ye dekh teri kayer pak fauj bhag gyr tumhar hi soldier ko chod de hass le ab ... …,0
16223,aap ki dna news awaj ko sare desh bashi ko pouchao hame aasha hai modi ji aapka dna interview ki jariy se,2
38473,kutt ki punch hamesha tedi hi rahegi leav pakistani n't deserv respect nan,0
13481,riyaz actual aap ek sahi way convers nahi kar paati pehl hindu muslim pe boli,0
20569,ka bhosda randi mamta khan ki ise sali ko pork khilao bangladeshi ko nan,0
14262,agr aj ki izzat ka janaza nikal raha pori pakistan aur intern bhe tu uss ki wajah yeh begai,0
33576,one tryna find perfect watermelon,1
26737,lagta hai dil le le gye ho lag jayega pata bar p nan,2
43452,kyon ki vika ke muddopar baat chalegi shehzad pappu ko ki 70 saalon ki chori ghotal,1
18955,karnataka assam,1
8124,said elect time apolog peopl india congrat modiji huge victori w,2
42250,scindia sindhiaji desh mein aag nahi lagi hai elect result aan ke bad cong mein aag lagi hai aur wo jan,1
26553,jajajajaja yo ? ? ? yo fui la que mand la carita de ponqu é por el negrita fum í gate los sentimiento mijaaa nan,1
11055,bharat k bhagyavidhata aap sarvopari hai hai bada gurur hota hai aap ko dekh k aap ki iss mahan post k,1
25173,mania17 yeah aapki mansik sthiti ko darshata hai nan,1
16962,maharaj ji 🙏 modiji k pradhan sevak bann ki hardik subhkamnay aur aapko pradesh k vika k liy,2
21717,northernerd oye hoy ! ! ! dil se ameer like raj kapoor awaara type hero thank support 🙏🏽 nan,1
23741,tumh kya lgta hai hums koi mohabbat nhi kar sakta dil ka darwaza humn khud band kar rkha hai jab kholeng,0
44551,mari best game,2
22042,4myaa abe bc toh maraham patti karo photo kyu khich rhi ho 🙄 nan,0
31568,tu h gulam aur tere jais angrejo ke gulaam chatukar nehru jaiso ne desh andhakar pahuncha,0
32104,lalu ji ko jail nitish ne nahi court ne bheja hai chara unhon nitish ji se puch ke nahi khaya tha ! ! ! !,1
17705,kirayedar mat ban ke raho magr agr avaidh kabza kark gundayi karna chaho ge bulldoz chaln der nhi lage gi,1
38639,hon kch log mere se follow back lene k liy muji follow krti hain harami bad unfollow b kr deti hain acha sorri,1
35130,satput awaaz ghai sir u tweet u recommend r offic nan,1
5388,carmen22 thank googl ok ke sanalwam one step time phela mna im troll want us gt,2
30361,bahut dukh hua ki hindi rgion itna seat dilan ke bawjud hame kisi bhi news anchor ki minist,1
11891,good morn kirit 🌸 sorri delay best respons possibl 🙏,2
39931,hahah bibi ye naray hain koi tumhari jahil patwari video bana raha hay aur itni bhi himat nahi k zo,1
27756,evm wali lahar hain kya ya asli wali bta chaplus patrkar jaldi repli kar diya karo ya gali khane,0
33146,form govt tn n centr modi pm 😍😍😍😍 imagin modi ji wrath goat 🐐 😂😂😂😂 nan,1
13120,congratul honor prime minist ji super win proud make unit india strong jaihind .🇮🇳 latepost nan,2
13851,aj apka yeh tweet danik jagran main ayaa h gud work gud think incindia nan,2
8502,sawian halwa puri lot channa chaat guest home eat regular cereal nan,2
26543,maa sheetla aapko uttam swasthya ka ashirwad den aisi maa se prarthana hai uttarakhand ki adhishth,1
36146,offl sr super maa nan,1
13891,bewkoof ho tum goosebump aagy tumhar jais logo ki vjh se pragya thakur jais log mp ban gye terror acc,1
28631,mani mani congratul prime minist sabka sath sabka vikash sabka visvash jay hind 🇮🇳,2
44014,bhatiya janta parti ki meet per desh mey logo ko bahut bahut badger p modi aur yogi ji kay kusal nirdesan mahi de,1
26101,googl bhi chor hai jhutha kahi ka iska boycott karna ab se,0
36984,randi k bachhon 26 day ho gaya ek box replac nahi ho raha tums nan,0
13423,sunni deol han raaj han ravi kishen jais log mp ban gay wah modi ji wah kya develop hai kher sahab,0
42802,thank pm shri ji presid shri ji give opportun serv count nan,1
28554,5 saal sarkar nam ki kendr mein fir bangai ab tumhein bhi sangath ka,2
22661,bhai tum rehn ka interview dikhaya nahi dont trust ever keep quit nan,0
44806,assalaalmalilkm dosto ks ho app shab duvv yad rhknn allha ka jikar ka jubaa pr suvad rhknn jumma mubark ho,1
26497,ye kya pehni ho kangna ranaut kisi ka churayi nahi 😂😂😂😂,0
30774,fir bhi jeet gay mere ladk wish sarri gave cap 🤣 nan,2
29113,hi jada 'm realli sorri hear pleas could dm full address look thank abbi nan,1
20165,jais aaj aap anjana om kashayp modi bangaye hai fir kuch saal baad aap anjana om kashayp ban jay,2
44195,chhota bacchaa ? ? ? got thank clarif nan,1
19738,yeh funni ni tha .😕 ab mujay shak ho raha wesi bhi jo hasti thi wo kahen tanzia mazak ni thi urati .🤔😂 nan,1
4813,sir bahut bahut badhai hamari parti bahut aachh se jeet gyi aaps request hai kashmir se pani raja,2
28583,ntf abdul hamesha sbki madat krta hai kabhi bhi na nahi karta honest hai societi wale bhi kaht hai ki,2
25872,jai bjp namo modi ji hmare pm bnege,2
15963,media mean bjp bjp mean media n't know special benefit media get rull p,0
24089,aik chor dusri ko chor bol rahi hai baba undar kiun aur kis jorum mein band hai ? ? ? kon chor,0
16955,heartiest congratul h e dr subrahmanyam jaishankar appoint extern affair minist india 🇮🇳 @ pm nan,2
13378,team select taik nahi captain bhi 2 takk ka nahi player saar relo katt hafez imad shadab geniu,0
8112,sanctuari dhat naam nai lia kya kia nan,1
3228,kab sudhrog bjp ke paltu anchor chitput ghatna bta rhe ho itni fatti hai nan,0
5131,bandi ke har baat jhoot se shoro hoti hai jhoot pe khatm hoti hai worst part everi indian believ,0
1683,happiest b'day thanku bade bhaiya motiv make great content us nan,2
27502,humko manzoor hai get modi ji back 2024 nan,1
14454,one serious movi aur wo 5 masterpiec banana bohot door ki baat hai 😂 nan,0
9428,najar hello good morn would love follow back usa freepalestin,2
22006,teri ammmi ka jhand nan,0
4549,is1 show emir palac palac emir kano state malam muhammad sunusi __________ nan,1
29220,ridzz mjhse nh hoti prhai lakin men bara admi bnu ga parh k q heqk nh chahta meri bv bachi kisi cheez ko tar nan,1
26251,superb act perform 5 / 5 movi chala bagundhi huhu nan,2
36466,itn sast kahi nhi miltemay ye sirf ap ko discount diya ho,1
34491,toh mat karo mehnat aag se n't need kind peopl nan,0
2440,inta goal achiev karl ism hi bharat ki naiya kuchh paar ho jayegi ab gods ka jikr nahi karna sachhai kisi ki mohtaj nahi hoti nan,0
20147,5 stop 4th grade 3rd garad employe recruit kya hai apk paa planitn bade popul k,1
23594,xx nahi dekha meni log cigarett ki wajha sy weak zaroor hoti hn lekin itni jldi nahi marti nan,1
15207,meerut wala video nahi dekha jismein minor major ko peet rahi hain nan,1
10546,sidhu sir stay strong everi punjabi love 's khich k jatta 👌 nan,2
3197,hahahaha allah aisey maulana sahab se kaum ki hifazat farmaye ye mudd uthan nahi,2
34619,urdu bus youthia ho ur chawal na maray ho nahi sakta meri wasi tu bahan ha nahi koi mager alla,2
26354,nizam k chalaney walon per allah ki lanat ho jahan ameer ghareebon ka khoon choostey hain ha,0
15015,sir pahl se dher sari subhkamnay hamar pradhanmantri ko ❤️🙏 motichoorladdocak sir hame,2
11788,alreadi 20 sudah tua ya bhay nan,1
41953,alvida jumma-2019 mubarak duwa ki guzarish,2
23410,bakar omg janna nail scene cariakudisyurga nan,2
22821,meerut sirje citi sewag line ke liy kuch kijiy abhi meerut sabs gand sahron se ek h nan,1
18189,gandhiji ke baar aaj naidunia aaya hai editori page par onlin check karna aur thoda pa,1
28774,happi new month may new month usher us unend happi favour happynewmonth 😘…,2
44162,23-may k baad modi aur shah ko pakistan chor aat hai qki pata nahi q bjp aur pakistan ka gehra nata hai,0
16411,sharma modi ne sbko dallo ko unemploy bana diya kyu aa gaya na modi nan,1
26970,miss u dear friend u r one friend feel proud associ meri kisi,2
16857,lantan nawaz doob k tou peh tu mar tabar samet ye wo uospit hai jo tere payo aur chachi ne,0
29510,teri ankho ki namkeen mastiyaan teri hasi ki beparbah gustakiyaan teri julfo ki lahrati angdaiyaan,2
8756,tumhara neta ak jab muslaman ka vote nahi mila congress ko transfer ho gaya boolta hai ushs kyu nahi puc,1
5509,love much shahrukh khan best actor best father good night,2
38788,one number ! ! ! ! ! khair hope winner happi enjoy gift,2
37208,happi birthday ren hope love day 🎂🎉,2
28392,robert vadra zameen chori bhi congress sarkar ke naak ke nich hi ki hai 🤣😂😂😂 pehl apna ghar,0
16566,maaza thank much sis love respect,2
15834,oye apni websit toh dhang se manag nahin kar sakt desh kya chalaog tumlog gobar ikattha karn ke,0
12624,agar hindu marpeet kre secular agar muslim mar peet kre secular kaha chala jata h,0
27992,😍😍 sonam sirf meri ho aur kisi ki nahi ..😊😂 muklawa,1
18234,7 good morn jumma mubarak 💞 first jumma mubarak ramadan ❤ stay bless rememb prayer ❤,2
30112,girl sm indrani z ya j se koi farq na padta bibi masla,1
20478,sir yeh nayi zindagi ka pehla dinn hai aap bohhhot jaldi aa rahe hain wait see u biig screen much love & rgds nan,2
21146,kill morn mile 90 bamenda report militari open fire indiscrimin quest elimina nan,1
36710,cool didu mujh koi banda repli diya aap se shaadi karunga main bhi us nan,1
40521,srk4life mahak j b lol life ah2,1
23257,popular food india - khaao meri kasam nan,1
13528,bade aadmi hai warna hamar jais log polic se sikayat kart ye seedh pm sah,1
43004,nikhil happi birthday nikhil ji nan,1
26035,paresh siddiqui apn baap yakub menon ka nam sunkar chup ho gya bsdk ka piddi nan,0
38414,thnk sir ab kbhi gurgaon aaunga apko msg krk aaunga realli beauti nan,2
38914,jisdin ye bjp aa gaya usdin bjp walo ko support karna chhod dunga,1
20554,janm diva ki subhkamnayejinhon desh k liy kalapani jaisi saja ko bhi hast hast saha aur aj hum jais yuvao k,1
35175,lo g world cup ka pehla match shuru ho gaya kal hai shaheen vs kali andhi ho ha ha ha meri sab se fav team pak hai,1
15695,eyessss samsung ky featur b achi hain leken expens ha leken huawei less expens ha aur best function provid krta ha nan,0
39100,brahmamuhurta uthn waal mr dr ji ko best wish hope becom swamyasfm tomorrow ! …,2
16438,dekho kuch baatein seedha dil par lagti jais use 100 % data nan,1
22848,bsdk ke pakistani apn baap ko nhi jaan pay mareg tu bhi bsdk tera thekedar bhi jo pa,0
41075,sir heart swell pride see journey inspir sir aap kons seher se h,2
26027,sir hamar yaha ki koi safai nahi hoti pond overflow bcos water n creat disess nan,1
18318,awaaz maim aapko apni problem bataya aap log sunt hi ni hai pahredaar bolt h consum,1
26219,7 haha yes bachpan k friend 😂❤️ nan,2
38348,kabhi apn paiso se bhi saifai randi nachwa dete toh aisa nahi hota humesha sarkari maal udan se,0
33681,love shot zach roerig fan bloodlin rebirth look right 📷 jasi xx3 instagram,1
2600,ind,1
38474,project ka pap khatam hua ab sala theori kaun sambhalega die 😭,0
13809,modi inko aisehi chowkidar nahi banaya tha 😂😂😂😂 yeh uski rakhwali karn har jagah pahoch jaat hai 😈😈😈 nan,0
7597,nation ye kutta bhi bahut bhonkta tha fir ekdin patel ji ne kaan kuch kaha ni,0
22778,mansoor ali ye woi hn na jino ne app ko band bajai te phr ap ne kbi bulaya nhi ine plzzjjj meri,0
22657,jeet ki dher sari subh kamnay modi ji asha karta hu jistarah desh ki janta ne khas kar bihar ki jant,2
28866,aaj tak wais bhi bika hua hai dhang ki news tumh dikhani nahi hai dalalmedia ke sartaj,0
23172,org haiiii aik dunya b hy wahan kaisi jawab g,1
19802,anyth u r becom hit u relev 😁😁😁 nan,1
35257,arrow shukla use fake dp bjp member jain jab banda fake hai aur kya ume karog nan,0
22536,thore today defin one histori independ india ji swear pm council minist nan,2
26536,neha pant ji aaj bhi aap sirf modi support kar rahi hai aaj ji ne bahut,1
8584,kecantikann guardian healthi beauti wow raya cosmet sale 50 % wow 🤤,1
37538,bjp jism 40 kutt ka jhund hai,0
17078,uncl 52 mp k sath ghanta kuch nhi ukhad paog leader opposit tak nhi ban paog sapn jeena band kro nan,0
14556,best team 🇦🇫🇦🇺🇧🇩🏴󠁧󠁢󠁥󠁮󠁧󠁿🇮🇳🇳🇿🇵🇰🇿🇦🇱🇰🌴 jo b team best dega wahi jeetegi cwc19 nan,1
44184,congratul sir moment final modisarkar2 modiswearingin proud mother nan,2
8972,galaxy1 mk harshad love khana peena 😂😂😂 nan,1
28929,parachut journalist agenc induct pti agenc ka khutta ghar ka na ghaat ka nan,0
20396,ye badhiya kiya kuch log kafi khush ho rahe p,2
38686,mere ko marathi nahi jaantha bhaaijaan nan,1
33760,listen raanjhana sound good fresh earth arr win nation award film ? !,2
13188,kya aap ke bolna gunah hai kyu aap ko rajyasabha ka ticket nhi diya gaya,1
9234,got one wish duaa night growingupmuslim nan,1
19292,lol iam antin ghanta ukhad lega tu aur tera chaiwala modi nan,0
8115,agar tumh countri ki constitut organ pe bharosha hi nahi fir tum hote kaun ho eski demand,2
8982,yrf film confirm kaunsa hoga nahi pata nan,1
2460,nice congratul mam desh aapko rakh aag 😃 nan,2
6949,pata nahi ye fb pe coupl kesi ban jati hain ... 🤔🤨 hamsi tw koi dosti tak bhi nahi karti ..☹️😒 nan,1
22061,lamberghini 🐂 chalayi jaan 😁 love edit song 👌❤ lamborghini 's new edit car 🐂 lamborghinicar 😍❤ h nan,2
34743,ami b utha k keh rahi koi dkhega kya kahega koi q dekhega yrr agr dekha b mene konsa co,1
31561,india k muslmaan shayd hi ye chutiyon wali harkatein kareng ye saal pakistaniegyptqataraur moro,0
25992,abba sai ka zo baba love new hair cut 🙌🙌 nan,2
17742,yogendrayadav isko saal ko nanga krke geel rumaal se maaro yehi log democraci danger ka randi rona krte hai nan,0
21889,wajjo khann aw sweet zaror zaror inshaallah 😍😍 nan,2
19450,hariyana ki sarkar naukariya chhin ne vyast hai janta ne hariyana ki congress se jyada site kyo,0
39841,chale,1
38462,rahul gandhi ji ye hai ki unh keval satta ka lobh nahi kharab perform par istifa diya lekin bahen ji,2
22448,seedha matlab h ki parliament itna hangama krnge ki koi bill pass hi na ho ar adjourn ka silsila chalta rhe nan,0
27812,peh baar aapk busi ke liy ek social media platform free mein apna busi network aur custom badhay pleas nan,1
26490,pallavighosh food packet choro gaadi pe kapada maro wo dekho kawu ne bit bit khel diya hai 😁 nan,1
22566,add reason post asif bhai manag one genuin nice folk know ani time nan,1
31570,feel boy ca n't even say shaadi krado nahi parha jata nan,1
26259,tax payer gharibun ki bat nhi hai ameerun ki hi bat hai jo itni paisa kamat hai,1
37561,* guy tweet * someon suggest good fiction book guy1 googl karna sale chutiy guy2 hoshiyari kahi au,1
35899,wow 's realli super world cup fananthem india love best team india cup toh humein hi vap,2
29765,congress ko chor ka nara lagan ki khuch saza ishwar daing hi janta ka jawab hi de pa rahe hain,0
39404,bhai sab baato se kuch nahi desh hindu khatr hai data n price rise ki tension nahi logo ki j nan,1
24614,offcours repli jarur hin zrur dn ge promis nan nan,1
38482,khan chutiya tumari logo k pas sone ko ghr nhi hai sale foot path pr sote,0
38440,freak 1 tujh mai dikh gai aaj 🤧 thank god nan,1
6881,enemow liter jaegi ah hahahahaah nan,1
19267,gujju rohit sardana congress spokesperson aapn logo ko 72 hajar dene ka wada kiya logo ne 72 seat tak nahi di aapko 😂😂 nan,2
9965,veri good decis space tv debat opposit india rank 14…,1
25823,🌸լɩɣє ɩɲ 5 ! 🌸 fortnit friday baybeee custom game last day enter giveaway good luck ) …,0
28141,ke pakod yes yes diet bro onli fresh veggi fruit along chapati nan,1
24428,hindu ne vote de diya ab musalmano ko patan ki taiyari hai,1
40920,na baba kahi kal ko uthkr tu hi boldega ki sirf upper cast ke log hi swal pucht hai nan,1
3653,- bjp ko vote muslim mahilaon n purushon ne diy jinko yojnaon ka fayda milaya,2
28785,one side love wh bhi 3 time love letter khbi nhe lkha ? ? 😂😂😂 nan,1
14438,ind yeh aapki soch hai swayam ji wais aap ki aur aap ki soch main zyada farak nahi lag r,1
5150,upa ke dikha kitn mile baaki parti ke dikha kitn mile kya nda se zyada mile answer,1
16926,ind sharma hum tumhari tarah sadko par nikal kar chillat nahin pagalo ki tarah tum saal chh,0
6990,kick best friend bcoz 'm sexi,1
15683,kolapo n't still bad 2015 seem peopl reloc igbaja kamaya nan,1
9142,jai hind - jai bharat 🙏 jis din hamar bharat desh ye naara har baccha - baccha bo,1
5033,nation languag india whish know eak tho theen chaar thus,1
38725,cata trophic mtlb jo kr skti hain wo na krain aur jo nahi kr skti wo krain ... ... ? ? nan,1
41255,bless pyar baba thank wonder divin gift ahobhav naman nan,2
23668,rahul gandhi ke suport ke jaisa 70 saal bhi sidha nahi hua 😂😂😂,1
38648,cafe almo ç e janta kakakakkaka,1
41778,sir definit come home happi healthi waheguru ji ka khalsa waheguru ji fateh,2
44851,jai shri ram priyanka ji amit shah new home minist,2
15842,5 year ke lea media ko boycott karo bjp ho jaegi nan,1
13344,tum log hindustan ki bheek ho tum logo ka futur imran khan ki gas pr tika tha jo ki usk p,0
13282,salar baitanai siab shetaan sift,1
24306,dvn varun pleas ek repli dedo l love vd ❤❤ nan,2
33803,nyay ka ye matlab nhi k deen ko sirf smart phone ka zeenat bna de deen dekhab ka naam v,1
37039,100 % true bhai bajrangi bhaijaan dangal far better endgam nan,2
38373,nisha thnx lotttttt sweetu di 😊 papa msg bless 🙏 nan,2
28098,chahal kya woh kark aae h kya achi bat nan,0
15951,congratul ashu bhau keep good work nan,2
898,ais barish se dosti a66i nahi maaraz tere khud ka gar mitti ka h ku6 khyal kar tera intzar har koi nahi karega,1
8891,yeah yeah u done amaz job cover gap 9 month get life man sirf kis,0
41639,new india apka swagat hai,1
10910,bjp ko hosh aa jana chahiy 2020 ka vidhansabha cgunav bjp ko akel ladna chahiy nahi haar,1
19199,chu ban saal hutiy ind ko blame krte h humesha apn loss k liy 😹😹 nan,0
15920,namaskar bhayia bhayia mai anil yadav samajwadi parti ka kaaryakarta hu mai aapko batana chahta hu k,1
35850,log kitna bara chootiya hy jhoot ko manker vote krdiya bcz govt foult terror bring,0
36330,maa ka koi mulakan nehi hota jo maa dia hai desh ko anmol hira inka koi kalpana nehi kiya jata koi sa,2
8377,look forward appoint governor complic state follow presid post nan,2
1655,modi chor ko pta tha k evm set ho chuki h aur elect commiss ko inform kr diya gaya h k hme 300 seat chahiy e,0
40516,saint janta ka pesa janta pe hi khrch kr rha hai modi ki tarah 10 lakh ka suit nahi silwa rha na,0
15156,mujaid dna test requir sabka baap uska bhi baap jaihind soon see balochistan nan,0
43028,ye jo pais kharch hue hai ye videsho nahi gaya iss bhi hamar desh ke kai logo ko rozgaar mila,2
16556,teri khair fair bemari shame u nan,0
7383,h nair chutia banana band kar bc arshiya kai rehana siddqui aur tabassum ko khud har,0
2371,maker oho ktna pyara lag rha 🙈😎😍 nazr nae marna oye ab 😂🤣,0
38056,kehena hai jo dil se kaho dilbar mere dil raho 😍 frogner park norway ❤️❤️,1
13001,hahahaha iss chutiy ne apna hi jhand kar diya yahaan saal jo search karog wahi suggest form ad aay,0
5321,hindu muslim ka itna hi problem hai toh mughlai chicken khaana band kar aur panipuri sevpuri bhi ban kar,1
1772,ravi shankar ji namaskar wais sabhi jatiyo ne aapko vote diya kuchh ne nahi diya parantu kayasth ne 1…,0
29024,aar mc bc bdk tera gaad kyu jal gaya n't base becom lie till mark predict nan,0
20905,aaj ka gyaan boy suno galti se bhi repeat galti se bhi ladki ko attitud ya ego mat dikhana q ki tu nhi deg,0
6288,wir empfehlen euch heut auf der seit der bzga die scheckkart du kannst leben retten klass kostenlos k,1
1640,respect pm modi jiii hamar odisha ka educ system ka daityo aparajita sadangi mam ko dene ke,1
32258,handsom man ever love bhaijaan till last breath 15daystobharat,2
29799,ind love see happi mother face parmatma ais khushi har maa-baap ko dae ..…,2
44634,alreadi book ticket bharat first day first show 🤩,1
31875,thinker dekho bhai chamcha bol lo kuch bhi bol lo end bjp wale hi kaam kareng congress wale sirf corrupt kareng nan,0
15282,rajdeep modi ji ki jeet pe tum excus le aat hoais india today 1 usp bhi e,1
33650,woh bhi hai semi final toh ganda hi tha jo liverpool ka bhi fan nahi hai aur na,1
11028,good morn dear sister happi saturday weekend jay shree ram jay shree bajrangbali dada,2
27067,ais byakti ko polic offic ko chahiy mar mar ker tod de,0
21882,gandhi famili ke joot chatna nahi chhodog besharmo shame nan,0
32778,languag problem player samz 100 dijiy 5 jyada de diya nan,1
27049,respect rahul sir dont disappoint u r great leader aap ki soch aap,2
5591,khan ye muhammad paigambar ki tasvir hai nan,2
7019,atalji word principl alway us act catalyst develop bharat ... ... .… nan,2
8256,hiira mandi ki pedaish agr koi acha hospit nahi banaya tha privat hospit se serious c,1
15034,rajeevkhandelw flop actor tha h aur rhega maiya kth se lath mar k nikali thi aur industri se bhi phenk diya tha nan,0
32641,kal ka magazin padhl kiya likha tumari videshi media magazin ne nan,1
11034,yeah itn saal choro ko vote diya aab modiji ko tri kar rahe hai lot mani year,0
22516,mashaallah bhttt hi pyari awaz mai apk liy sajdun mai dua karti hun allah pak sehat zindagi de,2
40502,sonker siddhu desh drohi ke fan kitn bade wale gaddar hong maloom nahi nan,0
29961,follow u follow follow twitter pe swagat h apka 🙏🙏 nan,1
6872,khan puri zindagi bas ek islaam hi khtre kyu hoti hai 😂😂 kahi ye nak,1
42312,dvn need love haa alway shower,2
8776,# 28مئی_یوم_تکبیر ptmunderattack lum whereisaliwazir ptmagendaexpos kar saktay ho tu sir e aam karo kal hi,1
32012,got one littl fight mom got scare yeah know,1
24328,countri bjp miss valuabl servic great leader hon ble shri know r,2
39500,bagal vaali team kisi ka birthday hai us ne samos mangvaay hain khushboo aa rahi hai bc tortur want samosa nan,1
9515,gujju aag mat lagao ladkio mai hame nahi ladna 😂 nan,1
25531,hahahha itna chutia tajzia kia hamar mohalay pmln ka patwari jo phate pe beth ke gosht bachta ey,0
15432,shiri man ji ko grih mantri ki bahut bahut badhai bikebot compani cmd mr sanjay bhati bahut bada fr,2
18657,) alhumdulillah good time caus pakarmedforc protect us ia allah ap,2
7829,hahahha nh tra chamcha h hamari pass bht h 😂😂 nan,1
13793,riz wan na lawyer ! ! ! fuck pussi nan,0
11420,sabk daaman daag hai koi apn ap ko 100 % sahi bata hi ni sakta jo desh k liy congress ka neta bne nan,2
38727,mam kya hamar india se kabhi v corrupt discrimin etc kahtam nahi hogi koi v mp mla mini,2
19032,sree lankanewzland jo danga hua wo indian polic ne kiya jadu se mere paa sabut nehi nan,1
12935,sir rahul gandhi ye batay ki chunaw par bharso nahi ya dubara chunaw karan ka irada hai kyuki,1
15893,evryon shit fuck,0
19555,jai congress jai rajasthan deputi cm sachin pilot jindawad nan,2
7198,veri nice sir yhi ummid hai aaps pleas ham sabhi jan mana ka repli aap time nikalkar dete rhi,1
15794,nahi nahi nahi hargiz nahi dr k pass jane se pehl main bhi aisa sochta tha aap ko bhi zaroor jana,2
32185,mutuai q tal n ó sermo mutuai instagram tbm deixem de vcs aqui juro q sigo todo nao deixem flop twt nan,1
15093,looool repli best nan,2
32219,dhui ki pedaish teray baap ne kon se kam keay hain pakistan teray baap ne banaya tha jo har chez,0
19649,well play fakhar good open partnership ab bc line na laga dena bass nan,2
28454,amij ji pleas chant jai shree raam meet didi tomorrow pleas jaishreeraam nan,1
27000,miya isk jais mull hi nafrat ka zahar gholt hain tum log hinduon ka pane bhi peena,0
10110,gdp 1 % ho jayega bhi vote modi ko hi deng tere jese ko nahi tum konsa tir,2
4432,daili ka routin ban gaya hai train late khuch nahi badlega nan,0
44500,beghairat aadmi us ganjay chor ne tax se nhi loan le kr mulk k bachay ko,1
20943,wow 👏👏👏 thank sana love 😘😘 first cap made day chuna lagat hain 😂😂 nan,2
28353,sir 2 pais ki aukaat nahi hai aur kmra ki kahan kutto,0
24394,2019 wine cup virat kholi jai hindha nan,2
28416,magsi agar teri ammi ke bachha bhi hoga tu uska blame bhi india pe dalega bc har cheez mein india blame k,0
26157,vaha ka hindu marta pehl hai dr maruitui ka hi du bharat ke hindu jaisa nhe kehta ku,0
43370,mat diya karein dhyan ye sab footag ke liy karati hai koi aukat nahin rah jayegi,0
10106,jai shri ram se problem hai jai shri krishn om namah shivaya jai nan,2
15769,aunti itti kais padh likh gayi ap kamsekam apn alumnus ki ijjat kar hoti ye tweet karn se pehl,1
28244,chor ki olad chori hi kri g aur chor ko defend hi kri g aur kia kri g 5 saal,0
45032,dunya walo dekho wo kaam karta h jo sirf sirf gareeb ka sochta h aaj tk kisi ne nh,1
9524,energi eid safayi 😪,1
43776,aho bhagi hamar jo ap varanshi pm padhar modi ji love admir work also love second nation father nan,2
12880,malik sbka king matlab tu bahut kuch nikal sakta hai ab tm saad ko direct pagal na bolna cha rehi ho tm,1
22150,teri bahan hai kya mc dis kind q nan,0
39196,rajput ameen may allah bless famili patienc nan,2
33212,di laanat g love0 lg786 bsdka sochk nhi bolta bc nan,0
26739,machin look gorgeous omg love eye makeup also congrat 💗 x nan,2
19602,saal ko dalo jail non bail hon chayiy nan,0
23027,chep dave free app today nan,1
44726,nan eng eng care eng eng eng eng like eng wale bhi rt group mein apn tweet ke link dete hai 😂 nan,1
12964,han jani ye aiman ka acct tha ab ye log expos na krde kahi 😂🤷‍♂️ nan,1
27247,'s almost noth n't love tokoha shion perfect sync tokoha,2
13267,shame word unknown n't even say shame lanat hai aap k mounh per wesey,0
23054,media ka level bahut high ho gaya hai ab congress kya karegi aap jais mahan logo ke beech itna hate aap logo fa,0
26824,sir tn 16507 b2 / c kam nahi kar raha bahut halat kharabh chott chott bach tadap rahe hai pleas sir help nan,1
21050,samajhdari ki madam ne wais exit poll k bad hi kisi ne chhoda nhi hoga result k bad waat lag gyi hogi nan,1
7221,lovelik jesus god creat god love god hear god help god heal god save god speak god bless god teach god watch god nan,2
41087,garrywalia rashid,2
23918,oh see new kid block tour coast weekend haa nan,1
32836,chor modi ke nam par chunaw jitan wale sansad ki jansabha ke stage ka tod phod sansad bhaga yahi hai har har mod,0
12625,worldvictorioussaint saraswati marg darshan karn wala taran taran asia khand mein jis desh ke naam hindustan hind,1
30263,adarsh sir pure din se wait kr rahe hai aapka shayd aapn mera tweet dekh liya love guruji 🙏 thank,2
13349,meena sing tu kuch shrm kr bagwan ko bich mat la tujh jesi log hindu muslim ko lad,2
31500,rahul gandhi presid varna bjp kais jeetegi pappu pinki star bjp campaign nan,1
12888,didi joy shri ram sikho modi bhai'er theke chowkidar chor hai bole bole ekta jotkat congr,0
30614,twt rm good speaker hand sexi mental bts realli lucki leader 😭😍 nan,2
43496,bharat maa ko lal hua hai bharat mala mal hua hai bhut bhut bdhaee ho g,2
25630,teri gaand kyu jali ohh perpetr teri biradri k upper cast hindu hai,0
27496,ansh u rohatgi inko apn haal p chhor dena chaiy ink pichwad khud ba khud 23 may ko chhata ☔…,0
37290,bhagat abey chutiy unemploy low econom growth pey likhta nahi faltu ki bakchodi maat kiya karr sala bikau bhagat nan,0
10498,aayega modi hi pleas ab lagn lga h femin communism ab tums na ho payega agr ap nan,1
41141,'s one nice video got ancestor roger han would love,2
33461,hey u like new song cabello made 's call find u 's one th nan,1
39120,filipina girl ft bea de leon 😩💗 love much beadel 💙 ps indi aq magal mag edit hehe,2
27926,log kitna bara chootiya hy jhoot ko manker vote krdiya bcz govt foult terror bring,1
27056,yai khabar media ko nahi dikhani usko sirf polic ki chavi kharab karni hai salut u offic jai hind nan,2
27362,aap bjp se nahi lad rahe ap pure desh k sath lad rhe thesainiko ko nicha dikhakar jo,0
26006,emot bandwidth watch alway mayb given uniqu weak hi $ tor ¥ ask 4 friend nan,1
27451,chitra ji aaps milna h kaha mile,1
22053,narendar sir congrat huge win sail employe huge fan made modi 11 team befor,2
31620,increas vacanc ssc cgl 2017 sabka sath sabka vika increasessccgl2017vac,2
15668,q k modi ka yar pm bnta tu wo zrur invit krta usi half brdari ki taqreeb men nan,1
39541,ye sab bakwa movi bc laundo wali movi dekhn fat ti hai nan,0
9880,abe bokichodi ye hindustan tere baap ki jagir nhi ki jai shree ram na boln de sun mai bjp se,0
20916,love mahi sir world champion cricket ms dhoni dhoni best time favourit cool,2
8027,itna kya bokhla gay jo yahi bhul gay ki bharat ki janta ne hi bjp ko chuna hai hare hai desh k gad,2
28447,sebtoogood kmt wait get psn back use 🤣 got red pick nan,0
11738,sad khusra beaten & bugger holi month,0
37723,madam app sabs hm sbko bahut umme thi kid app log ek sagi faisla kareg also awgat kara du 6…,2
15487,fm happi madaraka day m'press elewa regga apana lewa reg,2
43045,sir ji bas aap rajya sabha main apn bhashan kaayam rakhna haardik nivedan simpli one wh,1
38247,aab lora lo mera mai pichl 4 month se bhokh bhokh ke bol rha lekin chutiya bhkts manan ko taiyar nahi,0
15750,💖 good morn rockstar papa ji 💖 🌹 plz bless sewa sumiran parmarth ka bal 💪 b,2
21461,vika koi bhi parti 5 sal kark bharat ko us nahi bana sakti 70 sal mena illiteraci poverti unemp nan,2
17848,sb sy zyada jhoot inteshar tum log phelatay ho media walay,0
26493,chor hai yai aur railway iska kuch nahi bigad sakta nan,0
3749,hdkdhdkdjddjdjd oh god tbh fact rhey vibe good thing like catch listen nan,2
28799,kid say allahu shafi allahu kafi take medicin enough make feel better nan,2
24660,sir ye aapn one awesom theme play karwaya hai love,2
34388,chavhan nucm hey anshul total agre woman deepsealio see post nan,1
25590,modi ji ke shath hum ne bhi khai kasam desh chalan kadam se kadam meelyeng desh ko agh badhayng,1
6398,kejriw ko aaga bhejo baki bjp ko vote dalo dh nan,1
24551,chutiya insaan yea manika nahi hea ..😉😉😉😉 lanat teri shakeel per number insaan,0
35095,2 contest main dono oppon ka captain bairstrow 😂😂.. abhi app khol ke bhi nahi dekhunga nan,1
16030,sarileruneekevvaru first tweet tag happi crew nd cast wait dop may bollywood,2
25314,kheln ke liy maidan ki nahi zaroorat hai toh sirf junoon ki cwc19 cwc19london wc2019 iccworldcup2019,2
14078,uncl aap ko chutiya bnaya gya h ye video doctor h apk modi prem ko dekht hue aapko bheja gy,0
31106,janta pareshan h sir agr ism action nahi kiya gya janta aandolan krengi railway aur park ke naam se nan,0
6473,jo hospit ka pesa metro bnane main laga kr gae 😫 nan,1
15575,swear awkward kitna fuzool time hai logon ke pass jo doosron ki life mai itna interest rakht hain nan,0
27965,hello bhaijaan big fan look bodi good hope bharat film superhit nan,2
6203,sad read citi india see rise temp thank rapid expans citi cut dow,1
19590,mohtarma kehti hain k khat likhnay ka maqsad sifarish nahi balkey cv ki nishan dahi karna tha mt,1
266,mp govt kamalnath ki h wese ek video viral h jism aapk shantidut bhai ek dukandar,0
23955,kahdo dushmno se ki jra smbhl jay mere watan ki serhad pe dehshat na felay kyonki modi ji ka tufan fir se uthega,1
34284,fallen love zabardast like first express deliveri next day < br > second thing pac,1
17817,eh indiffer see parent get murder cool bat car roll anoth versio,0
26103,thombr regard would like inform also lodg complaint dial,1
5846,jais suraj k prakash se sare sansar ko roshni milti h vese hi hamar pm modi ji ke donara pm bann,2
19412,aakritist ohk btw tum kyu ja rahi ho problem nan,1
40748,kutt k bach tu khud kuon nahi de deta ju tu ne hamar pais chori kiy hain tera pura khandan chor nikla,0
43114,blossom 22 sheikh mujhey lgta hai rozey ki waja se ap ka dimagh kaam karna band kr gya hai sana 😂😂😂😂😂 nan,0
8599,realli 10th math easi yaar seen life yet child nan,2
15270,modi ji aap halt kiya p u ke rajnath ji ko grih pd se hta ke mera aanubhav kahta hai ki u p aagl chunav b,1
28496,love avneil n't wear clich é colour look beauti colour outfit hatk nan,2
42396,definit repli bc itna khatarnak dhamki aaj tak kisin nahi diya hoga lit 🔥 nan,0
8642,hume gurav hai ki shreeman pm modi ji jaisa es new hindsthan ko sab ka sath sa,1
19216,wah madam muslim samuday ho person take care hindu ho cann,2
4036,🙏 namaskar mam congratul hard earn victori realli overaw way c,1
21553,abe zate chutiy haramkhor jara sharm kar aur 1 maa-baap ki aulaad apan nan,1
28210,yes imagin 52 u set potato factori & ur famili ruin countri,0
43613,kejriw ji aapka jadu aapki safayi karney key liy readi hai aapka broom jhado,2
6641,thegiftofeduc pious bless saint dr singh ji insan 🙇‍♂🙇‍♂🙇‍♂ dera sacha sauda nan,0
25557,best friend absolut love one best person came across iss zyada tareef ki hawao main urray nan,2
28043,ind gandhi agar ye fake news hai phir iss kratya k liy iss,1
20118,worldnotobaccoday worldvictorioussaint jagat guru sant rampal maharaj ji ne hamar backward mein jo kamal bane hue nan,1
7971,dogl ko kabhi bhi bjp samil nahi karna chahiy wais bjp khuda hi samajhadar haiisn gujrat el,2
22082,delhi se rohtang pass ka bus ka kiraya kitna hai non ac garmi khatm hone se pahil bata dijiyega nan,1
22309,digvijay singh gadar batla rakshak tere pas kutta hai tuo tu oo se `` bafadari `` sikhl kutta bhi jis thali mey k,0
12666,siddhuquitpolit sardar thok tali chor polit bhut burai kar rha tha tu karma fuck hard nan,0
26956,aapko kuch bhi pata nahi logo ne kitna bada scam kiya jo congr,0
566,dhol serious one best post seen bravo nd respect nan,2
37088,sygt jeg har taget gummi sko p å stedet sejler vild fredag nan,1
23137,worldof jo hai tax bhar ke rakhi hai hakl deshdrohi ki tarah ghotal nahi kiy 😂😂,0
37417,hate say uhh still love nan,2
15260,didi bewakoof banana band karo itni chutiya nahi hai janta see bullshit nan,0
10589,talent bachpan nan,1
20119,swag-e-virat ✌ best sir ji jashn-e-jeet chaltaa rehnaa chahiy bharat mei best 👍 viratkoh world nan,2
37701,thankyoupmik make eid special famili ❤️ choti eid bhariiii khushi 😍 malaysia2pakistan 😎,2
29380,sir ji home minist ban gay jis desh ka home minist amit shah ho achchaa hi hogaa nan,2
29872,thank god shahrukh khan n't take lagaan movi offer aamirkhan perfect movi oscar worthi per nan,1
32725,societi kch logo ko kutt ki tarhan bhoonkn se matlb heaurat parda kre masla nahi kre masla aik au nan,0
8341,जय श्री राम ye pakistan nhi hindustan hai didi bhaut chl chuki तानाशाही ab nhi choulb thik hai aur agar mai,1
20358,app pakod bechn wallon se ho kya ye jobless nae h ye jo kr rahe hain ye inka job h nan,0
19688,aisa lag raha hai ki kais kahun kehn ko unginat si baatein hai meri har saan har second aa,2
12152,cosmetolog job might great fit click link bio see specialti artist,1
29634,repost masoomiyat ko sach ki zaroorat nahi hoti kyunki uss saccha kuch aur nahi hota kaafir prem,2
24133,bahi l pakistan love channel tell help nan,2
15306,sharma4 firr kathu ne kuch nahi dekha bahut hi bada chutia hai jisk pass na ghar na paisa,0
23249,pledgeagainstcorrupt dr saint gurumeet ram rahim singh ji insaan ask nan,1
43503,tere jais sutiy ki bat koi nahi sunta chup kar,0
23436,okay read au love think seungmin sent email kinda make sens head ..…,2
20827,happi bdday tom jope great day ❤️❤️🎉🎊🎂,2
19377,hashmi miyan thank much & like poetri appreci boost zeal & motiv god bless nan,2
6077,unnao jaha bhi dekho bjp karykarta hi mare ja rehe h state aur desh bjp sarkar k babjud,2
25253,ind waah ji 👏 poster apt show true imag mamata banerje one show mirror bett nan,1
15341,meri geographi kamzor hoogi jo usski insta pic ke locat ko smjh nhi paaya locat mey soulmat likha tha aur pic nan,1
14241,kitno pe action logi chant jai shree ram crimin karma teach nan,1
20047,padhega india badg india,2
17393,unfollow misus follow benefit,1
43543,sushmaji hum aapk decison se bahot naraj ! ! ! agar aapn ko lekar kiya wish u good healthi & long life nan,1
12631,eid ke mauk per arah hai apn salman bhaijan lekar bharat movi unk fan ke liy yeh eidi hua unk taraf se 🙂 nan,2
29624,badhai ho bhai aap jais log hi poori nistha k sath modi ji ka sath de sakeng aasha,2
34125,good thought preced great deed great deed preced success great day believ gujarat goodmorningworld inspir nan,2
13711,bilkul sahi kaha aapn jis tarah haar ke baad bhi aapn kaam karna nahi choda ye darshata hai ki ka,2
43102,gokul10 394 dafaa hojaa saqal mat dikhaana dubaara 😂😂 nan,0
5791,samuel79 ur right track zindagi mein bahut khush rahog beta 👍 nan,2
15152,maray scientist tum jo marzi ker lo bohat bura hona hai tumharay sath pakistan mien munafiqo ko kisi,0
45010,pakiatan har gyaa liken yeh world ha 😁😁,2
28224,bhart ke bhagwan aadarniy prdhan mantriji hamar upar dya kardo hamara 6sal ka bccha gaurav jiski dahin hath ki 2…,1
8950,bkwas band kri bc sallo gashtooo heera,0
44867,aap ne bahot accha kaam kiya h proud u har koi ap ki tarah imaan dari nist,2
14369,guyz must follow famaayi interact 😇😇 achi bandi 😊 humbl 👍😃 lit tweet 🔥🔥 fb 💯💯 must follow ✅✅ sawab milna ha 😂😂 famaayi nan,1
2392,amen great job thank beaten good,2
9738,ye apk liy ek achha mauka tha un bengali bhai bahano ko samjhan ka ki ye sab polit viol,0
38116,shadi ke baad parhaayi jaari rakhnay ki rawayat daalni chahiyay larkay ke walidein jahan apni beti,2
28904,jagrukta ka nayab tarika koi parivahan vibhag se sikh parivahan mantri ko bhi sahi jankari nahi de rahe adhika,0
16465,sure maryam nawaz write tweet ☺️ nan,1
23021,status brooo kyoki jalwa hi alag verma ji ka hamr pirya bhai shri shri 100001 baba barfani ji ke paarm b,1
13667,ye asa hi ho raha pesi kamani k chakr ye log masoom bacho ki zingio se khail rahi nan,0
12439,naikoo ki maa ka bhosda nan,0
32460,dhoklaa main nahi peeta nahi bolta hu iss cancer theek hota 😂 aur nahi india koi muslim p,0
23338,hahahahaha nope get fuck get work tonight day meeeeeeeeeeeeee 'm close hang ha,2
26487,polydactyli matlab jisk 5 se jyada finger hote hai peopl r confus 😛 ( mai aadh ghanta se samajhn ki,1
29944,sachi ni pta wo knsi maa bappp hain jo bachon ki esi batein b man lyti 😭 nan,1
24143,bjp ki jeet des ki janta ki jeet hai modi ji bhavisya bharat ki janta ki bhagwan ki tarah jane mane jayeg modi,2
5214,jain sir ab bas aur nahi yeh rona dhona band kariy bhad main jay media bhad main jay,0
14091,abe sale mirza kasm e aallaa ki ham ne nahi kiya,0
25915,upp k hmare sabhi sathiyo 11786 candid ki taraf se pm sir ko bahut bahut badhai hm sbka vote success hua meri nan,2
6583,kacchi lassi anoth best altern doodh soda nan,1
35437,glad see thala faad india 👏👏💪 nan,1
11365,ab tak shuru bhi nahi kiya ji ne dekhiy aaj ka news yeh darr acha hain 😃,1
33129,hatya ko aaj 12dina ho jay leki polic hath pe hath rakh bhaith hai kuch karywahi nahi kar rahi hame log,0
10518,hayeeeee janiii 💓💓💓😍😍😍 thank yrrrr make birthday special 💓💓😍👭 allah bless,2
12546,salut sarfrazahm give respect nation dress yeh world cup pakistanio ka dil apka hoa,2
31265,sir jabtak dharmendra pradhan odisha bjp koi v badlao nehi ayega aaj odisha bjp ka ese,0
39150,ye lo chicha paharganj delhi ki bol ais rhe ho jais kabhi koi sadak pe namaz padht nah,2
15950,worldvictorioussaint nostradamus ke anusar 20 shadi ke pahl pahl bharat mein ek aisa sant janm lega jo sampurn san nan,1
44481,news bhai tu tar,1
37269,call thaper tujh mantl hospit admit hona chahiy pagal dog ki tarah twitter per gum raha nan,0
19633,hindi languag ek bharat shrestha bharat languag livelihood sabka sath sabka vika sabka visva nan,2
19781,madherchod rundi wale twitter se hi teri aur teri sister aur teri maa ki gaand faad dunga,0
16052,starr gadho ko batao obama ab presid presid nahi hai aur usney badhai sandesh bhi nahi bheje nan,1
15348,world milk day saturday movi worth watch celebr impact white revolut nan,1
22680,abhi se dil jeet liya kyn bhai mufta hy kyaa kisn kaha world cup jeeto ya haaro jeetna hy world cup 🤲🏻🏏…,2
8422,bahut hi samajhdari se cingress ne ye faisla liya hai aur umme karta hoon k desh ke sabhi parti,1
41299,ase ghatnao k liy puri terha se teyar rahe kyu ki jin ki biwi nahi hoti unko aurto ki kadder nahi hoti inki ko,2
44261,tenu lakhan ton chhupa ke rakhaan akkhaan te sajaa ke tu ae meri wafaa rakh apna bana ke main tere layi aan,1
25574,jisk naam pe film chlti thi na wo uss desh nhi chla wps industri chla gya aur ab industri bhi nh,1
14549,evm ka kamal hai ye sab warna bjp ke beet 5 saal se desh ki janta parsshan hai unemploy 45 yea,0
41167,kya hua upenderji kaanha khun ka nadi bah rahe hain lovi ka yahi hal hota hai bjp aapko 5sal mini,0
8926,brigad ak sorri tumn nahi romeo ne btaaya tha parso whatsapp pe nan,1
10529,acharyaji mein aap ki piri baat se sehamet nahi hu kyu tv debat mein agar koi nahi jayega tho ye hindu aur musli,1
14062,engr okay sir n sir one thing good invst selctvr stock long term,1
20832,starr retain job iss liy fake boli hogi report koi unko theek se padk sunay unko samajh aay nan,1
31795,fan,1
27630,sale suar rese gand nahi tha dum kyu bhok raha tha awara kutt ki tarah nan,0
19287,aww thank u ate u hehe ❤❤ nan,2
9654,swachbharat great initi last term modi govt need continu addit need sim nan,2
32202,bhai ap kahan pr ho border pr,1
25521,lost bhool gayi ho kya ye wali yaad aaya,1
16409,shade extens 🚨 love happi see brine us 4 new shade 🙌🏻🙌🏼🙌🏽🙌🏾🙌🏿 favo nan,2
7167,ye toh possibl hi nahin hai 🙏🏻 grow pehley throw 😛😛😛 thank much buddi 🤗 nan,1
24381,ye bengal bheji hai momta bano ka pagalpan ka ilaj karn bahut pahunchi hui peer hai 😆 nan,0
15632,mam jamairaja 2 come true happi ko bahut zarurat hai iss show k,2
14375,himat nhi zalalt qk tax chor tm log khud ho harsm khoro nan,0
19733,mansoor ali tu thekadar ni bat ka yh kam pti wali jani r baki tu q abba ban rha hai teri kiya auqat apni yh ba,0
14992,happi birthday iqbal saqi allah pak apko lambi umar ata farmi kush rho piyari bhai @ … nan,2
34258,bhale teri english thori kachi ha per realli proud bro sarfarazahm ❤️,2
3135,sir apko aur bjp ko meri taraf se jeet ki bahut bahut subhkamnay app desh aur uchaiyo par le jay p,2
17767,movement make everi indian proud jai hind vand mataram 🇮🇳🇮🇳🇮🇳🇮🇳,2
5557,sharkari nokari kon dega intihash gawah hai bjp ne kabhi sharkari nokari nahi diya jumalo ki sharkar nan,0
15189,dixit even ? ? ? ? u bloodi islamist nan,0
17072,unfortun incid got hindu musalman point shame analog,0
5508,bas tera sath ho chahe jo bat ho ❤ tere kahn se kar jaeng 🤗 miss pushp 😍 realli miss 😘😘😀😭😢🙏🙏,2
19567,hamar priya amit bhaikripa kark aap ais hi dabang bane rahna hope alway access chanakya ko pranam nan,2
20209,qamarbajwa beghairat iss beghairat nawazsharif k againat jit bhi khud bnayi thi iss beghaira,1
41969,goodnight hoseok perform danc hope sleep well good day love hobi gn,2
32728,k01 one phrase pick namo seri best suit namo 's style ... …,2
6068,modiji ko hardik subhkamnay bharat ka bhavishya unk chhatra-chhaya main ujjwal hai,2
20748,kab se celebr ban gaya flop actor hai wo koi pehchanta bhi nahi nan,0
25961,sir mei na movi dekhta hu na song sunta hoon na na hi mein kisi film actor ka fan hoon fan mein si,1
8059,jo bhi hai aur nak ppp chairman bilawsl ne jawab kyun nahi diy nab ko silli billo,0
9402,pledgeagainstcorrupt good morn guru g bless us give us power sewa,2
9327,bjp congress sp bsp koi bhi ho yeh kbhi musalmaan ko aag laan ki baat nhi kreng,0
43001,fb join parti ticket deng apko 🤣🤣😂 nan,1
26872,live sriman paramsatta ka anurag anudan aap par sadaiv bars aisi mangal kamana aap se ek anu,2
21419,mna mohsin dawar taken custodi north waziristan hurray best news day - eid ka thufa mohsin dawar,2
25653,girl stole edit insta lea freak repost lmao idk laugh bc lie bc insult nan,1
11373,god bless u denni wish u recov well mental ill negat chutiya,2
17930,go real life alway worri somebodi els babi get togeth 😩 nan,0
12498,life beauti sinc decemb 2018 hope 's end think watch good,2
15653,n undermin democrat institut declar bjp win crea,0
11116,shatrughan sinha / yashwant sinha / arun shauri ye log sabs bada bewkoof aur moorkh,0
10385,believ koi larki ho ghanta tareef nhi karta mai magar jaisa husn waqi kahi nhi yummi nan,1
12885,pakistan usk gird-o nawah c chlane k mosam hua chta hai nan,1
28056,gandu ab bta 2nd indian pilot jo hospit tha uska bhoot tere maa ki choot tak pahuncha ki nahi nan,0
2817,mere bhaijan ki movi india ke sultan ki movi bharat nan,2
21378,ye public hai sab jaanti hai peopl work hard frame ran agenda 15,1
27212,1 lekin wo tu keh rhi hain koi tha matleb jhoot tha ya abi clear ni ho saka nan,1
23951,sab aao spread word nishit taaza maal leke aaya hai b'luru se like / good karma,1
22060,urdu meri famili meb kaafi qabil lg hain kia unki pakistan koe jga nahi nan,0
27580,en polic wale bhe apn aukat kamjoor musalman aur dalit per dekhat hai per na jane enko bhagwa gu,1
6161,thank much dato inshallah celebr 6th star tonight 🙏🙏 ynwa nan,1
13291,kpyadav bjp kp bhaiya zanta ko aaps bhut umme h aap h ki aap kam karog orr modi ji k visva,2
19299,ye gaandu kabhi vote ki taqde ka chooran baijta hai phr poochta hai k vote le kar mna aur minist ban'nay walay,0
26107,wafa-e-wada nahi wada-e-digar bhi nahi wo mujh se rooth lekin qadar bhi nahi - faiz ahmad faiz,1
44877,owaisi saab ko iss ke liy achey paisey bhi milt hongey see hindu muslim divid stupid p,0
37050,jab choor nawaz ko dekta ho aur apni l ko dekta ho koi farq nahi hota thoo kutti teri manhoo shakal per thoo nan,0
41156,swati unfortun tdp cbn ntr nan,1
14856,ak50 scene theatr 5th june 👇 salman khan theatr hugega aur usk chutiy fan khayeng bharat 😂😂… nan,0
17550,cheer mah men alway lav yah budday nan,2
19432,allah ho allah ho banday har dam allah ho baran e rehmat ramzan 2019 aaj news,2
26585,ya allah zalimo ko lambi zindgi ata farma ink sath bi aesa hi zulham ho jese ho ne kiya ameen,1
37801,sharma saw episod nice one sir maan gay yaar sharma sir aap bahut himmat wa,2
27594,kwe ba go phasa ka di 52 % ba 's difficult nan,1
14593,behad mandbudhi ho tum na histori ka gyan h na shastra ka sayad chamch ho well chamcho hume umid b ni nan,1
5351,sh proud feel kro khush raho log copi krti hy naw 😎 nan,1
8048,🌿💜 24 hr flash giveaway 💜🌿 honor gratitud & everi one join & embrac jour nan,2
6122,ramadankareem muslim ikon bh shipper mark one holiest day ramdan last friday may alla nan,2
40592,ye kais ke musalman jo inko roke nhiiman ki kami haiare iman hai zindagi haimran,0
41573,relationship fvcking scari matter good thing go love signif,2
12185,mh bsnl inde hearten great team shri shri helm telecommunicatio nan,2
19806,modiji apko bahut bahut badhai apka dusra karyak bhi shandar aur jandar ho asha hai ki longo kind,2
16366,koi isko gau mootra pilao iska mansik santulan bigad gya hai al0n nan,0
4694,sambit fought hard elect fought well congratul spirit cont nan,2
33282,angrejo ka taluaa chhate ho kyaa kaaran tha ki jawahar lal ko ak danda bhi nahi padaa jahaa hazaaro ne apni kurbaa,0
12550,aajtak wale aaj bahut happi hong aajtak wale modi ke alawa kisi interest nhi rakht h,2
16145,media kee azadi bahut ho gai prakash ji 5 saal media ne fake news ka nanga naach kiya hai modi,0
20562,repli ? ? ? man die save someon bhakt say sale jab hindu ne bachya tw,0
25794,one month mba life done grown much alreadi pen think got right mindset,2
29426,ye mull sirf maar ki bhasha hi samjheng hindu log hatiyar kyu nhi uthat ye meri samajh se bahar,0
3942,7 ye polic ko chiay tha ki ais logon ko mana kate ab ye samajh nahi aata ki ye polic biki hii hai,0
31269,shame big shame call captain 54 rubbish cap,0
18128,wooooo hoooooo ! ! ! ! ! yesssss happi ! ! ! ! ! nan,2
25558,kya krlega tu bun chod k bc matherchod jaak soja chupchaap nan,0
1652,ff great weekend popat panju nan,2
36488,good morn god sant dr singh ji insan 🙏🙏 pleas bless & famili & sewa simra,2
24447,sir ji kyu public ko bewkuf banat ho aaplog sara loan diya aaplogo ne agar bhaga,0
8843,liemind serious u prove u real moron . ! bc mkl act u n't get point,0
34687,hardik subhkamnay respect prime minist 💐💐💐💐 u deserv sir 🙏🏼🙏🏼🙏🏼 india aap ke sath hai nan,2
13718,'s great feel like pray subh isha time studi show pray two sallah time increas healthier life nan,1
44130,darl 1991 ke chaleng n lekin tum jais ko line kaun marega sala ess achhha mar jana hai nan,0
7665,good morn modi sir best luck apko meri subhkamnayen apk sath hai aur hum log chaht hai hm,2
11378,dani yahan humid ki waja se sweat hoti hai bht jo bht irrit krti hai punjab side per j,2
12559,irshad chandni chand ki hogyi sitaro ka kya hoga aur agar memer ko logo se dar lagn laga sala meme,1
11093,congratul modiji jai bjp jai hind jai sriram modiji app gulf labour kelih kuch karoo ji mene bahut bahut,1
16288,hosla tutna nhi chahiyeh bro yeh chunau h jang nhi ekbar nhi bar bar sahi lad te reho ek din jarur,2
15813,first cassatt tape - fever ca n't sweat beauti day nan,2
29990,rail mantri ji tatkal wl ticket per charg 75/- kyu lagta hai ye sarkari loot band honi chayiy nan,0
26444,met game without karen hope mend feel better day h,2
39684,thodha aur padh lik lete shayad samaj aata desh aitihasik nirnay notebandi ke bad 02-apr year tak,1
7222,rashid beef kaheng afgal k gun jyeng fuck mdrchod nan,0
26552,wahh bhar kitni excit hai subhan'allah 😋 nan,2
19333,mohapatra iocl iocl iocl great initi nan,2
25668,yadav88 kuch nahi bhai sirf tere jais chamch harey hain lol relax accept realiti nan,1
14423,aap ek show kart espn / starsport par bahut accha lagta tha uttam starr ka comment hai aapmein 🙂 nan,2
150,saf babi sorri onlin hope sleep well though love nan,2
20172,diggi babu haaaaaaaaaaaaaaaaaaaaaaa bhagwa atnk hafij sahab kya majja aa rahan han tumhari har ne mujh vapi jawan,1
5401,insan rohit nan,1
12334,patra said bjp desh ki ameer parti bjp world richest parti nan,1
30353,main perfect love stori apni life main aik marri coupl ki hi daikhi hai stop say shadi k baad koi lo,1
38093,truth incom tax main kark dekho inki kom sirf lutna haq zamana janti hai yogdaan koi karna nahi nan,0
3178,wish allah 's khair noor may allah grant good end duniha nan,2
6230,would say today hamar desh ko aisi buri nazar lagi hai ki kuch bacha hi nahi gdp may b 3 % jab jh,1
44462,bikan sorri tell hard stay bikan given lot love,1
8369,gujarat 1 thi 5 ni bharati krva namra vinanti jethi tet 1 pass krine rah joi bethela umedvaro ne rojgari male abhaar sah nan,1
13570,hahaha mohsin bhai waqai ihtesham afghan ko block karwana chahta hain nan,0
19464,one way ticket u bkk enjoy bro nice life ahead bkk bahumat mila nahi shayad,2
38551,1601 india chutiyo ka hai ye busi lure peac money nan,0
33636,sir jai hind bhut jayda khushe hue ke aap home minist bane pls hume aaps request hi jo decis le wo,2
38186,ia srinagar ia well done sir vais bhi ye te,1
16460,sir kya humar vote ki ye kimat h nan,1
12633,shaadi krne k baad 03-apr ess bach paeda karunga jo padosiyo ka jeena haram krde saal polic protect lene pr majboor ho jaay 🤣🤣 nan,0
30607,lo bhai yeh pappu hai ki manta nahi phir comedi suru kar diya bhai pappu ab bhi nahi sa,1
5863,slogan giveaway woahhhhh realli want get one bc cant ever win giveaway sighhh 🗿🗿🗿 nan,1
33250,nice thought realiti though might modi 's heart prachaar could n't care less ab,2
38178,insaan se koi matlab nahi ijjat badhti rahe metro ki jo khara nahi reh paata sheet hai nahi nic,2
32668,sir abhinandan aap apan karyo ko sah kushal purna kare aur desh ka pryavaran ko behatar banay,2
21939,patrag sale bhdwe hai ye gaddar inh desh se nikalo bc ko harami ki aulad inh kyu baksha jaa r,0
30133,well come modi ji save villag citi countri jai hind nan,2
27010,worldvictorioussaint satguru rampal ji maharaj kabir parmeshwar ke avatar group mein pragat hoker samaj ko ek nayi nan,1
15538,hansraj total unfit bjp post 🤣 woh muslim ko galt nahin boln wala na koi bhadkau bhasan dene wala hai nan,0
34908,jkimari twt insha'allah get 💜 thank love nan,2
19825,happi bday dr saheb ummid hai ek din ka ilaj jaroor kroge nan,2
39554,japan name nagami shirogan english name vintz phantom korean name jung rae nice meet ^^ nan,1
7551,flickk tera baap bhi chaaka hoga na phir .🤔 khud ki ijjat h nhi km se km virat ki ijjat kr le bkl nan,0
27285,bloodi fuck get fuck lost bitch india tere baap ki jaagir hai kya chutiy nan,0
348,ch1 pakeeza languag ka istema tu koi nooni bhayoon se poochhay youthi pe aewen e critic kart hain yeh bhi sahb nan,1
39298,yaado mein se kuch yaad ! ! 😍😍 roop mard ka naya swaroop sketch best shashank vya ♥️…,2
13933,kasham bahut khushi hui sir ji badhai ho aapko sir ji mujh umid thi ki sarkaar aapki hi ban,2
4843,listen want love love like noth nan,2
41527,news bhe bhot khuxh kahti hain ya allah pak ka wada hai kabi koy bhook sy nahi mari gaa nan,2
36296,proud moment goa congrat bhau,2
22057,bhai parti ek pariwar ki h chodn ko koi tyar nahi h presid chairman sb italian log h nan,0
43574,inc 28,1
17622,pakistan enemi dread influenc end insha allah page pakistanarmi today nan,1
23848,congratul shri n modi sir take oath prime minist bhart salut sir warm regard sanjay parmar nan,2
27331,jais sone ke tukr tukr karn par bhi uski kimat kamt nahi usi tarah achchh logo ki pratistha kam nahi hote bhu,2
25763,aray alka tu jnu ki chhatra leader rahi hai na vahin se tera khoon ganda ho gaya hai jaishankar ex,0
6471,ani explan possibl bus kuchh bhee,1
32273,ya allah accept ibadat ya allah merci us entir muslim ummaameen love much futur husba,2
40835,selgomez madarchod chup bhen ke laud 😦 tere aukat nhi hai mere samn boln ki laud gareeb ke bach 😋,0
13185,vidrohi good wish better luck vidrohi vaiya nan,2
25525,tradotti voti reali dati dell proiezioni dicono che un anno 1 ) la lega guadagna 47 milioni di voti ; 2 ) m5s perd nan,1
32523,wonder love baingan ka bharta nan,2
22797,thank superstar bhai jaan step done congress done good job 👏👏👏👏👏👏 nan,2
13330,gopal kya betuka statement bhaiya apka akhir mp c,1
28065,22 dialogu ke chor dar rahe hain modi ji se jism ki 2 seat wale apn aap ko desh ka hiteshi bata rahe hain joke,0
18772,asif bas fact tweet 5 min apart made extra sad love 😂😂 nan,2
44998,wire wale ab khullam khula fake propaganda chlane k liy utar aay h hadd h aisi chaatukarita ki congress ke patth nan,0
26386,actual kisi ko samajh mai nahi aa raha hai ki ye ho kya gaya aur uss badi baat ki kais ho gaya w,1
22651,bharat movi trailer like lot kyunki salman khan sir ka stardom sare act fabul hai,2
34185,bhai sree narendra modi ji aapko hamari se bahot bahot badhai ab aap ko mandir dhara 310 ka kaam karna kam ke nan,2
11562,ye 40 % log kon h jo congress ko khatam krna chaaht h nan,1
15777,guid musalman tha aur 5 hindu bhaiyon ki jaan bachan ka nek kam kiya bhakt ise kya kaheng जम्मू-कश्मीर…,1
19047,thoko bhai taali har jagah kamal khila daali,2
11998,good morn india shubh suprabhat bharat friend wish happi sunday vand mataram india nan,1
41595,sahana ka bhi much ho gaya hai bahu ko support jaro bahut acha hai har baat nhi kudana chahiy unk,1
31031,itni garmi hai itna ghussa araha hai har chhoti se chhoti cheez pe good time talk even ap,0
8092,ku k qanoon kisi ko ijazat nhi data k galti ki hai sudhar jau kia amm awam ko b ga,0
30573,jodhpur ki janta us gandhi ko bhul gye jo gandhi apn bacho se jyada jodhpur ka dh,1
22708,bedhadak jao agar kutton ne napak harkat ki pakistan duniya ke naks se gayab hoga,0
12925,sharma hindu hamesha hindu hota hai true - fake ki ladai hinduo nahi hoti hai jo jai,1
33140,haha nice feel awesom “ non-pathan ” speak pashtu friend punja,2
36606,teri maa ki gaand hai kia dono tarf sab ki maa ka bhosda hot,0
15251,patrag gand mei goli maro ais maderchod logo ko aur ais netao ko jo ais logo ka sath dete hai ab,0
33056,ji indirapuram ghaziabad electr ki halat bahut kharab hai yahan bahut light jati hai wo b,1
33991,eid kuch naya kart hai eid garibon yatimo ko khush kart hai yeheidbanaoclass,2
30819,ab jo log akhilesh bhaiya k sarkar jhooth hi yadav seva aayog likh aur bole ki 56 sdm 86 se yadav hi huve h,1
15934,dil se naman sir ji realli inspir aap apni ek aawaj hum karoro aawaj deng aa,2
16970,jay garmi pani k bina yahi h sabka sath aur sabka vika 8954… nan,2
12533,कन्या chor nhi di bhaga di hai boli phele ranchi jaa kr illaj krwa dimag ka pr yaar jo v kho di,0
29019,happi birthday dear friend allah bless u everi sec life allah pak apko time smile,2
32106,wonder aap aisa hi socheng aapk hisaab se koi bhi kuch bhi kare modi jimmedar hai iska matlab,2
32075,happen india insaniyat mar gayi hai hum sab mein nan,1
28898,sima mem aapki lagan aapki mehnat aapka saha tod dega har us takat ko jiski bajah se log khule gun,0
44568,resp sir aap ko bahut bahut baddhai shubhkanay aap ko hamara ye sandesh hai ki aap ko mp con,2
15471,muqarrar hai ke tu mu kar jayega aye dost tune dosti ke maayin hi badal diy fizugkbol befizul fizuliyat,1
38245,secretofposit papaji dhan dhan satguru tera hi aasra good morn ji mugj tu nan,2
19971,oh fvrt serial 👉 # sunochanda2 😍😍 thanku humchenn give us kamalsuperdup nd akheer funni se,1
41795,ustaad ustaad ustaad aapka swag aapki adaa aapk good look 🔥👌 jitna bhi tri karlo one match nan,2
10295,apna famili stori twitter pe mat bol chutiy btw te,0
16060,bhate 's true women face lot filth soceiti,1
30105,bs 370 articl hat jae pure hindustan patakh phodeng 🤓🙏 jai shree ram 🙏 nan,2
30275,hope shab illumin heart hope shab grant everyth deserv hope night fre,1
41597,aaj wo log kahan hain jo bolt gayo ki sambhal karo unko khula chodog musli,0
37654,fanclub ipkkndchalleng post favourit offscreen masti 😍❤️,2
9864,himmat mat har rak hausla wo manjar bhi aayega pyas ke paa chal ke khud samundar bhi aayega yu thak-har kar na,2
37385,posit cool8 mean amit katn wala kutta h 😂😂😂 nan,1
28998,wo toh camara aur tv pe aan ke liy “ toilet karn se pehl bhi maa ka ashirwad lene pahunch jay,0
19552,sab jo mar rahi h wo sale bol rahi h mandir gosht khe rahi ho jhute kon khe dega ya mandir h mandi,1
40934,phatak mukul one media behind,1
22237,congretul bharat ham sindhi nation ki taraf se sain narendra modi ji sare bharat ko mubarak dete hen ume k nan,2
25835,pak come back strong sha allah ye khel hae ise khel rehn dein bhaio koi ni haar jeet khel k,2
20594,7 bad 7 day eh mate x ⚽️🏆🏆 nan,2
15200,iron thing seen happen — buhari win made human right campaign support keep silen,1
40750,ravidubey ravi watch kudiy ni jealous beauti well stay bless lot love nan,2
31262,agar ye bjp wale ais hi sb parti k logo ko even sb parti k ghatiya logo ko ais hi apn part,0
21955,yusk good song nan,2
16246,unko har saturday milta tha nan,1
344,hamyat tu khota khor corrupt ganj ki bhi kert thi kia ukhar lia unhon ne lanat tere te patwari nan,0
43276,ujalo mein main andher ka kaam nahi hai acch kaam mein mamta ji ka bhi koi koi kaam nahin hai ja supn,0
34626,aaj ik aur bara beet gay ā us ke baghair jis ke hote hue hote zam ā ne mere ahmedfaraz nan,1
39895,alway happi help jazzi thank share & look forward see jada nan,2
38013,🏵️ good morn papa ji plz bless sewa sumiran parmarth ka bal bakhshna ji dhan dhan sa,2
2521,muslimo ke chatukar tu muslimo ke mude uthata hai delhi dhurav tyagi ko maar diya gya meerut,0
7630,proud countri pm narendar modi ji,2
35443,madarchod tmlog sale malik ko kyun nahi khilay bosdiwala sarfaraz ko hi bahar nikalo madharchod wo,0
33824,chhori good morn 😁😋 nan,2
29810,opinion soori fun 's sad imho play format stupid nan,0
35517,iss ss appi ne kahi nahi bola ki 250cr akki ki wajah se na hi koi akkian credit maangta hain au,1
43065,sir pm modi ji se meri request hai ki govt ko immedi action lana chay ji aur incom,1
2359,still far better mms govt u r connect number economi u share,1
18203,love go raptor fire babcock true toronto spirit haha nan,0
25933,sabanaqvi garv se keht hai ham hindu hai ye jo hinduo ko todn ki rajneeti karr ho na saar librandu sabak,2
21563,jhoot nahi bol raha yay apni mahnat say pm bana hai jab ap khud kisi cheez ko experi kartay ho,2
39661,inc shah8 chutiy vvpat se match hua hai sara ek v idhar udhar nahi hua hai ka,0
14826,jb tere jais ghatiya maansikta waal log patrakaar hai news chanel pe koi bhi parti apna prawakta,0
5969,mashaallha beauti coupl world bhai donoko nazar lagjayegi 👌👌👌👌 nan,1
29925,jai hind jai bharat ji chunav prachar ki apni aakhari jansabha khargon mp aap ne saaf kaha,1
1015,fizakhan pakistani girl photo without pakistan ka karz ada karo pakistani girl heera mandi mein bata,1
16063,happi birthday u shah g khush rahein abaad rahein allah ap ko humesa salamat rakh ap jais logon ki zarorat hy,2
19278,saam daam dand bhed ethic part bjp ideolog nan,0
17992,wonda month ramadan posit heart desir prayer famili friend grant insha allah nan,2
19694,modi ji bohot bohot bohot shubhakamanyen aapan sach main poori nishtha aur imandari se desh ki aur,2
22109,bhakto aur kathit deshbhakt rashtravadiyon ko koi phark nahi padega tayyar hain ise pracharit karn,1
15672,agar cm banaya hota pilot ko aur agar pilot defens polit nahi karega congress jitegi minor ko,2
13260,bideshi media ko kharidn ki aukat nahi aur taqut nahi onli jyadatar indian media pichwara chatn mahir hai,0
10854,think make angri actual mani song fireproof never enough chang ticket nan,1
17780,agar bjp walay dalal bolti h rahul gandhi congress presid bne rhe taki unko fayda ho,1
11514,n't worri bhot secur yeh km az km har array gheri ki bas ki baat nahi 😂 nan,1
23471,nhi padta congratul 🎉🎊 wish happi birthday pak like share twitter kind,2
28358,extern enemi like pakistan destroy weapon firepow arent big challeng ar nan,1
12595,good morn sir happi saturday jay shree ram jay shree bajrangbali dada,2
32615,fake news jake tapper lie truth interview ask presid trump meghan,1
10160,50 % vote mila hai bjp ko pura desh pagal nahi ho sakta tum log sirf ghatiya harkat kar sakt,0
25781,love u bhaijan father + son bharat iambharat best pic entir promot mashallah 👌♥🔥,2
16006,congratul spirit fight put puri first ever elect koshi,2
16490,mani mani happi return day life better half lifelin happi birthday jann ..🎂🎂😘😘 thnxx allot jann,2
6824,fake news lalu wo thi 2000 ki note mein chip aur asli news ye hai ki gdp gone,1
22376,hathi ke daant hindi proverb know well mam nan,0
30635,bohat pakhtono ko pashtunistaan ka nasha charha howa hai aj kal hosh mein jao wrna sach ki mar parh gi bar nan,0
27084,msassydamsel han tu kya bachpan khrb kr rahi han nan,2
35101,pagal ab rulayega kya 9 fail hai per vo tere barabar bhi knowledg nahi hai tu us,0
13022,bhai 105 run hamar yaha mohell k ladk bana lete hai ! ! ! 😂😂😂 kheir ( inshallha boy play well ) 😜,0
34562,uditraj mandir dalit k baap ki hai kya kya kaha tha ambedk ne mandir nahi jaeng aur naahi pandito,1
8032,abp ne ab khel sampadak bana diya kya ya maalik ne khabar per boln se mana kar diya hai sara desh chunav,0
28544,congratul queen mzansi made us proud south african truli inde h,2
43555,blockhead londa apn baap se nhi darta itna jitna yeh ldkiya apn male besti se darti hai nahi vo dekh lega uss bura lagega nan,1
29495,democraci sale phir chor kon ha bhai jo tmc log bjp mn shamil hore ha jis ko tum gali dete,0
20018,happi birthday one gem anoth enjoy sparkl one yojana nan,2
27130,digit yeh koi religion ke din nahi hai chodu jo ab bhi bando ke naam ke banay banay diwa manayeng,0
43856,desh k 75 sal aajadi k hone ja rhe hain lekin aaj bhi indian railway ki koi bharosa nahi koi accontbl nahi garm,1
41127,muslim ne 600 saal tak raj kiya aur kabhi hinsa nahi ki muslim hi asli bhartiy hain manish iyer sharma4 nan,2
5889,vksingh aapko dobara jeet ki hardik badhai ho magar aaps anurodh h ki aap garima garden pasonda ghaziabad,2
29387,abe kalu tu kisi ko imandar mat bol itiha gwah rahega ki tune treno ki patria bhi nahi chhodi aur,0
15384,5oul bilkul aik tou khud ki tention ooper se hostel wale baqi snake ajeeb depressor mart reht 😶😂 nan,0
39605,follow say interact ..🌸 lit tweet ... 🌺 good humor ... 💮 follow back 💯 must follow say nan,2
44085,soul bhai onc wish happi birthday 😊 tumhar liy bhi ek pc bacha k rakha hai baak,2
22369,desai lol pyar may right bowl strongest suit lekin aap jaant howe - pakist,2
34843,ali zay dost ho ya parinda uss azaad chordo agr lot kr aya tmhara hai agr nahi aya kabhi tmhara tha hi nahi zayw nan,1
28470,jhoot mat bolen chairman bhutto ne haml ki himayat nahin ki bal k jab uss tv ki kh,0
43584,modi govt chahati hi nahi ki padhai karr,1
8432,rahul sir aap ek din jarur pm baneg maa kali ki aashiwad shri ram prabhu ki aashirwad se aap ba,1
44593,girl001 wasif 😂 rooza na khulta tou mar chuki hoti tum nan,2
8085,modi chacha right soch badlo desh badlega jo kaam kr rha desh k liy usko krne kaam,2
32877,dosto suprem court india ka ak nami vakil apni bibi ke naam se gaay ka manshh niryat krne ka k,1
21918,nitingadkari gadkariji bhadai ho main pehel modijiko chtti likha tha lekin jawab nahi aaya mera idea hai ki,0
22238,sir main rrb je ka form bhart wakt pass date galat bhar diya tha usk sudhar k liy kya karna hoga krip nan,2
19142,chahi tum log trump ko raat wala baap bana lo modi ko din wa,1
15365,jo sale khud mard n ho wo dusar ki maradangi ko lalakar hain bhosari pahal ye bata ki black money ka tune jo l,0
8845,'s alright hear music 😄💜💜💜 hoseok realli love halsey achi baji 😂💜💜💜 nan,1
27036,sir aapko jeet ki badhai aap pure desh ke pm hai sir aaps request hai ham btc ke pidit # 68500_शिक्षक_भ… nan,2
39805,kute ki dum 7sal se jail phir bhi tedi ki tedi haryana corrupt ka janaknaukaria bechn w,0
6415,puri bjp dosi nahi hai akela khattar dosi khattar se rajchlana nahi aata 5sal mai ak bhi kam esana,1
22342,amit shah ji ke home minist ban ne se tum jais left liber ki gaand fati padi hai ye kyu nhi ke,0
29255,tab bhi aap chup hai kyu ki isp rajniti nhi banti na umid krta hu ki apko ye smjh ayega ki lynch sirf hindu hi,0
21934,crore mubrk ho shdi fix honi ki 😂😂😂😂😂 nan,2
13272,india amalfiyatchweek meri jcb kismat hai lkin itni buri bhi nhi ki tum muje yatch pe na lejao 😂 nan,0
35969,pakistanzindabad pakarmyzindabad gumnam hero zindabad dabang hero nan,2
4873,aap jais ab koi sayad mile 🙏😭 india best minist forev 🙏 nan,2
11744,sarna hume chaiy purush ayog want men 's right men 's right human right jis din men 's right ke k nan,1
7509,bedtet2011 lakho yuva berojgar ke sath jo vadaa aapn kiya h usko aap kb pura kreng hmlogo ki jindgi barbad ho gyi h nan,0
20202,meri nahi lagg raha budhha teri maa pe roj chadhta hai,0
38074,bro salman khan mazak kr rha tha media wrong news de rhi hai u,2
5167,surya moron capabl mp peopl vote aapn itn,2
8549,bhosdi ke fake news dalta h teri amma ka statment dekh usn kya bola h ki tu uski jhuti pic use krke jhut faila rha nan,0
14026,hi sissi taga sundo sa bahay kapag pupunta sa walwalan hahaha love u vv much 😚❤️ sa akin ding church budd nan,2
44954,1 aa hm veri good news india bad news jehadi maoist & tukdetukdegang . # shariabolshevik nan,2
37474,ranga sir life mein ek baar zaroor dekhna chahoonga - u shekhar rajdeep clos,1
13160,true heheheh best luck diyan sa cours mo final fulfil dream becom playwright ☺️❣️ nan,2
5337,cuz hindi nation languag modi leader god choic,0
23068,chawla moka chahiy bs logon ko bjp ki burayi karn ka,2
8820,chup chor let peopl work earn money ye tere congress ke worker aur tere tarah haraa,0
14645,pagla gayi hai abhi wb ye natak band karana hai didi tumhar dada home,0
8795,dionysus electrician bhaiya nahi aay toh diwaar pe fit nahi ho payi,1
41074,parliamentarian norm leader shout nan listen talk confirm bilaw zar nan,0
28307,lmao apk abu atom bomb kandhay pe utha k chaghi gay apni nazroon k samn phar k aye,0
39014,nariend modi ji ki jeet hui ha 350 p ki nhi jo modi ka nam say vote magta ha sudhar jao 5sal ka time ha kuch k,0
20834,could wors exampl insult peopl 's clear mandat rahul gandhi compar bjp govern coloni rule,1
12836,hope playlist play song u want order u want 's cheeki smile nan,2
14830,arr bro said thought even like surya 's hat,1
41650,mere khilaaf koi awaaj nahi uthayega warna shraap de dungi,1
12816,koi v yaisa lamha nahi hai jism mere tu hota nahi h kyys4onvootwithpaniasmanan nan,2
41243,sir ye wafadar kutt hai balk kutto kutto ko bhi pich chod diya hai vase apn sac,0
23998,techno ruhez bhaiya jab main soc855 ka phone liya kaisa black shark2 uss main 5g support kaisa karga,1
18652,congress ko dhakka lagna swabhavik hai jo sarei media ko apn ungliyo pe nachata tha waha ab uski mar,1
44673,shame shame na kro yeh narendra modi third child wala j,0
15506,allah ki makhlloq pr ya unki zahiri shakhsiyat jo allah ne bnayi hai koi insan khu,1
30359,mahoday uppcl ka hal bhut kharab hai varanasi complain karn k bad bhi karywahi nahi ho rhi hai surat cand nan,1
19774,member oygod usmsjdosm dusnbdjdneuxkeudnsdjsjsnsusnsjd love kuch oh gosndusm ci love nan,1
29688,main apka feedback apni team ko forward kar diya hai aur isp uchit action liya jayega kisi aur,1
36316,habbet bhot mushkil muslim ka dushman kafir nhi muslim khoud ha nan,0
3802,thank lot anna invit biggest day grate honour kind gestur nan,2
2589,modi sir light sinc 1020 pm tilak nagar ( west delhi ) nan,1
19237,teri juban jyada chalti hai aur hunar kam thukchatt teri halat dhobi k kutt ki jais ho gyi hai,2
41564,sir train 18328 reserv coach sp1 tc nhi aat hai ish coch koi bhi bhi basic fecil nhi hoti hai nan,2
14899,ind mamata didi jai shri ram,1
14893,happi birthday airbus50 best regard ecuador ✈️🎉 @ tame ep ecu # … nan,1
23407,lifelin ❤️❤️❤️ love u mere ustaad g love u jaan ho sadi tuc jaan 😘😘😘 baba g sda tuhanu khush rkhan e,2
9239,one kind word chang someon 's entir day .. ! ! wait love n smile long,2
5000,liberalswoh dara hua samuday ka insaan hai dar ke maar chhed di ladki hindu intoler hai nan,0
42361,amish devgan bhai main aap se kehna chahta hoon modi ji ko samajhn ke liy insaan ko bharat mata ko,0
27422,plis follow interact bomb tweet good humour follow back 💯 bhot acha banda hai must follow nan,2
16236,tumlog dali dalit naa hi karo khud bc shia mulsim ko masjid ghusn nahi dete,0
19621,recent visit shridhi sai ram baba sabka malik aak haiom jai swacch bharat abhiyanom jai namosri nan,2
15161,wapa news channel ki studio jao apna natak jari rakkho kavi ram kavi nathu ram odisha nahi chale ga nan,0
33987,aap ki dna news awaj ko sare desh bashi ko pouchao hame aasha hai modi ji aapka dna interview ki jariy se,1
15957,bc bsdk halalaproduct teri gaand jaln ki boo aa rahe hai burnol lagaa le bhej rahaa hoon,0
7172,sound depress miss excit life lol,0
42504,suwar ki aulad british media tujh bahut chinta ho rahi hai jitna india ko tum harami ne banta aur lutta,0
7354,chaubey ji prerna tumn meri komo ko mara hain main tumeh nahi chodungi wth 🙄 chaubey mohini everi nan,1
12661,aur pakistani media per nach gana bhi band hona chahiy raat 12 bajey tamam tv channel band honey chahiy nan,0
22344,jay modi raj super talent differ abl artist paint pm modi use toe,2
39923,dekho bhaiyon tension nahin leni sub thk hojaega grade bhi aa hi jayeng job bhi lag jayegi life goal b achiev krloge nan,1
7128,rohit jab tere jese bhadv patrakar bank bjp ke talv chatat hai bahiskar ho,0
37095,respect pm narendra modi ji hum bhut kush hai ki aap logsabha chonab jeet gye congratul sir,2
31554,yrr isey oppo f11 pkrao jis hlki light b achi pictwr ajati hai 🌚,2
35522,love angel satyam k9 yrrr koi kuch nhi bol rha apko mujh friend maant,1
15046,pakistan ki aukat photo hi dikh gyi nan,0
34633,fanclub wewantjrspinoffwithnivi,1
13963,shiekh jabeen,1
9549,aacha hai iss corrupt k liy bharkain marna band karein aur allah per unki beemari chor dain agar aacha hona hoga,1
29203,yee dekhna chyee harm khoor judiciari ko fasl kern rakhir kerte han aur mujrmo chati ke dil adalt khol,0
15080,“ jaan ” word various mean respect prioriti love & care nan,1
26022,ab tak k sare world cup lndia ne tumhari mari thi iska matlab baar bhi tu ghu khayega 😂 nan,0
18322,nostalg memori doordarshan snake ladder antakshari chitrahar holiday nainit phantom sweet ciga,2
27975,girl 'm happi life darzi baji abhi apka suit nahi sila hai ... ! nan,1
30002,kisi aik parti ko itna follow karna ky os ky galat kaamo ko bi defend krni ki koshi,1
10043,peopl n't vote hate send jail likht huy haath nahi kaap tere chamch nan,1
24119,28-may salwar-buzdil diva hai modi govt ko chhutti krni chahiy nan,0
12081,best luck indian cricket team aap se bahut umid hai esbar 2019 world cup hindustan ko dilao bhai,2
17633,yes v understand feel right trust us realli 😭❤️ nan,1
32010,singh unki mataji bhi decid nahi kar pa rahin ki modiji ko support karein ya,0
11622,janab iss kuch nahi hoga desh bhakt bano vote ki rajniti khatam karo desh hit kaam karo,2
28196,saal apn last ke 50 ultiyan ( tweet ) utha kar dekh 02-may se jyada makhiyan ( like / retweet ) nahi bh,0
23989,aur taali thukwaega chakk pappu harwa diya jahan jahan gaya state saaf kara diya tum jais saar,0
27199,hi mam great c kuch log bohat kuch boleng ap ignor karo ap jais west bengal ko ach ke,2
28040,n 9 bahen g india india win 😉😎 nan,2
26230,amarind becaus kejriw want control everyth remot control chahta hai wo nan,1
30234,wese pich world cup se kafi improv ki h pakistan ne 👏,2
5390,yeh khurj wala ka gale kya hai kahi mota bhai amit sah ka wwf wala punch nahi pad gaya ? …,0
43997,lanat tujh py kutti ki aulad trha ka comment teri behn k bari dy dy koi kaisa lgi ga ? ? ? nan,2
18368,yadi ak bar aapka aashirwad mugh desh ki sewa karn ka mil jay mai bhi dhaniya ho jau mai aasha,1
2238,chub ne kutt ki awlaad tere baap ka nahi hai sale yah india tu ja nepal ag,0
9744,whi bottom krishna ka watermark nahi dikh rha baawl nan,1
33175,baimaan tera ajay singh cheat baaj teri airlin saal chutiya banan ke liy baith ho jakar station bhi,0
41393,onesolutiontoeveryproblem gud morn sai ji bless everyon maximum sewa simran parmarth success life nan,2
30313,jcb ki khudhai dekhn jao bhai ji import nan,1
5648,sir-ji yeh baccha sab ko heela dheyghi phele andhadhun ( film ) abi yeh articl 15 - trailer,2
7800,neki aisi ki dil khush kard small big good deed matter help someon need feed someon poor help p nan,2
8880,miss feel heart skip beat someon special text sighhh nan,2
22755,serv remind jnu produc best talent field tukda brigad lie beyond jnu nan,2
9536,problem polic ke misconduct aur misbehaviour pe hai rural area ke case,2
13566,lucki fan mannat king khan deliv box full king fruit - mango direct hand,2
4894,ammi jaan kehti thi aur shah rukh khan keht hain 🙌🏻 extrem humbl overjoy love sir ❤️❤️❤️,2
14284,arrey nahi kar raha woh resign band karo usk joot chatna,0
21976,ham boy 's yahe think karta hai ke kas mara life koe gf raht mave uska sath pyara sa jindagi betata love,2
25332,urdu laga shart .. ? ? kch nh hoga bhai hare ho haro gai worldcup nh jeeto gai likh kr rkh lo ... …,0
38846,aap hamar ghar padhar aapko abhar aapko damoh lok sabha say elect mein bhari jeet ki hardik bad,2
561,mazhab ke naam par elect jeetna koi bada kaarnama nahi hota messag,0
19499,yar journalist se badiya sale pakistan ke journalist hote h kitn b,0
40649,mp maszid ke bagal se guzar rahe dalito ki barat pr muslimo ka hamla ek ki maut kayi ghayal ye deshbhakt,1
34453,respect karay mujhi hate tub hoti jub wo khud ko hujoom main phansa lyti bus wahin sy nafrat start aur main chohr,1
10969,bhakt busi tweet achh din 2 0 jab achh din nahi ayaa phir pata nahi ye 2 0 ke pich kyun hei nan,1
24122,surjewala aur manniya rahul ji ke athak praya ke karan hi centr bjp ki purna bahumat ki sarkar b,1
44142,beast bc ink 05-jun fan hai woh bas ki itni bhi aukad nahi ki usm naam p nan,0
14664,itna social media news media se fake agenda usk khilaaf chalakar usk ki state haraya bjp se,0
29301,ali k present jo hai aapki deklo shameless beggar india fastest grow major … nan,0
27140,look forward halal trap eid inshallah nan,1
7760,arey ye bsp ka bat karta tha abb cong ka ho gaya kya enki baat koi valu hi nahin hai sale,0
18637,bts fake love elig platinum us nan,1
7600,mam aap nahi janat ki hum bharatiya apka seva bahut miss kareng aap jais neta milana bahut mushki,2
3315,sad allah separ someon love alway rememb good allah beauti nan,2
10824,mukul roy ke time bhi yahi laga tha par forget polit choos best vice,2
12150,2019 pulwama attack ke bad hamar desh ke bade bade khiladi buddhijibi media pe ehi boleth india pakistan ke sa,1
20370,ali9 abe chutiya madhar chod apan bap papu ko le kar pak ya bangladesh chala ja mc rand ki au nan,0
27937,chrvs told u love fell kno genuin meant shit still got love want u shine ju nan,2
37414,bengal bjp mei tmc ke kuch galat neta apn app ko bachan ko jogdan kar rahe iss parti ka support barn ke baj,1
37148,mahii k1351 cricket world cup kon jitega 2019 ka nan,1
32303,zinda hoon main tujhm tujhm rahoonga zinda tod ke sab zanjeer main azad parinda n ka barsat hona c,1
15335,riya shasha suvi next show k liy done kart hain 👌 nan,1
15491,abdullah ekdum sahi pakd hai bhai perfect answer 😁😁 nan,1
19539,satguru ji good morn ji plz bless maximum sewa simran parmarth ra,2
34861,bcz maa paa alway 102 chang life paa maa n u aur aap logo ki life ka journ,2
19133,kewal ndtv hi follow kart hai kya ? ? ? 🙏 nan,1
39818,pandey1 jai shree ram bolna daru p kar ram ka badnam karna kitni bewkoofiya,1
14240,good ole buy reimburs paypal 🙃,1
43972,prachand jeet ki hardik subhkamnay pls rserv 1 lane ambul ov,2
37885,apdj drm ko bhi bataya lekin abhi tak koi action nahi hua log ac coach ka emerg window kholk beth nan,0
34064,ramzan ka aakhri jumma mubarak ho # جمعة_الوداع jummatulwida jummahmubarak,2
19890,dall jab bjp 1 bhi muslim mp nahi loksabha se bahar se lay kya ab 8 candid sab har g,1
41911,oye farzi gandhio ke chamch agar itna dukh hai pahl apn rajyo jaha jaha congress ki sarkar ha,0
33719,bharatthiseid bharat loveusalman 💋 superb look handsom,2
15611,ajinkya rahan member team india world cup squad biggest mistak selectorsbecaus one pe,0
6260,tu mujrim hai koi talaab bi bata dega wo kaun hoga jo dusman ko dawa dega ye kehna n,1
10554,mere aur mere pariwar ki taraf se aap ko aur bjp pariwar k sabhi sadashyo bahut bahut hardik subhkam,2
37009,insan1 wish happybirthday 🎂 beauti 👑 insan1 didi may pita ji bl nan,2
21844,aap aag badt rahe mere bharat des ko aag garv h ki ap pm bane mubarak ho par es grib viklang ko p,2
20559,u mean teas u mean india say jai shri ram nan,1
9252,love angel kaiko g n nhi rha aaj jagrata karunga devi maa ke vast 😌😌 nan,2
16016,shut deal fact communal-shameless-worm lost one r indi,0
31358,sir g kahen sharab ke nash hi notbandi anchor nahi ki thi na dhund ne par khuda bhi,1
40739,1 month ke liy hi kyu hamesha ke liy band kijiy kyuki us se aapka koi fayada nahi hai,1
6322,mayn jata hee sirf outlet mall hoon maheen kya aap raideeee hayn nan,1
6487,fernandez miss youu ☹️💗 see youu soon 😚 nan,2
14348,hii sister mene aaj k blog dekh h apk apki ammi kie tbiyt thik nhii hena aap mjhse medicin lalo,1
13704,'m realli nalaiq lallu student parhaku student die inkay chonchlay bardasht nahi hotay 😑😑 nan,0
43595,happi birthday dk bhai 🎂🎉🎁🎉🎈👑🎂🎉🎁 aapko meri taraf se janm din ki bahut bahut sari shubh kamnay,2
3215,farmer omg 's beauti 😭 dramat nan,2
12859,“ great pride present wh ā nau ora announc today wellb budget 2019 believ wh ā nau ora tru nan,2
14788,left stop potus win signific re-elect ca n't even imagin left,1
39534,ind revamp annaji blackmail govt stupid nan,0
18780,iss chomu rahul easwar ko nobl peac prize chahiyena idhar ka na udhar ka 😂😂 nan,0
27168,randi k bachi hamat h aik bar pakistan jha teri nasal khatm kr dain mothrchod gardar hamrami ki,0
7706,ye dekho khulam khulla karrik ki bash behen ji teri naira ne ak ka mot kese accept karliya worst daughter,0
10052,bahut dukhad ghatna hai teepu din pahl amethi bhi ek bjp worker ko maar diya tha uspar koi,1
2259,owaisi sahab mil ke modi ji se issu haal karn ki koshish kare aap aachr insan lag,2
22028,cosmetolog job might great fit click link bio see specialti beauti,1
23478,dear pm sir hamar lokpriya pm sir ko bahut bahut badhai sandar tarik se elect jitn per mubarak ho regard nan,2
9246,inkey saath desh ki saari junta jiti hai yadav ji yeh desh bhar ke chowkidaaron ki jeet hai varna aap jai,1
28677,app tiweet mai kuch nhi dikh raha hai medam contact number send nan,1
39341,rohit bhai apni anterastma se puchhna tarah tum darbaari patrakaron ne modi bjp rss ka agenda ch,1
35607,na teri maa ko chud du ga beta janta nhi tu muji nan,0
34923,tyagi happi birthday aditi tyagi bhagvan se prathna karta hu ke apka khudka channel khul jay aur pura din,2
21547,modi ji aapko hardik subhkamnay aapki jeet per per ab aapk samn bohot badi chunoti hai desh ko,2
25074,hater sorri topa nan,1
43074,🎊 happi u dear 🎊 mani mani happi return day 😍🍰🎂 itn kam time itni achi dosti hogai 🤝 khush raho hum,2
9942,athlet denham good luck boy 🙏🙏 nan,1
20414,lyf right 😂😂😂 shayad issi wajah se saala kahin dur bhag gaya hai 😂 nan,2
24745,creativ hame apka follow back pane ke liy kya keemat chukani padegi maalik nan,1
36393,soniaji want say yaad sadhavi ke saat jo bhi hua hai mai uss pyaar karta hu use meri shaadi bhi hui,1
44345,wow sad 😭😭😭 alika like dat,0
11364,ki sarkar uppsc ne record bana diya khule aam exam ke parch bazaar bik rahe hai lekin kamal nan,1
6251,heartfelt congratul behalf familyi chanda devi,2
19321,congratul sir hmlog ko aps kafi ummid h ap k sath sare indian h jai hind jai shree ram nan,2
8447,congress thought keep loot india surround worst kind corrupt tycoon lo,0
28489,haalat hain kal jais humri team jais srilanka ke bhi nzvsl cwc19 nan,1
14567,g7 12215 gayi alwar se nikaln ke bad nan,1
16244,happi birthday brother good luck world cup 🏆 le aana bhai ✌️🇮🇳,2
7715,“ ram naam satya hai ” moment left india,1
23095,ek chehra hai jo mere ankho ke samn baar baar aati hai earli morn mera dil ka sukoon tha,2
2560,hlo god cricket ji apko sabs ayada kon se bowler ki pitayi kart huy maza aata tha sachinopensagain nan,2
24762,bjp jab aapka hi koi aukat nahi samjha aap nal ke pichh kyo lage hain log khud nal laga leng logo,1
43958,khanji bad bro atleast gaddar toh nahin hai na jais humhar desh mein,0
30258,modi mantrimand may samil honay par badhai narmaday har nan,2
20382,tum jais chutiya log hi ye video share kareng ye delhi mein sangam vihar ka hai aur uski maa ne mar,0
13055,lae ae happi birthday sora wing look good nan,2
33158,great day offic 1s vs 🔥 put bat made 313-7🏏 b evan brilliant 93 boley 52,2
42655,circuit kanani2411 hey univers pleas open one studio india singapor mehenga padta nan,2
3618,ps chota boy india democraci mean right choos,1
28719,bhai un spokesperson ne hi bol bol k congress ko harwa dia kuch bhi bolt 😂😂😂😂😂 nan,0
25220,adarniya modi jipehl aap ko hardik abhinadan desh ke pm ke liy umid karta hoon ki aap agl,2
39519,type indian marriag - arrang - love - hamari izzat ka sawal hai - tumhara rishta bachpan mei hi tumhar dad,0
28603,ticket kharid lo advanc main bsdko nahi line mai lag k polic k dand khaug 😬 bharatadvancebookingstart nan,0
27189,scholsey balma g ghanta nan,1
34458,haha lol ab tau yeh hi kaho ge na tum asliyat aur aukat jo samnay aa rahi hai ahista ahista pata nahi,1
3898,shri narend modi ji apko mera sadar naman jis trah apn zindagi ko jeya aj humar pradhanmantri dobara bne aa,2
14843,ab jo log akhilesh bhaiya k sarkar jhooth hi yadav seva aayog likh aur bole ki 56 sdm 86 se yadav hi huve h,1
17729,hum tumhein yaad kart hain ibadat ki tarah tum bhi kabhi yaad karlo buri aadat ki tarah,1
40498,give mom month notic go specif date time nan,2
30154,bhai tu rahn de ais sabd mat suna tere sakal aur teri ghatiya buddhi ka parichay pahl hi ho chu,0
33769,rahul ghandi janta ko bevkuf banana band karodo samvidhan ko koi khatra nhi hi samjh .😡…,0
40684,sarkar koi bhi ho kya hone wala haa bina donesan ke na bijan ke liy lon bhi nahi milta akhir kab,1
5172,yeh kitn kamin looter hain desh ke jo apni haar pacha nahi pa rahe hain aakhir kis mooh se ayeng,0
24881,uk give chanc win one three bts sign album ahead perform wembley june en nan,1
9522,chatn main sambit ko pichh chhodna chahta hai bjp main competit jo bahut hai nan,1
11500,# वंशवाद har parti hai upper naa sahi nech par hai jarur phir bhale vote bank ki rajniti ke liy ek dusr par k,0
19194,welcom jerru u sab se,2
12648,lsrk congratul 2 jiya complet 18k follow 😍 wish mani mani ♥️ mubarak ho apko stay khush 💯🌸😍♥️ j nan,2
35926,sirje heartiest congratul 🙏 wish best nan,2
16868,nakko ~ ! ! ! happi birthday 😚 best wish 🎉🎉🎉🎉🎉🎉🎉🎉,2
22629,pakistan k pas harn k siwa koi dusra option nahi hoga kaptan ne england ko khbardar kr dia 54 live nan,2
14910,inshallha today pakistan win icc world cup 2019 nan,2
18846,nahi mut sorri health depart sare hospit band karo sab ko pehl dhar ka gaumutra sab bimari,0
881,allah jise chahe izaat de r jise chahey zilat dt dua ha allah nawaz shareef ko us k khandan ko r u,1
29769,modi gaddar 0.2 amit shah katil protect imriti bazi randdi lao piyush gabar rail bech de nirmala tatti loot le desh nan,0
19989,stream love thru comput gucci mane ft princ pop justin bieber nan,1
17409,guha see movi sanju movi said ' ? good weapon journalist use pro,1
15762,good morn sir 🙏🏻 wish good day 🙏🏻 happi sunday 🌹 regard sumit goyal chaudhari coloni karnal nan,2
22110,kapil sir world best comedianaap ais hi sabko hasat rahe aur aap ka sho,2
15978,boy like yrr love much 💕 umhh ummh 😘😘 😘😘😘 sachii luvv uhh yr 😘 plzz haan krde 😘😘,2
26421,chutiya nakali asardar tu pagadi nikal ke sirf dadhi rakh le aur kuran ki ayat padhana chalu kard,0
4342,mubarak naya pakistan,2
26967,usk late messag karn pr breakup krne pr utar jaogi bio 'm matur likhogi aisa kaisa chlega didi ... ! ! ! nan,1
40812,vibhor85 wo bata dungi lkn ye ne kdhr likha . ? ? nan,1
19394,gulli ke baadshah ho ya baap agar kar sakt ho rap toh send entri registr open,1
20305,hi satnam ca n't wait new shirt day ani news love manni 💛🖤🙏🏾😂,2
44141,congress biggest mistak complet mishandl rafal 3 joker acrobat sc disastr ba,0
11082,ek baar bsnl ke baar pata kark dekho bhai sayad acha nikal jay nan,1
24422,mtlb koi bat hi nahi shraddha kapoor smjh bethi khud ko 😂😂😂,1
6220,rajeevkhandelw flop actor tha h aur rhega maiya kth se lath mar k nikali thi aur industri se bhi phenk diya,0
32930,new karachi kelectr waloo ki badmashi 5 ganti se bejli gaib lanat ho ppp govern pr nan,0
8069,oye kutti saw khadija rizwan wtf shit nan,1
16224,long day without friend tell see happi birthday abba ❤️ h nan,2
7835,sad u ‘ come austria ( mayb nect time ‘ wait nan,1
28865,ye bakwa likhta rahta h padtha koun h nan,0
41651,x look ™ ( wish skirt fit look like someth wear everyday life ) nan,1
33696,javeria shah95 oh fvrt serial 👉 # sunochanda2 😍😍 thanku humchenn give us kamalsuperdup nd akheer funni seria nan,1
9883,didi aapn new india ka sapna sakar kar diya mani mani congratul nan,2
18703,abhi bhai indiasmostw ek aadmi h aur hamar pm modiji aur hamn puri movi 23-may ko dekh 😆😆😆 nan,2
39313,hadi ho nhi skti kyu ki hadi hoti aap hospit hote dil hoskta hai jo bas dard hota hai lekin dikhta nhi nan,1
30765,ye nishant kaun hai samjh nahi aata ye kiski side say bol rha hai sala bada resourc hai everyday kisi n kis,1
17670,best team india vk jaan warm ki shuruaat acch se karna,2
41392,pm mahsay aapko hamari dil se pronam aap dushribar pm banrah hain iseliy aapko hamari ta,2
4439,aap ke honesti ko koti-koti naman 🙏🏽😂 nan,1
22264,caus peopl want modi want hindu rashtra padhai likhai karn se kya hoga c,0
30549,respect modi ji sir app india k chor logo k liy kari se kari saza nikaliy chalt firt bag,2
24341,beta ne baap ka name kharab kar diyalog boleng ki baap ne kch sikhaya hi nhi hai 🙏🏻🙏🏻🇮🇳🇮🇳 nan,0
44947,ba mera frnd hai unk liy bura lagta hai phir bangla peopl peopl abus us nan,1
13469,dega patakh phodega jhaad udayega aur friend fire mein khud ke jawano ko hi khatm karega nan,0
8208,tum bohut kamey ho jhoot ke dukan agar tum ko naak main se kuch nekalni ka kaha jae tu bhe tum keht,0
28480,lusi hav u teri saadgi ki video ni arh aj kal pichl bar airport soya tha br ra,1
31899,ye toh “ good night friend ” jaisa tweet ho gaya 😀 nan,1
8242,dear trump voter freck think realli screw pooch one sign nan,0
8723,jis paper articl k adhar pe aapn ye post daal hai wo fake hai iski pushti pahl hi ki ja chuki hai,0
28403,achi bhe hon pyari bhe bolti kam hon jani thank siso / love u 😘😘😘😊❤❤ nan,2
9620,haaayeeee sachi ? ! ? ! lucki sis eye lash omg 😭😍 bless one n't allah nazr bad see bachay nan,2
9779,💕 good morn sweet sweet papa ji 💕 🌲 plz bless sewa sumiran parmarth ka bal 💪 ba nan,2
25930,jaihind jo dusro ke liy khadda khodta ek din khud usm girta parti kisi ki nhi hoti alka lamba ko,1
34303,madarchod tmni gaand mardi hai bharw un student sy pucho jo bechari naukri kr k apna khrcha uthati hain khayal k,0
19421,dream thank rounak mohit big god bless,2
29540,sharma,1
28711,* wife * husband kya banaya hai ye na namak hai na koi tast hai itna bekar khaana propos ka,1
31430,whole jammu kashmir terrorist societi traitor 😡 . sale jis desh main rehta hai uss mo,0
16473,aaj bsp ka punarjanm ho gaya sriman akhilesh yadav ji wo bhi aapki wajha se warna bsp ka astitwa hi khatam ho ja,2
30992,18 second ke video clip ke adhar pe apna nirnaya na banay polic ko apna kaam karn de nan,1
4864,modi phone tak nahi uthat nalayak ka darr hai unh ki kahi ye hums pais na maang le - maryam naw,0
11520,mujh aapk har ka bahut dukh hua hai bhagwan jagannath ki jaisi ichchha ... ... ... ... jai jagannath ... …,1
15074,bharat mata ki jay modi ji aapko bjp team leader ko bhut bhut dhanay bad nan,2
36273,modi ji jeet ki bhaut bhaut subhkamanay modi ji sabs phale delhi jo laghu udyog per seel ki jo talwar latki,1
14466,gandha union band karo union acha se jada bura kiya jada tar industri ko kharab kiya kuch c,0
43482,ye patwarei hajan hai ye pakistan say apnai ap ko alag lazme karay ga qk ka lefafay band ho ga,0
19082,ha bilkul nhi hh kyu ki akhilesh ne ise shuru kiya tha ab hm ise khatm kareng hindu ban ja mc bc yadav b,0
16367,mennay jb deckha 35 2 mey soney chalay gaya tha abbu ko bool diya tha ya match haar gaii 😣 nan,1
1415,sari shairi tassali aur dilasay pay hi munhasir hoti hai warna shairi kyun karay koi agar pas ho kuch 😜 nan,2
45127,waah gaze case opposit liter kick life cos clingi friend lost nan,1
24117,kurii soul abey ye bc,0
13832,hear “ lag ja gale ke phir yeh haseen raat ho na ho shayad phir iss janam mein mulakat ho na ho ” feel ) nan,1
44630,veri nice sir like u episod progarm nan,2
38069,jumaani wish happi birthday ma'am ek gaana dedic tum jeeyo hazaro saal nan,2
14100,parivarwaad ka mtlb mp bann se nahi hai iska mtlb hai parti ka supremo bann se kisi afric,0
38445,aziz ramzaan itni zalalat tujh jais kanjer ko hi milti hai nan,0
38327,bhut sharm ki baat h ki log ais troll krte h jais logo ko fansi honi chahiy ..…,0
10353,matlab ke main heraan hoon ais logon pe ke zindagi main karn ko koi kaam nahi reh gaya ke logon ke qadd pe tabsra,0
12883,nautanki chamch apn upar respons le kar kya deshwashuyon ko bew,2
2139,navjot singh sidhhu ji aapki life itni achhi ja rahi thi aapk commentari ki tarif pura desh karta tha kapil,2
6517,aastha gill launch tiktok world cup anthem “ jeetega saara india ”,1
23764,sala ab iski jimmedari bhi modi ki ghar patni kahna n mane nan,0
43578,thank generous support big33 especi commission jeff hast georg har,1
30187,54 nation dress proud captain wear shalwar,2
11103,mere bharat ne aaj modi ke kaaran duniya ke top desho apni jagah bnai via namo app,1
20338,ariel sub daag ka sfaya sirf aik dhulay arieel aarieeel hoo hoo 😂😅😂,1
7259,thank iren thank tamara thank hajar thank nicol thank alba thank celia thank nan,2
8214,superb 23 k baad modi mantrimand k superb minist bhai hanu,1
14799,sarfarazahm massiv respect captain sarfraz wear nation dress world cup jeeto ya haaro p,2
33188,bangal bjp ke sarkar ban jane ke bad mamta ko ghasit ghasit ke marna hai nan,0
37898,bc usm nicotin h lip thode hi h nan,0
38500,hariom veri happi see statement given ravishankar parsad g nan,2
14564,movi choru seasion dekhu blacklist har episod ek movi ha nan,1
7157,sir saw fabul step song pehla pehla pyar hain janam tere liy simpli electrifi nan,2
16219,sir life ka ek sapna hai kabh kisi din aap se ek mulakaat kerna log netaaon k fan hote hain mai aap ka,1
19188,wow look awesom india bahut late aa raha hai vese sharmajitechn nan,1
19780,@ @ papaji92531904 27 feb ko bhi 12 jahazo ka jhund aya tha sirf 2 jf 17 ne maa chood di pori india ki heheheheh gayhind like nan,0
42539,kangana aaj apki manikarnika dekhi aap sach jhasi ki rani lag rahi thi best actress,1
29110,doosro aib nikaln se koi khud achcha nahi ho jaata adam ( alaihissalam ) ne apni problem ke liy apn aap ko bl,1
36742,assalamu alaikum warahmatullahi wabarakatuh sweet follow love ❤ june 1 2019 0600am,2
14577,team select taik nahi captain bhi 2 takk ka nahi player saar relo katt hafez imad shadab geniun batsman aur,0
7901,aur dharn pe mein teri choti baji ko choda tha captain safdar ke sale,0
8075,wiladat sibt e payambar imam hussain mubarak ! 💝💝💝 stand front zari-e-imam hussain 😍 day nan,2
29211,aesh aap par yakin hai aap meri ho par dil ek jaldbaz lagi hai mai aap se miln ke lie tadap rh,2
17987,rohatgi jabardast repli diya iss ghamandi ko isk bhaav badh gay hain last year se b,1
27769,chees sard raat uski yaad aur islamabad,1
27291,ye paisa imran niazi k baap ka jo ura rha hai jo pakistan barbaad krn cha rha allah,0
35319,media wala think master trade actual jack none 😀😀😀😀 rajdeep talki nan,1
43342,chud sale kahan se start hua ye dekh pehl ashutosh ne sardana ko kuchh nah,0
9000,abki bar 370 35a nrc bill rohangiya bhagao famili plan ( hm 2 hamar 2 ) ye kam bht jaruri hai,2
18110,hoooooy selo si aq char keleg eneb hehe happi u babe 🤗 nan,2
39493,veri nice good agar aap acch hain log aap ke saath hamesha raheng,2
27993,gascoigne8 guy thanks4al support & messag 💕💕 love bottom heart 💕💕 im well & safe thanks2 shane nan,2
17100,18 kaun gf kaha hai gf nan,1
7368,end world cup aap k captain k saaray kapray utar jain gy jais champion trophi utar gy thi,0
14685,jais ye bsdk khud bahut ucch shreni ka ho bhok ais raha hai madarsa chaap,0
25485,matlab ki aap cricket nahi hai oh mean ki dukh jatao statement dou karo kuchh nahi ja,0
38986,album deh ek gaan ch aa model mehta mam nu jarur leyoo aa,1
15912,krishna bc ab kya rulayega kya nan,1
15693,kha se ati h itni pavitr ldkiya jine bc nahi pta 🤣🤣🤣 villen,1
19530,proof mat mangna warna elect ke evm ghotal ka video hai,0
39754,bhut hi manmohak song hai ma'am ji,2
13259,yeah think latest spineless bootlick fact comic tv show namo world,0
14519,narendra modi today big day shapath grahan samaroh modi ji new get way new india prepar,2
6929,gaind teri budhhi bhrast ho gaye hai mandir baith ke non veg kaun khata hai,0
24250,gujjar1 maa sha allah bohat khoob ! ! ! wish shehri also follow paindus,2
23863,big win bandhan bank magna award 2019 small size categori receiv ‘ best bank well th nan,2
28976,bsdwale ne kabhi ye bataya ki jo kisano ka karz maaf hota hai binaa bhage uska socialis loss hota hai ki nahi nan,0
39528,ye pakka bhai maze leta h itna bebkuf koi nahi hota nan,1
28190,bhaijaan aapk promot show bhi movi ki jess bhut bhut ach lagt hai thx promot show,2
10435,mauritius pm & wife kobita pm modi oath ceremoni delhi jai hind 🇮🇳🇮🇳 jai mauritius 🇲🇺 eah dosti hamesa ban,2
6171,- bjp ko vote muslim mahilaon n purushon ne diy jinko yojnaon ka fayda milaya,1
43631,7 polic ko bhi ye threat pohochna chahiy ki agar wo log bina permiss sadak pe 2-4ghant namaz pad sa,1
21018,adarsh blockbust bharatthiseid mazaa aayenga 'm super excit 😍,2
37904,waah amravati great 's citi opposit shift amravati mumbai 4 year back nan,1
22690,aamir naa vijay anna anna jais dikh rahe hain nan,1
33151,apki itni poor servic hai ki pichl 4 ghant se ek shutdown ki problem solv nahi ho pa rahi hai crn -… nan,1
13472,shukar hai ye pathan nae warna ptm nay pr b wae dramay krnay thay ki harkato ki waja say bht jal,1
2239,- kisi ko mohabbat se dekhna sawaab hai na - haan g - toh phir mujh sawaab kamaan na 14 year ol,2
4618,ye log planet ape ke wo bandar hai jo north ko human enemi samajht hai aur khud ko intellig nan,1
19317,thefilm salman khan katrina kaif promot bharat super dancer 3 bharatwithfamili nan,1
29282,wow peh baar itna badhiya fantasi app dekha criczar veri uniqu download & tri -,1
26544,urdu tu iski bari main soch phir isko tere khan ne kahan bejha tha jo iska yeh hal kar di,1
27016,ji ham log bht hindu neta ko jitat h tum bhi muslim neta,1
36133,bad habbit saaredinsonakuchnhikarnaendmeinrona 🌚 nan,1
20105,fizakhan bhanda tera phuta h indian media kitna aazad 🤣🤣🤣🤣 u beg phir khatam ho jayeng rupe vo soch kiss mangna h ab nan,1
28228,sabhi deshwashiyo ko dher sari subhkamnayen desh ke sabhi rastrabhakto ko dher sari subhkamnay rastra hit,2
22781,cricket world cup - jitega india hi nan,2
12745,unko hindu-muslim krne se fursat milega tab socheng na 😀😅😂 iron media count,2
35491,tumhara anti modi agenda saf dikhta hai 1st 15lakh ka jhooth failana band karo pm ne kaha tha k,1
23159,muze modi ji ko jitana tha aapko modi ji ko jitaana tha modi ji jeet gay ham aap khush huy,1
28008,knowledg ghanta nahi auqat kisi k saamn nahi boln ka saleeqa nahi fir bhi 500/- mai bik kar rozi roti kama,0
14266,allah meri beti ko khush rakh ❤❤,2
44056,pleas checkout news - one super entertain promo 29th may 2019 dhee jodi jabardasthextra jabard,1
32759,jailt ko lene ka pressur modi pe bhi bahut hai bahut kam padh likh log jeet hain kya karen sunni deol nahin,1
15770,everi problem need solut need jo hoga baadmei dekha jaayega nan,1
40799,whi bjp punish ensur dont interfer,1
29430,god genuin pray god bless child bad word jiski maa ko itn bure bol boln nan,1
20150,god bless 😊 . pagla kejriw se dur rakho tabhi bachi ki futur bright hogi 😊 nan,0
28458,bjp support fattu sala mann mein itna paap hai salo ka ki parti ka slogan hi jai sree ram rakh diya wais ye,0
31333,lanat hai tum per jo deen ney mana kiaa wo mana hi hai .. @ fawadchaudhri nan,1
24812,bhai ko ramram bhai ek parti banti hai bharat r lucknow ke jeet pe saadatganjward,2
33387,wish could say damag beyond repair aik acha misaal deta,0
19166,satta ki laalach le doobti hai janta ko murkh samjhog astitva bhi bacha nahi paog poora opposit fake aur,0
9010,homeministeramitshah great see chanakya indian polit next home minist hope amit nan,2
41029,kya bolta beedu apunlog ek dum chamak raha haina yeh suit aur glass main bole tou ek dum jhakazz ! …,2
8099,cheezo soul tie would leav heartless keep 💔 nan,1
13924,kaash mein aisi shayari likhu prabhu shri ram aapki yaad mein aapki tasveer dikhai de usk har alfaaz गर…,2
42935,haa aur ye teri maa ki maar ke aagaya wahan se aur tum sab chillat rah gay 🖕 nan,0
38104,allah lord forgiv us receiv us repent bless us beauti month accept fast ibadat ❤ nan,2
15649,aww happi happi birthday cuti pie happi like forev ❤ happybirthdaysonakshisinha,2
40962,admin tera par lanat pmln par lanat kanjar nan,0
13331,badhai badhai badhai ji haan uniqu thank 🙏 good morn 👏 happi thursday 💙 happi 🍇 peacef,2
16555,modi ki ye fitrat hai adwani ne modi ki kursi bachii use kursi gawni padi pakistan k naam se chunaaw ji,0
10516,inki aishi ki taishi maro sale khudh ke bacch nahi hai kya inko saloko juto se p,0
42797,yogendrayadav aap itn krantikari dimaag k hai pls thoda gyaan ka prakash bhariy aap ka kya haa,1
19332,gadh hain sab delhi wale gobar bhar gaya hai dimag kuch nahi ho sakta unka,0
14879,'s experi whether feku bjp fed lap dog media surviv without target attack nan,0
15773,rememb rebel poet kaji najrul fought casteism & communal lifetim great poetic couplet -…,2
29195,erica ke pankh 😂😂 ask erica ne kya drame kiy chee chee khud ko erica ke fan bolt ho aur itna bhi nhi pata nan,2
15671,yogi ki aisi ki taisi,0
5530,nighat main dekha aapka episod wak,1
21852,# कबीर_साहेब_प्राकट्य sab duniya mein khushi ki lahor kyunki kabir parmeshwar ji apni leela jagat guru rampal ji,2
17866,thank aatal jee aapko dhanyabad modi jee vi aapk bato par dhayan de,2
17793,gadkari sabs bada sahase sabs bada imaandaar sabs bada neeti sabs bada niyat sabs bada vis,2
5499,winn er 10 dhoova nahi nikalta ... 😎😂😂 nan,1
17611,pleas answer simpl question jai shri ram nan,1
44102,nigga play much huh lmaoo nan,1
32579,sidhu ji aapko ham bahut mant congress main jake ult sedh bayan sekar khud apni mitti paleet kar li nan,0
23098,haramkhor jab bhi baat karega free ki karega abe kambakht inko layak bna khud bhi layak bn fr,0
15465,haan bas,1
18918,ye hae pakistan ki halat jb waha ke log galiy bake pakistan fauj ko,0
7601,heheh saje tnye btw congrat 😝 jgn lupa mlm ni mlm ke 26 🤣 nan,2
18691,ase har insan rail khinlon aur anek vastu bechega suraksha ke lihaj se ye thik nahi koi k,2
22570,asatya par satya ki jeet k liy dhero subhkamnay sir aap ko lk,2
14202,bhai g kia movi bnai ey angrej lahori punjabi love lahor nan,2
4354,abe laudu kise pagal bnara hai saaal d4 ki news ye fan dega terko iss achha ek fake account bnakr khu nan,0
41394,rajsthan ki mang ab sachin pilot ko cm bnane ko lekr tej ho gyi yhi karn btaya ka rha h rajasthan elect 1bhi sit na ka nan,1
38792,great speech pm sir sabka saath + sabka vika + sabka visva = great bharat nan,2
9757,dallo dallo jhoot ki dukan band 😂 😂 😂,1
27302,ye chutiy bina examin aur fact check kiy articl likhn waal pendu jaak khan market gaa * mara nan,0
10652,sale dogl yadav kyu tera bap maulana ke lag gay,0
26109,priya meri best friend ka naam hai mere nanu ko mera naam yaad nhi tha priy,1
15029,crush 😍😘 wo cute ki dukan ni factori h 😍😍 nan,2
7777,elect 2019 1 misa bharti - lost 2 prakash ambedkar - lost 3 prakash raj - lost 4 kanhaiya - lost 5 urmila - lost 6 sha nan,1
9440,pah bar sunn aaya vandna ji happi nelpoli day girl nan,2
24411,ignor peopl like everi 1 admi k kehni se ap gaddar nahi ho jaogi na apki,1
15238,om sabs pehal hinduo ko samjhao ke wo log appni ladkiyo ko samjhy ke kabhi kisi muslim se dosti na,0
1553,mohad ham log ko koe dukh nhi hay tumko hay pakistan ja 🤨🤨🤨🤨🤨🤨🤨🤨 nan,1
3442,pehl use write emo poetri ab kyu band kar diya — likh likh ke saar emot khatam hogay hain,1
13242,media wale agar congress se kadak sawal karl woh bjp ke dalal kehlat hai au,0
15694,islam ke bari main agar knowledg nae tu yeah gatar mouth band rakho nan,1
23401,kal tere majhab ka ek dr sri lanka mai arresat hua 4000 aurto ki bachhedani nikal dee islam ki khi,0
12461,ab nahi bolega ye pattalkaar,1
15385,zindagi jhand kr di hai club ne bhenchod lodu saal kisi din k nhi hai kola amn ozil guy play sund nan,0
27337,ind paranoid schizophrenia ko kejariw hua hain 🤣 nan,0
17103,dipu india ka na bangladesh na pakistan kuch bigad sakta nan,1
13205,atal ji na jaisa hmara desh ka gorav bdhaya onki hi raho pr h hmara pm modi ji .🙏,2
15215,gae stan account gae dont talk,0
28375,dear modi ji hum assam walo ko aaps bohot umid plz aap assam ke cachar district ko thora sudhariy har,2
18744,indianelections2019 mahagathbandhan onc said ak chowkidaar chale jayeng n't know chowkidaar stay fo,1
43374,smaj ni ata k noon leagu ka social media kesay kaam kr leta behn chod k bcho,0
14040,manirul anubrata arabul iss logo ko kisi bhi haal mein bjp pe jorna nehi chahiy warna bjp gaya kyun ki hum bj,0
10264,two chutiy ko kaun samjhay ki bjp elect peopl india churan pratiyogita nan,1
23527,nice salllu bhai love eid ♥️♥️♥️ blockbust movi nan,2
35409,bakchodi uski beti samundar naha ke namkeen ho gayi ho jais 😂😂😂 nan,1
12363,sir ghoomta hai maza ata hai rat sapni ni ati neend achi ati hai ik dum mast - ft kamlesh,1
33445,iasbaba wtf parso prelim hai bc nan,1
35472,oh god best catch histori world cricket oh bhain catch stoke engsa nan,2
28586,veri bad select matlab seri ka v end ho jayega dhoom4 se sad nan,0
3768,bc ye shahrukh khan ka angrezi version kyun ban raha hai tu nahi milni wo tujh dil-e-bekhabar meri,0
32122,actual zaheni bimar peopl wasey iss sy koi person pochey k iss comparison ka ko,1
41946,bjp ke वंशवाद nahi dikhti hai kya dala hai andar go hole use take object nan,0
5898,e e e e e e cuter loge nan,2
32764,bhai realli aapki jo written samaj ne ki teach h telegram p si maja aa jata h love,2
38556,stayawayfromhypocrisi pujya guru ji dhongion se dur rehn ki prerna dete hai jo logo ko jhuth,1
37537,give immens pleasur see hickey peopl 's neck saala kisi ko toh action mil raha hai life mei,1
7106,'m visual artist one recent work 'm new twitter show around 😊 pleas help,1
1025,org chalo g bc inhi c,1
15069,chai nzr tez kro aa jay da mzr nan,1
18865,ye mera desh hai jaha jaha ram mandir ki rat log roj lagat par unk adarsho ko koi nahi manta,2
22922,modi ji aps aur apk jeewan se bahut inspir hoo agar mujh koi bhi moka mila aps milna ch,1
22416,shut fuck bitch apni oqat mai fuck dirti pussi india mai jes ghar rhti usi se phudi maro ke ba,0
10626,sir atalji alway us aapko bahut bahut subhkamnaay prabhu aapko aur jyada shakti pradan,2
40655,kuchh gadwad hai warna mp mai itni seat nh hare hote scindia sri har hi nh sakt logo ke ghr kha na tk nh bna nan,1
31340,narend modi ji ko jeet ke hardik subhkamnay desh ne unk liy bahut kuch kiya ab unk bare hai kuch krne jo de,2
27635,modiji 's dynamit cabinet alreadi work first hour jai jawan jai kisan scheme launch educ fo,2
18747,hbdilyasqadri 26 ramdan ul mubarak happi birthday ameer-e-ah sunnat hazrat allama ilya attar qadiri founder nan,2
28532,sangeeta good feel get love peopl r donot despis nan,1
6101,modi ji ko pranaam aap jarrurr lijiy ashirwaad aur kashi bhi jaaiy lekin saath hi saatha hamaar,2
13575,kal ka review padh ke man nhi tha dekhna ka kyu ki arsal ko galiya pad rahi thi par lagta hai jiya ko oad rahi hai,1
20189,ye bjp ne naresh agarw ko ke bjp daftar ki safai ke liy rakha hai kya modiswearingin swearinginceremoni nan,1
31196,media debat agar argument hota bohot sahi hota koi problem nhi thi ek propaganda chalaya j,1
39910,bananaquit jai ram ji ki mata ji 🙏🙏 nan,1
12890,love parwah saini tum ho ullu ye batan ki jarurt kya thi ? 😂😁 nan,0
13767,lakiranj noktiju nije thing niti stvar 😋 nan,1
20411,ji poor desh k voter ne apko jeet dilai hai thank kashi ka hi kyon nan,1
9956,india ko khola kar diya hamaar chutiya neta log sirf salo ke pass gandi rajneeti karn ke alawa time,0
3599,desh ka muslim ko hamesha uska fundament right milla hai kya muslmaan jantantr ka hisha ni owai,2
35982,'m poor poor-ev happi kase god 😇 nan,0
19322,band baja ab bajn wala h mai 6month k baad unlogo ki talaash mai nuklunga jo ye bol rahe h,1
27984,dear god wg hen stand begin od everyday bless us aldub maichard vision see best thing nan,2
1747,bhai modi ji ko jeetna hi tha earli wait epic advrtsmnt seri mauka mauka,1
25600,main allah ka shukar hai aps zeada nahi kam b nahi studi kiya mera,2
14468,white parent go engag go tell friend invit brown parent jab tak shadi na hojy k,1
27504,great line trik fatah ji aap sachch insan h nan,2
41302,tmhari ghalti nhi h agar tmhari maa ny milawat ki hoti aur tmhara koi aik baap hota tou tm yeh bakwa,0
28869,usn big flop bola 😂😂 kalank n soti avg jayengi due kjos manipul nan,0
26343,waisey bhi congress ke ne debat gandagi failan se jyada achha koi kaam nahi kia aur aab aur,1
12805,waalakum us salam prayer khosh rahan nan,2
29854,pro-indian hazraat ka bughazzay pak fauj daikh lay khawaheshaat key lambe list may aik dafa bhi yeh nahi likha,0
15446,sah uvach ho apni poti ke sath sex krta wo mhanayk nhi smjhe aapko jo p,0
14822,mumtaz begam ka janta daba khoj liya hai uska naam hai jai shree ram jai shree ram jai shree ram jai sh,0
14968,rahul gandhi arvind kajerw ka kyo sukh gaya muh aur kaho chokidar chor hain dhekadiya na juan chor aur kaun ima,0
26311,mana ki nahi kaha lekin ye propaganda nikla bjp cell se hai iss bjp ki seva aap 24hrs karti ho nan,1
32735,kuchh socho usk baar kisi k bare kabhi na kabhi sochna padega hi aaj hi q nahi kaal k,2
12222,bughz e imran log kafir bnani ko bhi tyar hain allah hidayat dah tumhain nan,2
33547,parth niti beauti sweet jodi world 🌏 👌 best coupl parth niti 💞 humesa 💞 👫💞,2
41745,modi ji waapi aap chunautiyo se lado baakio se hum ladeng new india come feel reliev 😀 done nan,2
15088,epidur hurt 😂 & terrifi needl lmao okkk see 😂 nan,1
12693,modi aa ke bata dega ki ye fake video hai tab bhi besharam patrkar ye tweet delet nhi karega nan,0
20920,behen video last year ka hai officia ke khilaf karvai bhi ho chili hai nan,1
12139,1992 lost w ibut world cup 2007 lost w & coach die lost,1
13403,madam aj ke yuwa ne jab pakoda taln wali sarkar ko chuna hai tarah ki cheezen hongi hi,0
31039,ki sarkar jiski bunyaad pe tiki h wo aaj apn mukaam pe pahunch gayi laghusanka ki deri h fir,2
24252,lambaalka madam bais delhi ko kon sa tum logo ne pari bana diya tarf gandgi kudda hai tum jais ghatiya po,0
18753,give araki lot credit kuch detail work goe make charact hes,2
25323,special thank invit team talash ptv ramadantransmiss speak th,2
44746,everyon excit see btsatwembley readi armi ? ! ? ! ? ! ? 🌌 twt premiosmtvmiaw mtvbrkpopbt mtvbrfa nan,2
16892,happi,2
25955,miss ma'am countri need peopl like pray good health aapn ek maa bann,2
14715,ameer log hain vespa chalat hai mera abhi tak chetak ka bhi naseeb nahi hua nan,1
37386,abb sudhar jao abb ki sarkar aa gai hai ab kachra mat dalo aur na kachra karo hame apna kartavya na,2
32644,khuda dil jalon ki nazar se bachaay 😍 tum ko hamaari umar lag jaay 😊 tumhen aur kya dun main dil ke,1
35389,beauti look beauti want friend ship name raza bhatti leve,1
35732,ungezwa ngay uzi know lay part twirrer nan,2
17074,jis hisab se india team ke player ka aaj perform dekha hai definit sure ki india team pakistan se wo,1
17937,get well soon sir aap jaldi ghar ayeng ye kamna karta hu nan,2
25750,ye antiqu piec dkha hua lgta h bechara evm hi atka hua h bhutkrantikari nan,1
24023,life pine got floati nationalpineappleday 🍍,1
38775,whoaa aur saala apn yahan khda hone ki jgah nahi hoti,0
39170,modi ji jindabad sanskar se bhari bjp parti ko sat sat naman nan,2
34455,goooooooooooodddddddd niiiiiiiiiiighttttttttttttttttttttttt meri beauti missunivers pyaari pariiiprincess,2
21556,congratul arsenal footbal club absolut huge night club 's histori,2
15953,baap baap hota hai chahey chor q na ho aur kesi yaad na aey ye wohi baap hai jo apni chief mani nan,1
26212,namast sir ji azamgarh aap ka tahedil se jeet ka badhai aur swagat hai sir ji mai aap se,2
6146,aagar bjp ki 2 seat bhi kaam aati ye aadmi toh pradhanmantri ka pad bhi maag,1
34218,'s true brahmin kalyug - swami sivananda religion hindu dalit nan,1
34272,yasir shami aik mehnati larka meri nazar mein ki best video indian fauji wali nan,2
43347,well done sir commit jo aapn kar di like salman khud ki bhi nahi सुनते.. serious u r set,2
9260,bhut shi proud 🙏🙏🙏 nan,2
2467,total understand usual pretti done sona well know,1
44723,evm ka chamtkar aur fake propaganda jo desh ki janta bewakuff bani nan,0
1693,loyal guy allah apko kushiyaan naseeb farmai bhai jan duaon yad rkhna nan,2
19112,ism kaha pata lag raha ki ye modi / rss k log matlab koi hindu kisi musalman ko maar bjp rss,1
42509,pakistani nall itna dart hai hums ki apna chehra bhi nahi lagat profil pic,0
31363,achcha ndtv ya ravishkumar k show bjp wale kyun nahin jate nan,1
28186,tu ye soch rha tha ki hinduo ko gaali dekar tu hero ban gaya h tu congress mai hero ban sakta hoga pub,1
11345,jai jawan jai kisan ji make us 2 understand hat modisarkar2,2
24686,e coco aur pakistan team ka israar ke wo apn dabb ke sath hi jayen gain 🤣🤣,1
28479,bollywood jabrafan get readi world cup 9xjalwa bring new seri top bollywood star f,1
4045,bhagat normal chetan vs bjp ka chamcha chetan q sahi bole na nan,1
8170,yogendrayadav itn saal congress ko chunt rahe hum log samajhdar nahi hue bjp ko vote dete bew,2
17868,teko kya problem hai bhai hijab say yahi problem hi bjp ki bhakto ki hamar mazhab may neeji cheezo may tang ada,1
10156,shaheedo ka ya unk pariwar ka ktch bhi likht rhte ho shame nan,2
27802,fella plan dming eid mubarak everi girl know user websit n't put al,1
28645,gadkari jai hind jai bhart sir congratul next achiev gurugram delhi ke liy daili nh 8 pr,2
41813,deshdrohi kutt bhokn lage hai ye sab chor hai inki baato ka bharosa mat karna inh laato pairo se,0
14341,sabhi ko jai shri ram dusri baat hamar desh ke musalmano ko batao ki modi ji aye hai wo bhi allah ki h,1
40710,soul final sequenc came flashback happen real 😍😌 dhanyawad maat kuch toh accha kaam kiya aa nan,2
12086,cant sleep readi ive marri woman dream father amaz littl boy anoth w nan,1
22049,isb / awam hushyar hoja ogra nay petrol aur desel ki tamam masnoat ke qemat 10 rupi za kerni ki samrri hakomat ko arsaal kerdi nan,0
27273,care good morn good night hi kart raho logon ki complain par bhi dhyan de thoda good tabhi h,0
16854,less 2 week catch wonder show ! ! ! hoard star nan,2
44628,wah bai wah kia jawaz h apka salaam h apni corrupt chori ko defend khoob krte ho nan,1
43696,28-05-2019 sri harold klemp yes mahanta thank god 'm eckist -- reward morrison nangi,1
34288,ye insan ke naam pe samaj ke kuchh kachr hai ye muslim ya hindu nahi insanyat ki pitai hai ..😷 want justic ..🙏 nan,0
13707,dont like bc mean hua cheng kamina kamina canon - nan,0
36757,starr kia hua hansi bahi band hogi teri nan,1
35618,54 nation dress proud captain wear shalwar qame nan,1
10960,ek tumhi toh ho samajhdar bhai sahab ji han raaj han ko kisi nai nahi jitaya modi ji ko jeetaya hai sa,2
14029,congratul smrithi ji ; naamdhaar ko haraaya aap real hero u today 👍👍👍💪💪💪 nan,2
33406,call icon name look icon better lado sab ke sab mughlo angrejo,1
5407,arjun ram meghwal bjp thank pm & amit shah ji show trust thank behalf peopl bikan pm nan,2
9711,dhan dhan satguru tera hi aasra gud morn sohn dr ji bless apna v khyaal rakhna sohn g,2
37359,larki nahi bhodi 45 larki ... ¡ 45 ka mard apni ap ko larka nahi kahta,0
36272,kuch aisa kro sirji aapki entri dhamakedar ho desh k rastrawadi logo k dil aapk lie jyada pyar de,2
748,🌺 ekto aap log 😉 muskur bhut ho sharmat 😆 bhi bhut ho dil karta hi aaplogon ko eid pr bolaun ..…,2
17540,chup bhenchod ka bacha nan,0
27686,monti nice bro fantast mumbai 20 day haan bhai tu v khayal rakhna apna sab thee,2
42002,sharma4 's real andhbhakt rahul gandhi pappu ke fan pappu hi raheng tumh ye nahi samajh aata ki tum ki nan,2
27740,well done rubika ji logo ke liy aurat sirf bachch paida karn ki machin hi hai par aap jai,0
12045,adarniya ravi bhai sahab aap ko bjp ki jeet par bahut bahut subhkamnay ab vesno devi mai ke darsan kar nan,2
5455,bibi ye jo video dikha rahi ho ye kher se tumar chor papa aur chor uncl k kale kartooton ka result,0
15421,rofiqu mera jo 02-mar activ follow hai jaldi se follow karo yeh humar pyari sabka pupu hai bahht ach h nan,1
14160,pakistan ne 1992 worldcup ka phla match bi windi se hara tha,1
18933,appko subkamnay sirji logo ne apk upar bohat vishva se vote dekar apko desh ka pradan desh ka b,2
29442,jay shree ram jay shree ram jay jay jay shree ram sare bolo jay shree ram jor se bolo jay shree,1
7540,kisi bhi maa ko apna bachcha nakara nhi hota haa mulyankn smaj krta haa nan,1
28439,105 ka liter petrol ni milta aur yeh dkho pakistani team magar sharam tumko ati nahi 😠 ripshaheen cwc19 pakvwi nan,0
12495,raje arani varna hilan ke layak bhi nahi rehga 🤣 nan,0
44789,nirhua / dinesh lal yadov ko koi na koi mantri pad milna chahia band ne bahut mehanat ki thi azamgarh akhi,2
42214,modi ji biggest fan u lekin pichl 45 salo india itni berojgari kb nhi hui dear modi j,2
43643,wah wah muskarahat dekho mere bhai ki allah ap ko himmat istaqamat de aj ki transmiss keliy best luc,2
25970,soul mei happi stresshey anxieti assalamualaikum depress miss overthinkingidhr aao biryani khilaun tensi nan,0
39099,modi ji k dubara pm banan par meri aur hamar jangid samaj ki aur se hardik badhai aur subh kamana aaj hamara sapn,2
20678,sabhi sathiyon aur deshwasiyon ko imandar choukidar narendra modi ji ko phir se pm banan ke liy dher sari badhai aur nan,2
489,scene sahil propos vedika dialogu magic inde coz n't heard,2
42424,public speaker goodmorn everyon crowd goodmorn ps oh come better goodmorningg ! … nan,1
21014,jroori nahi ki iskq kark dukh hi mile even love lovli feel nan,2
38922,happi birthday brother 🎂🍰💐💐 stay bless stay strong 😍 wish u mani ahead 😊…,2
20035,whenev see highlight 90s match alway see either manju boy,1
32268,sahi hoga sayad tabhi sirf appki channel pe ye dikh raha hai warna kuch bikav media,1
21115,koi media confirm nahi kar raha par khabar gardesh kar raha kash etni jaldi na marey esi tarah onko,1
31314,2 vik ko koi farak nahi padhega 😈 nan,0
19708,kutt ko turnt parti se bahr nikalo suwaro ki koi jgh nhi honi chay parti wrna mera profi,0
14614,benchod bhosrik agar tujh democraci par biswa nahi desh chor de madarchod terrorist bharwa nan,0
12013,aapn camera lotan se pehl ek baar bhi nhi socha na babe ki hanumansingh ji ko kitna hurt hoga bs vapi dene,1
6755,languag word sweet bhai jaan urdu ❤️ nan,2
44433,rami like itun better pandora tri nan,2
15913,chor ka nazriya chori hai bs lanat ese nazriy par pakstandwithpalestin pakvwi pakistan # جمعة_الوداع,0
16588,rss 4 bach person law nahi quran chapter women eng ' sura hin nisa hin hin ye hin hin ki hin hin teen hin chaar hin eng …,1
14448,donnut aww sweet uwu bring sth anyway kdkxdk nan,2
10861,har shak faraib nahi dyta likn ab aitbar zaib nahi deta ❤️ nan,1
44382,van hart gefeliciteerd met jouw dag en met je muziekkeuz phil collin gewoon heel go dus daar makkelijk mee te dealen nan,0
18321,khan7 happi new year ho sorri 🤪🤪 good morn shit 🤭🤭 happi birthday uff 😔😔 want 2 say best wish ur wedd nan,1
27181,skg logo ne congi ke saath 2019 nyay kar diya hai phir bhi baaj nahi aa rahe hai raga nan,1
12240,saal sitiyaaabaazi ki kiy tinder hai twitter nahi,1
27856,fuck world tom wood peter schiff austin petersen stefan molyneux alex jone han hermann hopp nan,0
20253,debat without congress three call expert one bjp nikal gayi hawa fussssh ..😂😂😂,0
27364,famili background ka keh ni sqtai caus kaee ldkiyan fake naam sai id banati h n pic upload krti bina ghr walu ki ijazat k 😕😕 nan,1
28100,good ach bipakh bane janta ko bekuf na samjh mudda desh hit ho janta sat,1
11297,bjp ko elect mein fayada hua perntu bahut saar kaaryakarta ka nuksaan hua sadsya mare gay aur abhi bhee,1
23880,aap agar padh leti thodi theek se na ki isliy ki isko troll karna hai toh samajh,1
26751,bahati ha ha ha haaaaa nan,1
23171,bheer gumn walon ko talash nahi kiya kart unh bas jane dete hn ku k jo bheer hath chor,1
14257,ohhhh myyi goddd 😰💜💜💜 hope 's true ca n't wait see interact 😍😍😍 ohhh myyi 💕 bighit,2
27748,kisani krna mere desh sabs alag kaam hai koi bhrosa nahi hai iska ki kitna labh hoga,2
25524,farina yesterday host great seminar cum aftaar faith highlight spiritu peac coexist pa nan,2
21369,congratul achiev great victori hamari puri team ki taraf se aapko dher saari subhkamnay nan,2
16068,peh teri nana ne contri ko torra tha pakistan se gaddari ki ye b mara gea wo b mara gea teri mata b bohat sind ca,0
41569,sabka saath sabka vika sabka viswa,1
22815,23 tak ruk jate result aa jane dete sabko pta agr vipak hara wo evm evm jarur bhoukega nan,0
10285,tum salo chamcho kabhi nhi sudhrog tum pappu mutra ka sevan kart rho bs nan,0
16903,sweet 🌸🌸 thank mohsin 😊🙏 aap bhi hmesha khush rahiy may god bless,2
14364,bhai ne phir jiyra chakna choor kar diya thank u big boss & great even start zero love nan,1
33874,nation pm baad pehl hum log hi ab ye hindu muslim band kar,2
27272,good morn mujh khushi hai zomato partner bankar deliveri dene ke baad aum public key khushi dekhn ko milti hai,2
10108,k b c tim jais kamino ko saza kab hogi gandi sahafat krke bhoonkt kutt nan,0
12596,surya need know chillar ( charan aathan ) like nan,1
22299,biostatist le dimag hang banyo hate math 🤯🤯 nan,0
29827,ye jahalat nahi aur kiya hy masoom bachon ko bhi adi horahi hy hiv vaba ki shakl akhtiar kar chu,1
3712,phir bhi pata nhi kiss trah qarza charr gaya hai,1
38917,confid nahi ch * ti * ya * keht hai isey ... 😂 cwc19 pakvseng pakvwi nan,1
30669,kisi ko apni tarhna mat samjho khali nam k muslim tarak fatah itni chaplosi mat kero india ki,0
18282,news live apno ne bhi na socha k ujri ga t0 kidar jay ga aashyana jin ka na ho wo parinday aksar mar hi jatey hein # عشق_شاعری… nan,2
1400,patrag sab pahel tere gahr kanon lago kr kiyo ke teri faim pr tera kabo nahi,1
4635,isko mar mar k mar mar k sari haram k dollar bhir nikalo se nan,0
21906,bacchi hey see account ek dum celebr wala lag raha hai ✌️😂😂😂 nan,1
29317,ind lagta hai rahul ne uski payment band ki hai kyuki usn apn logo ko pyaar b,1
41245,kam oh thank star ✨ tweet speak know appreci tweet 🙈 nan,2
22019,ayyyi happi pride month lgbtq + honey valid love deserv world ❤️🧡💛💚💙💜 nan,2
16320,true right 2g gs even nh case ram setu ram mandir taken alon n nan,1
6573,haytham sena kr,1
29642,weneedrahulgandhi entertain mein aisi mahilayen hai jo har saptah 1 bachcha paida kar sakti h,0
45106,sahi baat hai hindo ne shaid karkr ka apman krne wale ko ektarfa vote diya jo terror excus hai nan,1
36560,jali ko rana ayyub kehtey hain aur bujhi ko thank support 2024,2
44005,modi fan bt idk preach love tweet modi die matlab khud ke di,1
8987,jab hum kisi ki khushi kharab kartay hain appnay kisi zoom main rehtay howay wo banda nikal hi ata hai situat,1
27319,bawa haha galti demebel ki thi maar deta vo last minut goal shayad liverpool hota bhi nahi nan,1
25546,tune jo tweet ka screenshot lene ko kha tha uska kya karu jism bjp vale haar rhe dusra koi hot,1
13945,rathe jai hind jai shri ram 🙏 sun jai shri ram bhale hi mat bol lekin bharat mata ki ja,2
19468,patrag bjp parti aur member sirf hindu - muslim ke siway kuch nahi karsakta 2014 manif,1
18409,ya allah grant us good dunya hereaft forgiv us sin 🙏🙏🙏 amin nan,2
38431,alcohol know 👀😂😂😂 yeah refer kamlesh 😂 nan,1
40798,predction pakistan loos worldcup wo bhi kuttey ki tarhan india,0
15354,sir hardik subhkamnay aapko aapki sudh soch desh ke logo ka dil jeet liya har baar modi sarkar jha,2
13669,dfm team pakistan ye umid nahi thi 105-10 106 ka target pakvwi nan,1
29717,today 's episod mind blow 👌 amaalmallik sir 🙏💖 aur meri nazar aap per se hat hi nahi rahi thi jacket suit nan,2
5480,gif veri good saccha desh bhakt proud need food air nan,2
11293,bsdk usk kapdo pe mt jaa jitna pakistan ka budget h utn ke gandhi ki bakri badam khaa jati thi nan,0
31043,rssbldc2018type aj ka yuva pagal nh h shab ki jate jate nokriya nikalog vote mil nan,1
24463,style warrior tu rehn de chaman tujhs na ho payega 😂😂 tu jaak vima,0
26296,bts love muslim im happi,2
24667,respect ji aapko aapki puri cabinet ko 2019 ki govt banan ki hardik badhai,2
38950,give free place oper offici weatherman day behalf haha ( & …,1
32350,main bhi chowkidar hu aur desh ki kaman chowkidar ko hi di hain janta hain,2
17625,hooooo issokee hyungi better late never right thaaaank looot wish may wish also happen,2
23746,aapki har jeet mein meri jeet hai appki har haar mein meri haar hai aapki haar mein meri jeet nahi sabs badi haa,2
619,bhai yeah glass wali admi kon hai jo appki har pic main hota hai ... ? nan,1
22615,article15 proud u u r real hero india aes hi movi humr desh ko ch,2
21722,jai hind bharat mata ki jai congratul sheer narendra damodar das modi ji im happi 5 year,2
28320,jumaani wish happi birthday ma'am ek gaana dedic tum jeeyo hazaro saal nan,2
9572,hello sir ji 🙏🙏🙏🙏🙏 sir ji mere dada aapk bahut bade fan mera pura famili deol parivaar ka fan hai,2
9106,wrath hi ooooo love lot thank,1
2516,khud sharda chitfund ki ghotal ki pramukh waiti hain duaro ko daket bolti hain khud c,0
17407,sherbet day kacch aam ka sherbet ( raw mango sherbet ) pulpi fill sweet & sour tast juic help fight nan,2
8781,ikaw proud ka ba like kamina 🥺 nan,0
36151,thank pr shyd nhi b kz 'm stage jahan apk father n apk bhai b jus naam k hon 🌚🌚 phr smjh lo mri condit nan,1
26683,omgggg legit areeee ilysmmmmmm 💜💜💜💜💜 thank come,0
19809,lo surjewala tum bhi tumhar neta ki tarah jhooth bolt ho ab samay yeh hai main 28 may ok cylind book kiya,2
15757,tu bhosdi ke namard ro modi tabhi uski biwi ch,0
6665,thik hai bolt rho bjp k kami ko ginat rho bjp kamo ko krk tumko chunao se pehl boln ka,1
37799,need lose 10 lbs make $ 1000 two week wish good luck lol come get hurrr done nan,1
25048,aap seedha apn bio congressi kyo ni likh dete sharm aati h kya khud ko congress parti ka batan 😂😂 nan,0
13466,ditch food world aloo wale yellow chawal boondi ka raita love love love 💕 nan,2
23490,dhongi baba kahan gayab hi gay tambu ukhart ukhart kahin wahi tambu apn,0
37683,dimag se khali hai ye log ticket nahi loge toh polic pakdegi hi na usm se saman bechog aur phi,1
15410,# لیلۃ_القد insaan ki koshish sirf halaal haram ko janna hone chahiy kio rizq dene ka berra khud allah ne uth,1
26516,dong waka tutor close ang school ako pag umangkon nga 5yr old realli best day ever * nisayaw *,2
13028,siddiqui pagal ho gay ho kya bc bc tere ghar gali nahi samjhi jati ho mha,0
21593,krishna uska toh ceremoni iss janam nahi aayega koi faida nahi hai aabhi se jogiji ke p,1
2221,tyagi happi birthday aditi tyagi ji bhagvan se prathna karta hu ke apka khudka channel khul jay aur pura di,1
35466,dear modi ji modi ji humar bokaro citi bijili ki kafi samshaya hai aaj mai aap sai bahut angri hu q,0
41939,salman bhai 1 super hit bharat box offic ek haft baad hous full theater eid mubarak nan,2
42736,koh bhaiya overconfid mai mat ratna warna issi tarah pele jayog ..😠😠 nan,0
24432,troll bahut kam ho gaye hai good sake person develop nan,1
15051,jit ho gyi isk sath jo kuch difficulti face krni pad rhi hein unk baar men bhi btaiy formal hi kar dijiy nan,1
24838,yuva ki awaaz gareebon ka hamdard mahilaon ka rakshak janta se pyaar ki misaal kissan ka maseeha commanderour boss @ … nan,1
27875,manak g aisa nahi hai sabs zyada nafrat bjp spread ki hai countri mein miss use media int,1
33355,saab loksabha chunaav ki jeet ki bahut bahut badhai request pleas instruct expedit nan,2
13800,sk gamer sab maa ki chut hi hoti h chaman chutiy lagta h tu gand ki paida war h 💯😂😂 kyu ki teri maa ki c,0
43789,veri cute car may suggest fill back shiba extra cute nan,1
11679,wish happi birthday love ! ❤️🌹,1
26583,3 wil wer lllucki bless reh 😞 may god bless uh uh r great wrk 💜 nan,2
12285,3 ) favorit oc one person made base meet ashio burai 3,1
15848,allah sin mani merci limitless plz forgiv us greatest forgiv love forgiv pl nan,2
29704,10k tweet done lagey raho solo motion mai 😂 bookbharatticketsnow nan,1
28352,lo aagaya humara modi ab khush indian good humar yaha padosiyo ki khushi also matter,2
16353,offl wish rock box offic bro ngk nan,2
2285,bahot bahot badhai nation pm-2 term sir jee nan,1
16518,bana angrej ki aulad hai saala nan,0
18224,bear bhai tu kitana bhi jor laga le teri nahi chalan waliter se jyada bade kand isk aag dam tod chuke,1
20555,arushi nahi nahi genuin awe kais socha ye sab nan,1
13153,loung tonight friday night live jahsung rock best hiphop trap afrobeat dancehal soca ladi free ti nan,2
26515,congressi haar ko nahi pacha paya usn hamesha hinsha nafrat aur dar dekhakar hindustani janta ko bebkuf banaya,0
14297,325 ka bunti modi ji hi mumkin hi ji modi ji ka sab ka sath sab k,2
42142,jal jal k khak hojana bandi ne bechari ko geo se laat pari hai tab se koi channel rakhta ni isko nan,2
7145,feel connect shayari love poetri urdu urdupoetri shayarilov hindi shayar quot,1
18184,raat waqt ki pa'band hai dhall jay gi * dekhna yeh hai charaghon ka safar kitna hai ! ! ! …,2
44098,good share check item 'm love poshmark fashion style shopmycloset,2
24347,would want beauti kitti ; - ) nan,2
43062,ramadan mubarak wish peopl afghanistan happi peac holi month call parti nan,2
10889,assalam alaykum sis truli wish friend like real life seem love allahumma baarik ho ……,1
30870,dear ruksar ji muslim plz bjp jaisa mat bano hindu muslim soch rakhn wali,1
26880,pakistan yeh hai tum bhakton ki auqat hindutva ne tum hindu ko namard,0
13872,proud u bb ! ! ! ! 💕💕💕 thank lone af okkk nan,2
14726,hume aasha ki aap kishano ki samsyaon ko samaj kr behatar se behatar parinaam nikal kr dog,2
24807,congress ko bjp ne nahi aap jais chamcho ne haraya jo satya nahi dekht bas hazuri kart hai aap ko parti nik,1
20365,normal alway late buray logon pe ye hath nahi daltay der kar detay hein crushptm,1
37281,ye hinduism nhi hai ye galat fake log hai kisi ke mazhab ya dharm ka mazak nhi,0
45068,waseem badami ( tere dil ka meri dil se rishta purana hy ),1
13518,much need bharat mata ki jai hindustan jindawad wand matarm nan,2
15159,sir aapki securti mai dhayan rakh aap normal public mai securti mai jai nan,2
6438,dula bana photograph 😅 koi hamar iss handsom dule ka bhi photo kicho ishqsubhanallah,2
25329,ajinkya rahan better option no4 place kl rahul askstar nan,1
25012,tumari parti ke netao ki roj mar pit hoti pahl unko smbhalo tum ek gddar ho jo smaj ko batn ka kam krte ho,0
43663,inidnan say delhi hear tu janta nahi mera baap kaun hai nan,2
13212,wallpa 💙 babyboy 💙 fondo en color azul de aristemo fondo wallpap blue joaqu í nbondoni aristemo tu pat nan,1
15142,proud call first show actor ❤️🙏🏻 lautn ki tamanna hai meri aur waapsi ka bhi yakeen hai mazhab ha nan,2
14683,yogi sir plz aap se request hai k aap pm narendar modi k movi ko tax free kar dijiya nan,2
13745,favorit vieo harem shak funi man danc happi ) nan,2
5025,hearti congratul jee ranker proud telugu topper wish best futur nan,2
1008,jansankhya aur atikraman desh ka sabs bada samasya hai beat plastic pollut jai hind nan,1
9564,bharat ke rail depart ki halat bahut hi jyada kharab hai isk liy,1
15467,insan sai ji good morn 🌹🌹 seva simran da bal bkshna satguru ji 🙏 🙏 watersavingtipsbystramrahim nan,1
36955,ye apn suna hi hoga ki maa-baap k karmo ka fal bacho ko bhugtna padta h aap logo k,0
19284,gadkari fadnavi make sapno ka sahar dream come true great leader,2
21005,nte tera byah almost fix ho gaya hai dur reh ab chhokra log se 😤 nan,1
38146,mere respect sir elder bhaijaaan love u much sir pray fod,2
24040,us match pe live bhonkni k liy ko kutta rakha jae sorri mean comment nan,0
44154,kya dimag hai wagl ji ka wah 100 % peopl vote congress past,1
29569,anyssa happi birthday boo crazi think met like 9 year old today turn 18 happi birthday,2
26603,india proud brave men women martyr line duti paid tribut brave soldier th nan,2
16888,ki jan-01 sister ye secur imran na nahi mangi usay di gayi hai although mahatir bigger leader nan,1
29521,hi sad pls talk unless go buy coffe tell pretti bc half second away nan,0
20252,mc tumara job hai negat felana bc kute jais haal tum logoka na ghar ka na ghat ka nan,0
15622,phir v godi media ki ankh nahi khulegi 🤔🤔🤔 nan,1
22891,yadav2005 bjp ke log dongh aur gundagardi janat hain media unak sath hain bas public ko wahi dikhat jo,0
27255,alhumduillah heartili congratul sadar-e-majli aali janaab barrist sahab win hydera,2
16213,phr k bad bhi ye corrupt haramkhor drame bazi krte hain media par akar pora pakistan khaa gay ye khandaan zarda,0
29948,ujaad jaana tha jo anjuman ais toh itn salik se sjaaya kyun tha nan,1
21646,good effort nice color ais hi ach kaam mn lgana chahi nan,1
22871,bharat ki aan baan v shaan hamar pm modiji ke netritva meh desh swarnim yug ki agrasar,1
14914,tum haro ya jeeto alway 😢,2
18555,gupta ji elect khatam ho gay hain pakistan ko jeen un becharon ke l unhi ke lo,2
39283,tum log bhut bade chutiya ho jo sala dusro k tukdo par jite ho kabhi,0
26195,wallaekum assalam n good morn nan,2
41453,oh bless sweet child 🙏🏻 sorri loss ( futur saniti ) nan,2
17628,lanat teri shakal pay kothay ki paidawar sala zaidi nan,0
18741,ab shri lanka ki bhi band bajao su su swami nan,0
6634,tit rani tit rani tum ho sundar badi sayaani thank u north indian becom friend poem nan,2
44321,flat track se problem hai iss pitch se bhi problem hai toh bol dono apn team ko wc hi na khele 😕 cwc19 nan,0
25626,pia 54 keep tradit asid chang fuck mind set better experi break leg nan,0
805,aapko bahut bahut badhai ho amitshah ji asha kart hain ki aap bhi modi ji ki tarah hi hama,1
22035,swadeshi 🙏 sikh punjab respect great son mother india hutatma sardar beant singh ji hutatma sardar satwant singh ji nan,1
13445,pakistan high commission india nahi hai kya wo iftar nahi rakheg kya aur ye protocol hai un,1
27828,tum bar bar har rahe ho yahi mansikta ki wajah se par congress sudharn ka name hi nahi le raha hai,0
28538,man n't ppl shame begherat afghani bc visa aur job k liy inhi p,0
2840,modi ji say mera anurodh hai ki manniy jai bhan singh ji pawaiya ko rastriy adyakch ka pad diya jay,2
44694,insan ko bedar hone qayamat door log cheekh k pykarengay k ab dunya ko phir ali k adalat ki zuroorat hai nan,1
13385,bahut jaldi ankh khuli aap logo ki na tv pe jakar debut hindu muslim polar ka,1
36302,talk friend vote modi bjp even n't know nam,1
21880,ka product fake hota duplic hota hai sandisk ke naam pe local market wala pro nan,0
28962,dat guy ek articl aya tha jism likha tha mission mangal mega budget film hai lmao nan,0
19763,wo bhi leay ke nawaz nay paisa nahi dia ab jald ban jaegi inshaallah nan,2
10402,tu pahl burnol laga le,1
29326,evm ke harwar set kark chunaaw jeetaa gya hai elect commiss pese khaakar bjp ko jitaya hai hardwar,1
20120,haan good night ❤❤ annnd call tum aap kahn ki zarurat nhi ☺ nan,1
32092,bhej bc dvd tere pass vcr vcd saab pada hua hai jcb relat 😂 4daystobharat nan,0
27775,ja laat het mikken dus maar aan nan,1
19631,abe kuch sharm karo tumhr jais baklol ke hisab se secur naam ki kou chiz hi nahi hai,0
6177,2019 k chunab se clear ho gaya h ki adhikari karm chariyon ka - bjp ko bot karna unk nakarapan ka pratek h - bjp k,1
44536,wow got see miss see bitter ex shitti life get ruin,1
14129,maaaaiiiiiindblow ufff shreya ji aapki awaz best l,2
17762,funni uncl say ‘ doubl 7 yeah laugh guy despair 😂😂,0
11095,part1-vot ke din kitn hain chan bhar bhi nahi jo jina parega wohi jindagi age badht hue peech chaln lagi,2
15635,let 's get readi tough decis ! ! ! india 's new home minist ! ! ! ! kis kis ko chahiy aazadi ? ? ? ? nan,1
33360,aur bohat acha hua k khan agaya warna pakistan ko haramion ne bech k london aur dubai nikal jana tha nan,0
17028,happi birthday day bahiya 😍 iqrar hbd iqrarulhassan yousaf,2
7098,ji aap kirtan kijiy shri ram jay ram jay jay ram 108 baar mann ko bahut shaanti milegi,1
23911,friend realli look forward movi,1
20852,tashadud ke sat malvi ka neeyat bi kharab horah tah bachey per nan,0
9624,bahut bhut subhkamnay badhai bhai hanumang beniw ko,1
45060,sweet shanki thoda araam mila chat us ask fo,2
20353,namsat ji nirmala ji aapko bahut thank vit mantri ke liy jai hind bhart mata ki jai madam 1crore,2
19197,nahi chutiy tere jais chutiy kais kais haalat ka maza lete hai aisa darshata hai tera tweet,0
16500,aap sab puran movi kalaakaron ko sarkar ka taraf se great servic award milna chahey g nan,1
7614,dash wrong level yazi even ancestor wld punish u let alon god wld never mean,0
16247,congratul best captain stephen mcginn get marri fianc é e ashley today th nan,2
16998,btcb ramadan mubarak friend wish famili bless holi month jazak allah khair nan,2
26366,param aaderniya shri modi ji 1997 mein purv pardhan-mantri swargiya sh atal bihari bajpai ji ne san,2
7883,love yoongi hoseok wow papi 🤪,2
44740,nakakatuwa lumaki ang fan base ko panay bata still love polit jingl happi see paran nan,2
37634,kha lo warna melt ho jaygi nan,1
35557,💖 good morn sweet sweet papa ji 💖 🌲 plz bless & famili sewa sumiran parmarth ka bal nan,1
23005,wo allah faisla kryga tm log even phr v ni keh sktay kisi ko b k ye dozkhi hai hai muslim hai e,0
37715,iamkingofworld pakistan wale sale kabhi bhi nahi jeeta payeng sale 😂😁😁😁 nan,0
19175,raga mat dekh pm ka sapna tera itna aukat nhi namo dekhna hai sapn hi dekh hakeekat tera v aukat nhi 🥳…,0
4877,jai itali ne bs jebloti aur kuch nahi kiya agar opposit itni nikammi aur hindu virodhi na h,1
30995,sharma garrywalia bhai kuch realiti bhi lagna zaruri hai aur e,1
18797,thank barkha kind word,1
28705,vidhyak bjp ka hain isiliy jyada halla machega aur viral bhi hoga narendra modi ab sabka charitra toh sudhar nah,0
16963,mp congress pleas priyanka mam ji ki batoo pr visvash kray ant may vijay satay ki hi hogi sub ki mehant rung laygi nan,2
38927,90s hindi boln wala har north indian panipuri bechn wala nahi hota jais har south indian po po bajak id bechn wala nan,0
26551,aaj desh tarakki ki aur badh raha h proud h hme new india p jai bharat nan,2
16301,ye sab dekhna sunna baqi tha wo b ramadan mein 😡😡😡😡 kahan se ati hein ye log,1
16865,neel firangi v ..😀 cant forget tht hall nan,1
9035,ak hi naara ak hi naam mamta didi jindabaad bengal ke bikash garibo ke baar sochn wali ak hi bengal kanya,1
20056,uniqu lover happi birthday sister ji saint dr msg insan ji bless max sewa simran parmarth lifestyleti nan,2
6302,nsharif begaritoo tweet kese kr dyte ho chor chor bus chor chor apn bacho sy kese nazrein milat h,0
38593,hahah kafi jaldi sudher jaon ga sari life ki zarorat nhi paray gi 😂 also good grace allah 😊 nan,1
20640,kb tak gandi rajniti khelog aap walo hindu muslim kuch nahi hai sb indian h yha nan,2
36179,🤗 peak innoc believ sometim miss childhood bad nasha corruptio,1
11274,happi birthday shahe e insaniyat 🎂🎉💓 miss alway bravo shaheedsalmantas nan,2
36216,came back jj store nj-wow-pakistan ka maza aagaya - nan,2
13462,insan kab mehmaan ban k jaan se inkaar karta hai apn mehmano ka qadr karo bjp ka mouthpiec b,1
6423,naa hum bhult khuda ko naa unhko jo hume allah gift mile unko bhuln wali galiya hum chor aay pich,1
17659,lol tri remain posit howa hana gong circl honest disast,1
26165,issay kahytay hai bjp nay congress key bolte band karwaa dee ... 😂😂 nan,1
32965,saap ke katn ka ilaj hai galatfehmi ka nhi pehl dusri team se jeet lo fir india ki bath k,2
2989,weekend tho tab tha jab 5 din school gond ghisn ke baad milta tha noth reach satisfact nan,2
36091,hopkinton abbi jay win individu crown south golf qualifi,1
18746,yeh fursat ke 4 lamh 😋😂💝 jaipur visit citi lifetim & love 💞 — jaipur,2
36535,lagta congressi na samj log ab tak har sadmes bahar nahi nikl hi agl har ki tayri jut gay zhuth log nan,0
9306,ha bhos r ke mathura tumhar jija lagt na topi wale tabhi pet dard nahi hua jamanat,0
37897,bas karo ye bakwa hum hindu dashko se musalmano ko rakh hai equal right dekar wo bhi ink,1
13354,bilkul sehmat hain rss aur bjp ke stand se nan,1
10618,beta aaya modi hebut main ek video dekha kuch dino pehl tum kapil sharma ko bol rehe kya,1
26631,hr insan cheezo ko us trha sy dekhta h jesa wo andar sy hota h negtiv mind alway think negtiv nan,0
26287,miss ab best wish south africa inshallha win,2
44938,😂😂 beauti 😃 smile ab mein b brace laga unga dp amaaaaaaaz 👌👌👌 mast bilkul mast nan,2
1637,abu kute ki tarah bhonkta jb k ye farishta k cousin ka wo attitud jo tere jese,0
23503,world cup ni chahiy bus india ko harana maqsad hai sha allah 🥰,0
13938,contest code 👉 2q6cay join karo playerzpot 😍 aur jeeto free paytm cash meri taraf se 😋 lucki rank - 7th 11th,1
28464,drugfreeindia free book name gaan ganga jeen ki rah sant rampal ji maharaj,1
44391,icc ki pakistan team ko offer 5 tola lo ghr jao 😟 # تیرا_تصور nan,0
44600,kyu faltu ke mudd pade ho hindu muslim best trp nan,1
3803,look mention kitni ghatiya mental hai agar use monk bann koy problem nahi hai hum kon hai,1
17085,angel mum make fav pilau chicken salan raita salad allow us open iftar ea,2
5264,good luck today guy watch gamechang bring home region decaturproud nan,1
5069,steven gerrard best player prem histori nan,1
27520,modi ji renter new delhi pay 11000rs per month + 1500 societi mainten mere landlord k pass bhut,1
26916,bhaiya apko meri aur satyendra bhaiya ki taraf se janm din ki hardik subhkamnay wish veri veri mani happi,2
9063,duh dhanush tod diya 3 rupay ka nuksaan kar diya jaao main nahi karta naatak vaatak,0
44187,intna bharosa nhi hai desh ki janta par khud hi ja ke ye kam kar lo sabs pahl aap ko santushti ho j,0
43795,bolo bahkton jai sri ram bharat mata ki jai,2
37110,tanveer3 excel open megastar salman khan - 1- mpk 2- baaghi 3- sbw 4- veergati 5-judwaa 6-pktdk 7- hssh 8- hdjpkg 9-c nan,2
40949,right app k sath life mein kbi zulam hua hai sab aik jase ni hte lkn gandi andi hr jga pay jte hai dono k shakl mein nan,0
9479,ever touch feet hon 'm kind hon 1st ladi usa right happi ramjaan month good night ! ! ! ! ! nan,2
10733,hope see fav person first day eid,1
27349,dollar ki tarah naam chlta hai bohut log bkvas krte hai dhyaan nhi dete aajtak bst world nan,0
19680,big surpris come guy bollywoodcrazi channel tonight ... ? kya surpris ho sakta hai aap guess nan,1
27767,win troll appreci ca n't come near leav alon equal,1
24378,54 ohhh bhai ye pakistan team aap k baap ke malqeyaat nehi hai jesi dil karya khalo ha,0
19266,maahi song kesari current favourit music melodi arijitsingh becom favouri,2
13574,54 na na na sarfaraz ko hase gaee ke ye goray tu 250 saal pehl hi ameer hoa,1
29177,jatna muleyo ne islam ko nuqsan ponchya aur kese ne nahi muleyo ki jahalat se hr saal lako,0
20159,yeh wohi chootiya nhi jo galt news detta maffi aur adalat ke agg rota tha chootiya lair doc nan,0
41484,queen know india diamond better kohinoor 's kohlinoor,2
29772,beb ik ure stress shit u got aight love ❤️,2
33671,even desir koshish kark dekhl peopl even know,0
28909,tere maulwi abbu ispr ne bola tha chutiy sun fir se ki paf ne sitf lock kiya aur bhag gay,0
17671,gayl bhai best thoka thaaki nan,2
24759,inc ye evm media dalal ka chasma nahi isliy c,1
15322,💗🎋धन धन सतगुरू तेरा ही आसर🎋💗 good morn sohn rabb jii 🙇‍♂🙇‍♂ ✨🦋रहमत बनाए रखना अपने बच्चों पर🦋✨…,2
26031,baap baap hota hai chahey chor q na ho aur kesi yaad na aey ye wohi baap hai jo apni chief,1
16455,congrat liverpool 😍 brother sleep well buy ice cream 😂 nan,2
20581,youth bharat alway didi nan,2
23247,randi khulli ghumna hai ghoom le duniya ki dushman mat ban jo kaam hai yo dhamm dhamm jo hori hai yo fodd degi,0
36343,congress parti ko kya yah ghoshna nahi kar deni chahiy ki agl kisi bhi,2
1919,aiiiii mera chhotu bacha 💙💙 love ador much mini 💙 seem distant week back,2
32093,ha 8 9 perfect rehta hai nan,2
31681,princez pk ko koi btay mrd kbi roti nhi brave man nan,1
37909,ye bjp ka dalal h bhai ye unhi ki bhasha bolta h bikau h sara midea jisn sirf panch saal kuch nhi modi ko p,1
34406,mcc kiyun bhai damoradar modi ji aerial survey ker rahe hain nan,1
21083,sir bikebot taxi k cmd sanjay bhati ko arrest kyon nhi karavrh ho 10000crore ka scam kiya h,0
27087,plturam iss bar chalaki kr gya pltu ko pta haisirf portfolio ka jhunjhuna bjane ka koi phayda nahi,1
39019,sir wakai baar appki mehnat bekar nahin jayegi aakhir modiji ko laan mein aap logon ne bhi bahut,1
13858,aapko sharm nahi aati congress ko iss haal main aap jais leader nahi pahuchaya hainagar zara si sha,0
5005,whi women equal samanta ke adhikar ke tahat ye suvidha sabko milni chahiy nahi kisi ki nahi nan,1
13119,band kr drama dream 11 50 % use nhi kr payeng toh khelunga kya bc 25 % tax kabhi kate ho 😠 31 % tax gst sgst,0
3603,shaadi kab karni hai bharatthiseid -,1
23517,seen kidnap film think almost good watch apharan ( 🔈 up-haa-run ) ( mea,1
38967,think told mar gay cnic nadra ko dedya ab kuch nahi hosakta understood later 😂 nan,1
17581,gang hide n sick kheln wali koi mili hi nhi kabhi kabhar isk naam pr bas sick hi milti hai 😭😭 chatarpatarwithgautam nan,1
11569,vipaksh evm ke bajay apn sansado pr diyan deti aaj ye nobat na hoti tb vipaksh ke sansado ne,1
5535,100 % e f ... ? ho bhai good job lagay raho,1
10427,jai shree ram 2 se dubara aan ke liy bjp p modi ji amit sah ji ke seth pure desh washiyo ko dil se bahut bahut,2
18117,ontrarian sena khair mubarak nan,2
2615,jita hitlet v tha bhai burnol tume chahiy kaam ginat nahi kabhi bjp k cow ka gobar b,0
39172,excit welcom back well 100 alumni weekend annual alumni reunion alumni alreadi,2
17066,h make feel better think look beauti dp allahumma baarik,2
29147,muslim area delhi okhla / jamia muslim friend want buy properti ani info h nan,1
17663,ye aadmi apna achcha dost ban sakta,2
17040,good morn dear friend aaj ka din bahut mahan din hai aaj hamar sabs lokpria bare bhayi sahab wa mahan fre,2
14542,dwara mantri mandal mein shamil hone par hamari aur se bahut bahut badhai shubhk,2
14349,dramebaaz best thing n't care 😂😂 nan,2
19510,reason # 100045 lost think mps job get traffic ticket get tatkal ticket nan,1
24742,effici anchor program continu deterior ab dekhn ki himmat hi nahi,0
28425,jaleel congratul bhaijan mubarak ho ap din dugni rat chauguni tarki kare nan,2
35427,- sir aaps nivadan hai ki hamar phulwaria shivpur block varanasi mai pani ki bahut samasaya ho ga,1
29485,malik sahib iss jaisya behenchod ky ghar mea iss ki maa aour behen mea,0
14587,deshdrohi kutt tere se mai niptungaa betaa meri nazar se door rahanaa teri bhalai hai betaa harami salaa desh gad,0
6073,jai jai jai akhelish jai samajwad pir 5sal jhelna padega na,0
15011,najar hello moham algerian unit kingdom 🇩🇿 🇬🇧 love palestin 🇵🇸 nan,2
28300,badhai ho sir g amit shah g apko aur apk parti ko app jis tarah janta ka visva jita h baar aap aisa karna ki,2
6689,awaaz laxman best report sure onli gas bag team,1
44450,ab maan ka kalw teri parti buri tarah harkat chutti pe ja chuki hai tu bhi rajneeti se chutti lele th,0
3970,dosto ko itn video call kiy hai life ke gin nhi skte lekin kabhi bhi screenshot leke apni gandi shakal post nhi ki hai nan,1
15902,sir jab tak evm nahi band hogi koi bhi parti nahi jeet sakti modi bjp ke alaawa ev,1
15078,meri itni gaandi aulad nahi ho sakti,0
13645,good morn piti 💐💐💐 piti plz bless sewa sumiran parmarth 🙏 luv lot piti ♥️♥️♥️ prayerinlotusfeet nan,2
22569,wait hear word mein narendra damordass modi goosebump one step india,2
22051,good best allah ka sukar hai k qoum ko imran khan ki kayadat main ak naik imandar aur ustad dost,2
24425,tum jais bike hue prestitut ke sath apna time barbad na karn ka decis lena hi sabs badi sm,1
23862,alif surkh chandni ka trailer dekho sab osman khalid butt sohai ali abro masterclass nan,2
36268,sooooo tire match ppl energi ab fwm fwm half way shit ina way lol feel nan,0
44372,aw miss thank 💙 nan,2
16530,aap logo ko parivar ke aag kuch dikhta hi nahi hai kya ya congress kabil neta bach hi nahi h,0
18762,sleep har har mahadev 🔥,2
19173,aap ka fraham karda number filwaqt zong per mojood nahi hai aur iss per koi packag activ nahi howa hai nan,1
22195,reason mamta daen attend oath ceremoni nan,1
27923,mamaji apn ham sabhi educ youth ko kahi ka nahi chhoda ham sabhi age hone,0
20617,thank thank mere bhai love think ye 🤔🤔🤔 haan b,2
13801,log kais hein bandey ko open free vote nahi dete aur itna paisa deke pvr mein mvi dekhn ja nan,0
32379,oh wow 's fabul happi birthday mammi maccraith 🎂 nan,1
28468,ye fact hai chandi thandi hoti hai zyada gussa krne wale log isko pehnt h baki cmmnts dekhiy aapko pta chalega nan,1
4976,may 2019 ke chunav parti member haar hain congress parti nahi haari agar congress haa,1
11472,modi tujhs bair nahi yogi teri khair nahi nan,0
16227,lo ab pata chala mujh,1
13544,wtf kinda bullshit mf busi run soooo piss bc rude af ask need rec,0
6029,modi ji aap ko pm keliy lalat par chandan ki mahak aor lal dwaja kandh par dharan kar bharti ka bhakt bann ke,1
44065,khanmarket gang 's propaganda like atalji good advani bad advani good modi bad modi,1
18970,kejrikhan ji mubaarak ho deshvaasiyon nein aap ki baat ko bahut serious le liya,2
42944,congratul belov cheif minist andhra pradesh ys jagan mohan reddi god bless rich abund nan,2
14824,even though whatsapp saw first 😁 show love twitter fam ramadan mubarak,1
822,bhai plz bhagwan kre bharat acchi movi ho qki dedepyard jitna,1
18238,happi birthday resul pookutti - filmi duniya help line 8866681188 / 2288 / 3388 / 4488 resul pookutti,1
10481,nice song ( ) bekhayali mein bhi tera hi khayaal aay kyun bichhadna hai zaroori ye sawaal aay,2
29482,ap bhi agar modiji ke sath hoyein aj jeet apka vajud modiji se tha khamosh hog,1
14465,ek tumhi toh ho samajhdar bhai sahab ji han raaj han ko kisi nai nahi jitaya modi ji ko jeetaya hai sa,0
26917,miss u meet papa ji love u meet papa dhan dhan satguru tera hi aasra gud morn satgur maula b,2
27021,maanchalii bohat jazbati loog ho agla match pakistani team jeet gai ap loogon ny kehna ky proud love etc etc ... 😂🤣 nan,1
1933,pain yako mar jao api lar lar ke wo kuti ke bachi hamr dushman tu chata ye k ye larn api,0
42119,jai shree ram jai bajrangbali har har mahadev nan,2
13357,aapko bahut bahut badhayi aapki beti k achch mark aan k liy mehanti papa ki mehanti beti aur,2
17698,ohhhh got okuyasu nice best boy part 4 ! ! nan,1
36632,namaskar good begin saheb,2
14492,satik jawab kuchh logo ko lagta hai ki wo islam ke thekedar hai khud ke gireban nahi zaankt,1
13859,murad saeed bohat behtareen bat ki ali muhammad bhai ne yeh bilaw jo bakwa kar rha hy yeh khabe najaiz olad,1
26297,abi halaat ye h ki apn ko ye kora saaf love u pachta hi nhi jabtak koi love k bad na lagay apn,1
3143,dkh k b bolna nhe ata dar dar k prh rahe apr pakistan gala phar phar k bolti nan,1
20575,sarvkalik vishwasghati bhala ho desh ki janta ka jisn bjp ko bahumat dia nahi tum abl din mahagat,2
16405,en masom logob ko hi marwana tum log khud kider thi bodu awam jis ne abi tak apna dimag hi use nai kiya,0
19002,mainstream media toxic liber friend ya man bc bsdk sirf fake propaganda news dikhaat hain,0
13741,good morn akka 💐💐 happi sunday 🙏🙏,2
10226,ab didi ke dao kuch bacha nahi hai kop bhawan ish liy hain ki jish chor aur thappad marn ko kah r,0
22732,kisi din aisa hote hue dekhog khud ko v murkh mann pichh mat hatna nan,0
37501,jumma tul wida mubarak 🌙 happi friday 🌸 love custom follow 🌷 today share chari,2
13417,aik aur azeem rehnuma jo kehtey hain k mr jaunga mgr hyderabad main univers nhi bnney dunga rehnuma ka ye level nan,0
27898,bluff dj rock apni maa ke baar main aisa nahi bolt tere abba linguist ne sikhayea nahi tuj nan,0
12558,bollywood garbag nan,1
11438,2 articl islam khatr mein hai tommorow esa mat karo bhiyaa humara dhandha band karaog kya nan,1
27902,clinic seventi four botch abort 3 put women serious condit dirti abort nan,2
21818,good morn kyu n't forget breakfast hv nice day * gaemgyu nan,2
23522,ghulam hai tu ghulam soch ghulam zindagi aur teri maut bhi gulami wali hi honi tu musalman nai ho,0
28389,( quetta mashkel ) quetta sarkari ambul ki qimat afford na karn ki waja se gareeb log apn pyaron ki lash p nan,1
6670,poltician ki kaam hame aapa ladana aur vote bank k naam pe iss desh ko todna kyunki iss,0
14690,harami insan koi tujhay maray aisay hi allah karay kutay kis baat ka zikar karta hai tu bc chotay say ba,0
16475,sagivj1 ♥️ good ♥️ morn ♥️ sagi akka priya happi morn ♥️ happi sunday ♥️ adv 💐 h,2
781,khan sahab apko vote diya taki ap pm bani alhamdulillah ap bani bi pm 😘😘😘 magar khan sahab ab gabraht ho rahi,1
13060,good night . ! kuch samj aye smaj jana frand wrna bharta mata ki jai ✌,2
36863,sbhi bjp mp ko hardik subhkamnay parti pure bahumat se jiti hum sub ki mehant rang lai sirji aps niv,2
5633,teri ammi randi ne kya tha tujh msg mansoor ali bhan k lore lanat tere jaman wale din te 😈 😈 😈,0
20565,abhi yahi pakka nahi hai ki ye parti mein rahega ya nahi captain sahab ne cwc ko warn de rakhi,1
26479,pritam ke suro ka jaadu pahuchega anand raj anand aur judg ke dilon tak srgmplilchamp par sat-sun 9 pm shaan @ … nan,1
20089,sir rahul sinha ji aapk saath kitn time se jude hain pleas unko report se promot kar dijiy nan,2
38248,manniy pm modi ji ko chunav jeet hasil karn par bahut bahut subhkamnay,1
27743,ye kya gandu mantri hai yar gandupan shuru ho gaya bhokn walon ka kyse kyse bandaron ko mantri bana,0
7758,sorri film vivek oberoi ki wajah see fail hui hai koi achha actor lena chahiy tha nan,0
30192,aditi aaps v hai bas batata nhi ki kahi bura na lage ❤️😅 nan,1
18193,harianto terima kasih bapak presiden terima kasih bapak menteri desa gaji tpp kab murung raya kalimantan nan,1
20091,presenc india thank understand concern nikhil wait respons bring,1
26731,🚨 @ limelightni week list ticket competit 🚨 🔁 follow us + repli gig 'd love go & could w nan,1
3176,vaha ka hindu marta pehl hai dr maruitui ka hi du bharat ke hindu jaisa nhe kehta kuch nan,0
15004,singh thore sir aap sabs ach father ho jo aapk pass etn,2
14533,sharib ek ladka hoke realli like way u r readi believ everi stori wah dusri side ki,2
32818,modiji ne 2014 ka vaad pura kiya unhon kaha tha jais hi power aayeng sabs pahl crimin record mps ka safa,2
14680,tv kya ko bhi ki transmiss mein chanc nahi diya apn pa,1
12867,h r rinki naaiiipata nai kaun hai nan,1
37740,swadeshi 2019 elect result verdict peopl like say congress sycoph karan thapar,0
39128,kal se kijiy din ki shuruat bajrang bali ke saath bajrangi feel bless voic nan,1
24103,numaira bilkul sahi farmaya aap ne k ye karachi ko sindh ka hissa nahi samajht iss lye,1
18755,com koi inko pucho ki bc pese kya isk dahej aayeng jo gov free ride lagayegi nan,0
35193,doc pak armi make public one free anjam yai hona hey en sab ka badm,2
4138,anbudan offl sr bro trailer eppa vittanga 😂😂😂😂 nan,1
16904,9 nahi lakin 10k puri ho jani hain jaldii hi 😪 nan,1
20171,apn girebaan mein jhaanko societi ko gaali sikhana band karo hypocrit,2
28858,thu hai aesi sharkar pe namard mardo se jeet nahi pate hai aurto pe jurm kark apna kanoon dikhat hai sale bher,0
30381,kp govt bhari pari usko tou chor imran khan khud ne bhi ais apni pasand banday lagay hain without due process nan,1
22491,garza saldain lemon good bless americaoj á ant de regresar,2
30450,mirza kyon matlab english zubaan mein dua kart hain unki dua qabool nahi hoti ho gayi hai allah un,0
18031,look good t-shirt love iss band pe har chij suit karti hai perfect 🔥😍❤️… nan,2
33710,ye midiya ek bikawo midiya ju shirf bjp ke isharo pe nacchta aur ye midiya sc elicton comiss,1
11221,videsho jankar desh ka pm noutankicomedykhud ka entertain karta hai desh pani ke liy,1
14707,ye sala kyi nahi mob lunch madarchod ab marja nan,0
19697,jab congress satta tab ye sawal aap logonk mann nahi aaya aur jais bjp aai ye hindu,2
39857,someth drive alway drive ❤ tisha moment heart forev 😭😍 kumkumbhagya,1
2909,“ na told u girl ” 😂😂 nigga lie smh 🤦🏾‍♀️ nan,1
2828,anti hindu anti nation inka bas chale kanahiya ki tarah ye pakistani hafij ko bhi india ka 1st nagrik b,0
15170,dekho main koi shararat nhi krunga kuch bhi nhi krunga jo dekh k tumh kharab lage main sirf baat karunga wont e nan,1
9782,bhagwan ka naam,1
12892,hosla tutna nhi chahiyeh bro yeh chunau h jang nhi ekbar nhi bar bar sahi lad te reho ek din jarur,2
31147,bad edit charay ki awaz bhi nahi nikl rehi,2
21544,sorri miss n't agr kohi tl mention ho saki tu pta chal jya ga otherwis n't rememb nan,1
1335,apko deputi cm se minist chief kb bnaya ja rhaa h r wait nan,2
24822,yesss areeee shit suppos wrong unaccept becom romantic nan,0
28091,imran khan ki itni okat nai k wo pakistan ko 70 saloon b super power bana day wo hi kr de jo,0
39589,zafar tum jais chutiy jink pas boln k liy kuch nahi,1
14964,ram ram dosto good night,1
27345,gift guy la jityo bhane haha nan,1
44301,k1351 zindagi ki raah mein milt hai log kai bant humsafar par nahi banta saathi koi ... .✍️ nan,0
13327,mk ngk impress act realli bold perfect charact vanathi song anba nan,2
34549,kyuu kray ho apni bezzati tum self-respect hee nhi hai tum logo mai jhandu log 105 mai dher hogy pakistanjhandu nan,0
14343,kar har maidaaan fateh bandeya kar har maidaan fateh,2
20836,prdhan mntri shri narendr modi ji aapko aapk samst sathiyo mantr mndal ko hardik shubh,2
9032,apki person aur avi ke hisab se apkoo kya hona chahiy drop name tell u 😆 1 doctor 2 hafiz e quran 3.… nan,1
43359,today peopl india take serious anymor loud mouth pappu chamcha nan,0
7307,oum 1 ek nahi blki kai farji n g 's ese hain jo desh hindu dharm ko badnam kr dharmantaran ko bad nan,1
32535,civil idea civil peopl jis desh ke log super-fast train ke kaanch roz todt,1
38949,8527 tum bhakton se akal ki umme krna bhi paaap h bs itna samajh lo asli gaddar tum log,0
41470,sir itna gyaan kaha se lagat ho aap realli good sir nan,2
25371,bondhur bari te jompesh iftar ayojon cook dosto shetu freeman 😋 uiufriend iftar — feel fantasti,1
5170,ab ap ko esi rrmark ni dyne chahi ab tu ap hath mila chuki hai ya sirf maryam ko sath baitha,0
12909,quot oh gandhi ki aulaad sun mullo ko yehi bhasha samajh aati hai ek gandhi ki galti se ye aaj h,0
38159,indira gandhi ne bahut saar exemplari karya kiy kuchh itn achh ki koi dusari sarkar nahi kar sati unk bet,2
21305,ko kehtay hain apni khaal bachana qabal ke ye visibl ho ye invis banna chahta hay ye pr,1
5012,hamar mulk mei log khush hain tumh sab acchi bato mei sirf buri nazar aay,0
13631,u-turn lene ye kejariw ka bhi baap hai bc 😂😂,0
27029,saktiman favourit mere bachpan ka show hai love show nan,2
41834,made upset kid stress stay late hour + hour homewor,2
15420,naz mahir patha nahi bela car se takraya slip hogaya bela aap itn careless kyse hosakt mahir ji nan,1
32995,well nose make u feel better coz want x nan,1
21522,queenh ajj kal muji lagta meri noti band huy han phr khud ko yaqeen dilana parta koi interact e nai karda paya 😪😂😂😂😂😂😭 nan,1
17999,surya mam huge fan 👐 biggest wish meet stay pune kabhi gareeb par kripa kardo 🙏☺ nan,2
33962,top secur pvt ltd campani epfo pais bhart nahi kisi se dar te nahi hai 5sal ka pf bh,1
20813,nair doe meet pm modi everi day whi explain write letter copi media modi ji tusi great ho nan,1
13062,vanakkam congratul happi back jai sriram vand bharata mataram nan,2
43919,dilliwasiyon ko kisaan karz mafi ka lobh nahi dikha sakta ye chaal metro aur buse k,1
20057,🎵🎵 hamein tums pyar kitna 💜 love infin 💜,2
42599,dear phr se 12th pass hi reh gyin bjp walon ne aur bikaau media ne 5 saal pehl cheekh cheekh kr gr,1
14124,main khud tou laita nhi lakin jo,1
14503,mamta sun jai shree ram bola aur tuje tweet bhi kiya meri chamdi ukhad lo okay jai shree ram,0
29692,jashipur ka electri depart world ka sabs matherchod aur yeha ka local neta puchiy mat nan,0
6321,modi ji dobara pradhan mantri bann par aap bahut bahut shubhkamnay pathak 50 hanuman mandir avm samast bharat,2
35431,muqadma nahi chalna chay ai ka sedha encount krna chay taki dobara koi jurat na kri armi pay bhonkni ki nan,0
31805,mujh achhi lagati hai sooraj kii ye khaasiyat wo dhoondh hii leta hai uski zaroorat kahan hai - neelesh jain,2
13538,kbhi bolt ho din aay,1
26225,rona band kro bhai pleas ho gaya jo hona tha logo ne chun k bheja hai waha unka khyal rakho nan,0
39671,soobin gon na play song work late call ‘ experi txt leader far soobin nan,1
27924,whi fuck know chutiya behaviour ? ! ? ! ?,0
11077,abey khandaani chor tu chor hai har koi chor dikhega rahi chatn ki vo tums,0
1854,bear krishna zoo bear bhai tumara har jagah se kaat gaya hai keep calm start prepar 2024 ... good luck 👍 nan,2
14147,pappu ne socha jhoot fehelan se aur farzi news fehelan se chunav jeeta ja saktha hai,0
44361,chudail back bachpan mein suna tha ek safe saari mein bhut hoti thi jo sri ram ka naam sun kar chillat h,0
13870,thefilm best luck love iloveyoulotofmyloveyou 5 june ke liy god bless,2
27991,flipper say see great forward tom mc,1
10474,tweetss e karbala aunzela 🙊😂 nan,1
10419,sanskaari owesi jais logo ke audio video se hi radic ho raha hindu agar aaj ye halat,0
5481,70 yrs se saab log employ sirf 5 saal main berojgari badhi hai wais sach hai rahul gandhi berojgar ho gaya nan,0
16317,nessp final got around finish piec ^__^ love karen komachi precur,1
19424,veryy happi birthday sirr aap aur jyaada film banaat rahe aurr hame hasaat gudguda,2
3076,ye parchi ki hi nahosat se sara match khrab hua hai sala shuro main hi team pe presher dal k chla jata hai nan,0
26943,ye congr ke dalal ab debat mein nahi aana chate q ki kab tak ye janta ko murkh banat,1
6682,2 ne mn glt bat krta hi ne yh khalid ny kaha tha nan,1
23947,yei bra hok doctor bani ya na bani lekin tharki zrur bani gaa 😍😂,0
19880,daughter mother mama apka mu acha lekin ap har waqt ghussi mai kyn rehti hn ' ? 😂 nan,1
34296,aho bhagi hamar jo ap varanshi pm padhar modi ji love admir work also love second nation father nan,2
15577,yahi sab bakwa kar ke harwa diya congress ko nan,0
17015,bharat bijle offer bharat bijle brake motor keep ou info visit,1
14055,wo n't behav like bichukl noth task noth want captain week moreo,0
36690,yahudi ko musalman protocol de ho nahi sakta nan,1
27651,hardik subhkamnay 💐💐💐💐 mananiy modi ji ume hain ki nischit hi desh k jan abhilashao ko purn,2
1871,jio ki wajah see log ki waat lgi padi hai choro ab apna profit custom ka paisa chura k nikal rhe ho ghatiya,0
21992,jo hindu cong ko bhagawan manat hai unak paidai farak hai nam keval hindu ka hai,0
44968,jst join twitter & first thing follow modi ji found comment,1
42245,patra sir u r role model salut u sir esm stay full josh janta apk saath hai sir jai sri ram nan,2
22482,lord sale hasina nevi bal ki bal ki bohat gusha ati hai nan,0
36500,khud hi maaro aur khud hi shahe ka laqab ye kaisi shahdat hai agr mukhtarama ben,1
22853,aa fine n't problem aa charact got use mean 's gon na univers charact nan,1
13487,congress k ghotal ki list itn badi hai ki mai mere twitter per likh bhi nahi paonga nan,0
12159,askstar kya iss match del sten ko khila skate nan,1
26579,chines lag rha aajkal jyada bhik nhi de rhe nan,0
25812,india 7 congrat sirje ! ! ! love,2
3081,bjp ki 303 seat aan mai apka bhi yogdan hai sudhir ji thank nan,2
23129,marwaadi roshan oye roshan meh jcb ki khudai dekh k aaya roshan,1
31760,incred love & respect myhh bewafaa sardaar jiii 💖💖😍 nan,2
41037,jis desh armi fighter jet ko air forc shamil karti hai us desh kuch bhi ho sakta hai nan,2
28938,ye bheekh hai perman solut dhundhna hoga dam canal banan hong nahi har saal kara maaf kar kuch nahi milega nan,0
44605,insan12 worldnotobaccoday undervth pious guidanc saint dr gurmeetramrahim singh ji insan guruji volunte nan,2
24492,bhduve nach nahi ata angan teda yeah tera galati nahi6 pure tera khandan ka galati hai jo tuj,0
41738,modi ka 600 ka wada dekh ke hi tum log 6000 ka katora leke 56 inch bhi nahi ban pay desh bhar,0
30957,nahi chahiy 5 kg gas cylendar main bhi scientist modi sahab ki tarah naal ki gas se chai pakoda ban,2
18163,happi b'day dakter saab bhagwaan aapko achchi sehat aur bohat lambi umar dein aur aap hum sabhi,2
14469,sir first aap ko badhayi deta hoon jo aap wapa jeet ki aya umme hai ki aap 130 cror logon,2
39679,congress khali nam nahi hai voh vichardhara hai sardar ki voh na kabhi mari hai na marengi nan,1
15743,ab kitna din muft main khaog kabhi socha hai gandhi famili ke bina tera kiya hoga,1
7303,mujh hai ehsaa mere baba ke hum se piyas ho tum ziyada karugi tums nan phir taqaza hai baba beti ka tums waa,1
27561,happi birthday komal ❤️ coolest girl ek dam balanc person jo mut fandom rehna ach se janti hai,2
25310,uppolic 3saal ki bachhi ke rape case polic ne ni ki kariy vhai baghpat polic ne ki case paiseo ki haira fari,0
24609,ye congress k time bhi hua thalik surgic strike bus kisiko bataya nahi tha nan,1
7681,allah ne betiyan dekar mujh par ehsan kiya betiyon ki muhabbat ek baap hi samjh sakta thank god,2
13937,lover guy ye hmse koi joke nahi krre hai ramzan k pak maheen mai ),1
36513,pukhtana na kr like agar koi,1
14979,har jagah madam sir,1
16007,zehri1 karachi waloun sai vote mangtai waqt aid nahi laga tumhain ? ? ? 🤬🤬🤬🤬 nan,0
23437,jaan syeda one leav team mns ch,1
14436,lsrk mere liy 1 emoji 😚 meri zindagi 😍 sabki jaan 🔥 good look 💔 dukhi aatma 😏 attitud 😙 mehfil ki jaan 😡 matlabi 👀 flirti 🌹 ca nan,1
29329,mohad abbb saal paidal chala kar madarchod pappu k gulam hindu rashtra k liy taiiyar hoja katu nan,0
39380,bhagmati anushka masss 🔥🔥😎😎 super best creation sir bro ( super song way 🤘🏼 ),2
33873,awwwwww thank u soooooooooo much hinu 😍😘😘😘😘😘😘😘😘 lucki mujh yahan itni achi r piyari friend mili sweet nan,2
25313,pak tran geo news ne hamar hashtag btsourmuhabbat ki coverag ki anchor ne achi tarha bts ko present kia aur hum lie lie u nan,2
11621,much love laughter n bless 🤗 everyon favorit n meri jaan paji thank u much wonderfu nan,2
29425,gawar tu saala kutta hai kuch kam nahi hai deshbhakti jesa gu stool movi karta hai dekhn joker,0
14921,guyz brother 1st singl titl tum sung satishyadav compos & pen fav,1
13914,kumkumbhagya darpok 😬😏😂😂😂 sharam nahi hai kya thodi si bhi band karo yei natak goodi goodi bane ki koi zaroorat nahi ab nan,0
36998,yogi dear indian muslim know u feel like give indian polit rememb becoz u nan,0
27253,beimani se chunav aayog aapna aastitv samapt kar liaya 2019ke chunav loktantr ki hatya bjp ne chunav,0
11119,tamam student ko inform keya jata hai k jin student ka midterm exam mark ki waja se paper fail hai wo jalad az ja,1
20733,nein bin kein nerd bin grad feiern ojee besoffen oje nan,1
28802,# कबीर_साहेब_प्राकट्य sarb brahmando ka rachan harkal ( brahm ) ki tarah dhokha n dene wala kavirdev arthat kabir pra,0
20052,nhi randi ka baccha teri team afghanistan west indi sabs haregi hhahhahha 🤣🤣 teri,0
18715,chalo thar kay bachon kay baad ab thar ka coala samajh aayaa harami ko ppp ki karkardgi ya bad govern nan,0
13903,jhoot bhi bol rha h ki gaadi ka numb,0
44220,son afaz jaish bete tu india ki pakistan se bhi badi galti jisko dekh kar sent,1
34904,kind father good doctor alway advis kid beta dawai ache cheez naheen nan,2
13089,world cup jeeto naa jeeto pr dil jeeet lia ajao bhai wapi ajao awain ajao wapi goli maro cup,2
6884,boomb fodo jaak tmse na ho payega 😂 😂 ... bhik mango bhik jais imran mang rha hai nan,0
24169,rathe gandu bhai ki jai ho angrejo bharat choddo 😂😂😂😂 desn tumko pehchanliya dhruv rathi,0
14723,kaluv kutt ke baad khujli khaaya kutta nan,0
3914,veri good perchi boll miss kern k bad cot behind nan,1
6802,abe aqal sar phi agaye kia sir jeee polici chang karn mai,1
40758,wo modi ji jo iss shortgun ko bhi machin gun 🔫 ki tarah istem kart bt ab aisa lagta ki shotgun,1
25402,sushant best g 😇😇 🥰 rning lord ji bless us sewa sumiran & parmarth aap ji de charna naal alway nan,2
41122,tu mute tha bc kal esiliy tere koi bhi tweet ya repli mujh dikh hi nahi 😂😂😂 nan,0
21969,54 still let forget best 💖 tum jeeto ya haro hamain tums pyar hai 🇵🇰👍…,2
11849,aap log 1 month ki chhutti par na tum logo ki problem kya hai,1
44431,notbandi feku bhakt media ne sahi report nhi kisurg strike se kya fayda huva kyu ki su,0
23065,amit bhaii 1month = 3video ho shakta hein kayyy love nepal ❤️ nan,1
36254,16 hme zroorat nhi humn sikhism ko bahut studi kiya hai great guru,2
35468,kahan ho khujliwala sorri say angri congress nan,0
20587,jais asha ram ke chamch ro rahe hain ki oonka guru jail chala gaya vais hi dono randibajo,0
27400,ab ais dhongi baba ke paa havan karaog yahi parinam milega kahi kisi ko ye dikh jay samj lena wo bhoot ba,0
5621,aishwarya happi birthday mani ratnam sir 🎂 one fav director 🤩 wait see next aishwarya 🤞🏽 hbdmanira nan,2
35122,main tere baad mein aaya kya,1
1512,desh aagh baad raha hai ye religion ke naam pe bakwa karna baand karo aur tumhar aap bhaiyon ko bhi shikhao nan,2
44766,put chopstick mouth god yedam like wo n't put mouth,1
13447,maryam khud dekho tum logo ne pakistan pr kitna zulam kiya tha kr rhi ho kuch sh,0
15091,iamshonali fuck wrong bijaan sunochanda2 pleas tell tri teach masuma jalal less nan,0
28565,ashu bhau ! ! ! ! awesom ! ! ! wah wah proud aamcha marathi manoo ! ! ! congratul ! ! 💐💐 nan,2
29457,varuni aapki bodi toh move kar raahi thi par aapka dil nach raha tha 😂😂 waah ! ! ! ! salman & shilpa 😂😂 last season nan,2
12793,mendola,1
14300,congratul jeet appki mubarak ho,2
11634,firdouspti bilkul us ko drr hai k jis khawab ko pura krne k piy us ne apn walid ko jail bhijwaya wo kbhi pura,1
8734,tera naam defin karta hain ki tu saala rohingya hain 's obvious doubt victori bjp nan,0
20007,'s heartstopp laura dean keep break glitch love love beauti anth,2
37974,sir ji mere gal ke halt bahut khrab hai pleas aap par dayan kare,0
42664,lagta hain bhakto ne bhi like thok diya beechar low iq bhakt nan,2
43894,tum jais logo ki haar hi honi chay hmesha rassi jal gayi par bal ni gya purv cm ki,0
18478,ab khud hi dekh le apjisk irad itn kmzor hai k thodi si problem jo nirankush srkar dwara dhai gyi haiuspr apn,1
19897,one brother batch mate electr engin upon enquiri answer opt engin,1
16136,congratul bahut bahut subhkamnay bharat punah sone ki chidiya kehlan ki agrasar vand,2
21191,link ‘ peopl debat ndtv modi inclus pitch sabka sath sabka vika sabka vishwa modi-2 nan,2
20712,patrag byarat mata ki jay vand matram jay hind ki sena jay hind ja,2
19973,asan arey modi govt minist koi bi ho result modiji ne jo socha hai wohi hota hai kyu itna pareshaan nan,2
15673,unbeat 'm also big big fan nd alway support team nd,2
14719,kyon ki vika ke muddopar baat chalegi shehzad pappu ko ki 70 saalon ki chori ghotal,1
22076,“ nail hair hip heel ” hit 2 million view 6 day ! ! ! thank thank thank ❤️❤️❤️,2
23954,supers upper good apt choic succeed irani ek se badkar ek kahans aathehain bhai ee log nan,2
31296,jai hind sudhir chaudhari sir mai meri poori famili aapko aapk show dna ko bahut pasand kart hain aa,2
11988,piyush goyal ko fm isliy nahi banaya kyun ki ca ko nahi banana unki “ rail ” banani hai aajtak,1
24799,maarn wale kahaan se aastha k prateek lag rahe hain gund hain ye kuch nahi shame nan,0
11363,job nahi hai gdp low ho gai hai har jagha hindu muslim pe charcha par nahi apko stophindiimposit trend ka,0
34501,shame bhagooori jo tumharay baap nain paisa loota hai kaash uss se hospit banay hotay tu,1
7919,bhai shyd isi tweet par ne block kia ka baapu ji modi ji modi ji 🤣,1
14985,nilesh56 teri dar k lau de jake chat le apn na za yaz baap ki lulli nan,0
32474,kuch yaadei behad khoobsurat hoti hai love thank u beauti memori ❤💞💞💞,2
38366,love baigan fn nan,2
17395,agar congress parti hinduo ke liy apni vichar dhara nahi badal sakti hindu congress parti ke liy apni vichar,2
20313,yesterday historytomorrow mysterytoday gift godwhich wh call present jummah mubarak nan,2
19016,oath take ceremoni pm countri circus drama sadm se bahar nahi nikl ho kya nan,0
6963,tight slap face presstitut like india socha,0
23395,oy tc wahayat aurat apna jisam logon ko dikha kar follow back lani wali mein ne koi rape ni kiya teri sath fuck nan,0
26976,bewakoof orat ho tum kuch nahi agar orat ho tu wesey tu fake hey account yeah nan,0
38948,siddhu jiiii rahul ji haar gay hai haar ki wajah khoji hai congress ki team ne ki hame,1
14658,join us wish beauti veri happi birthday success year ahead happybirthdaysonakshisin nan,2
37446,arshad impass etni card edhr sala koi munh sa nhi bolta haha nan,1
16188,collect ‼️ tweet us 4 photo taken realli proud make say “ damn realli 🥵🔥 ” nan,1
29884,oh also got pictur cool kid damn 's fun keep energi dhar _…,2
31148,😂😂😂😂 toh aur kasi hoti hai ? 🤔 hum ne toh futur bhabhi achi nanadon ki tarah koi pahdda nahi karwa wa,1
9111,yeh pubg wale bohot chalak 😶 hain elit pass k liy pehel pais khich te hain 🙄 aur bad main majdur ki tarha mission comp nan,0
39963,ek dum sahi kaha tv news ke jariy naam kaam liya paisa bana liya ab boycott ka natak joker saal nan,0
16960,aapko hardik badhai desh mein itihaa rachnek baad ab baari hai vishav ki pyar bharat ko 1 des,2
1904,exclus censor report bharat world class word like movi year best perform sunney ko miley ev nan,2
34224,narendra modi ji ko dusri bar pm bnne pr hardik subhkamnay pmnarendramodi narendramodi pmo nan,2
15307,ya allah aaj jumma ki namaz ke baad jitn bhi hath tere bargah dua ke liy uth sab ki dua kabool farma aameen,2
26447,nahh rememb hate hate nan,1
16502,aadarniy modi ji jis din aapk 18-20 ghant kaam ki kimat hr deshwaashi smjh jayega usdin automat japanco,2
35884,queen nesamani kholi india stand nesamani recov soon india got world cup nan,1
24635,car ap rakha mjha aik kam hai aps dm lock hai apka team ko strong krna ka ke lia help chahiya apki kehkarlunga team nan,1
5187,rode nice bohot khob jorri banai hai khuda,1
17653,susner,1
4724,hoooo hooo good ? 🤣🤣🤣🤣🤣🤣🤣,2
17027,nikal dusr log ne koi theka nahi,2
26668,shame madam ? ? ? per kya kare aap ne parti se nikaal diya congress wapa le nahi rahe bjp essa,0
18733,— tara talk hehe realli want know hehe ! ! 💛 nan,1
17013,70 % bunni hoon travel time hi nahi milta adventur nahi peac love danc itna nahi ata tp ke liy ata hai,1
12608,한국 댄스러시 팀 약자 ap away pepsi aim alchohol mine elpi eleg play one year ssr super super rare sc 제일은행 nan,1
13479,dichao gaon ka kya 😝 kyu jhut bol rha h wha se tjhe vote nahi milt isiliy tu wha road nahi bnne de rha h nan,0
18181,huma u must said k main patwaran houn aur wo sab samajh gai houngay nan,2
7605,ka product fake hota duplic hota hai sandisk ke naam pe local market wala product bhejta hai nan,1
12877,mena cant even fuck login kutti ke bach nan,0
12487,today 's eric girlfriend 's special day happi birthday may wish come true dan salam kenal 🥳🤙🏻 nan,2
28235,meet best notanki bahu year 😂😂 jiyanazakatali ❤,1
2336,rahn veri nice ane kill shotlock hard boss congrat nan,2
28314,ye bhajpa l hai jo mann karega karega ye nahi chalega,1
1900,one last report trip runwal pick strawberri ( @ mendozamartha right — fun ! ) b nan,1
40606,congratul & best wish best honest global leader honour dearest pm shri n,2
22079,ppl say jab koyi film dekhn nahi gya ( even bhakt n chowkidar ) vote daaln kon gya ❌ nan,0
19338,aag mar gye ya jinda ho bses 1.3 still power kal ki rat beth beth nikali aaj bhi yahi haal h nan,1
17077,nkpen thank nitish 😊 ekdum taaza click hai veri good morn ..🌺 suraj ka tamtamaya chera dekh ke daudn,2
24754,yeeeey ! ! ! ! ginaringan na naman hahaha good job din kay ayieee layag teambab ! ! !,2
27432,ye saal chutiy fir se ran khol liy idhr kal itna chutiyapa hne ke bad bhi akal nhi ayi quot krke rep,0
15089,best tast mohali chaat ka chaska get readi delici indian street food ❤️ chaat food foodi streetfoo nan,1
19097,kahi koi baukhlahat nahi hai balki media mein vipaksha ki bakwaa sunn se sabhi bach gay ab sirf vi,1
16360,zabardast sir trha hota hy trha ka kamo main sir apka inzi ko selector lana ka faisla bilkul ghalat tha nan,0
26427,star77 n't like like know mean 😜 jisko samaj aagaya like maaro aur,1
17437,happi birthday one nicest peopl ever met bhau 💋💋 wish birthday b,2
12827,modi ji e jisk paa zameen haius aap kisan samman nidhi yojna diya 6000 salana dene ka,1
12854,shahadat har sipahi har adhikaari har wardidhari ki baraabar hain aur har shahadat ko mera naman hai aur ink par,1
23556,zoya khan 786 isk kehn ka matlab 5 saal jo wo log bewaqoof uns kuch nahi h,0
11848,ha ha ha dahi tonsil sooj gay thay,1
38786,hahaha glad know ex kabhi bataya nahi bc tune nan,1
26948,barf wale samos b best hen nan,2
6536,baba agar accha swadeshi janmo nirodhok ( contracept ) banay aur ek saal ke liy popul explo,1
12824,yes yeh jalwa hai boss ka awhad saheb ang badho ham aap ke saath hai nan,2
12699,tera koi tweet nhi dikha jab amethi bjp k worker ko mara gaya waha bhi apni gandi shakal lekar j,0
13905,pm modi g pleas sabs pehl aap india mein awara gomata ka kuch kijiy bahut bad condit cow hungr,1
29009,yeah tu phir kafi logo ka jana mushkil ho gaya hai,0
26945,evm baba g ka chamatkar h sab sir warna modi laher 336 mili thi abki talab b nhi tha modi sun,2
33784,minist depart vrrrr phas yoh love see 😂🤣😂🤣😂🤣,2
24848,peopl summer like * nahayeng aur jo ni nahata usko nehlayeg 😅 emiway thandai nan,1
11941,khokhar agr umar jaisi bndi ko hatya ja skta tu zartajgul ko farig ker denay k lia govt ko sochna ni chae nan,1
41441,peopl make pregnanc seem bliss 😹😹 ! heir kom kak well first kak time p,1
17441,aur tum logun ki gallay kaat deni chahy pashtun k naam pe begherati ka dhabba ho khazkusiaa nan,1
23898,god bless presid trump thank sir secur america amen,2
7390,chunaav parinamo ne dikha diya ki chit fund ghotal k rafel k chor mahagathbandhan waalo ko chod k koi nan,0
21858,nikl le mulli kahi agar etni hi javan paki chalati kab ki teri juban bahar khich leta paki,0
32791,ye modi media walon ko bhi maza ata hai hindu muslim ke debat karn nan,1
17823,pan 1 'm huge sinner 2 'm 18 3 friend fav show 4 want cheez-whiz 5 humor way,2
13616,rathe fuck polic law nd order ki maa chudi padi h nan,0
44163,lol lie ooo n't like attent 😂😂😂😂 nan,1
19516,'s compet best saa award sure probabl win 😁 best saa bant bant wor,2
30271,🙏🙏🙏🙏 behn ji rehndo hame hamar haal pe chod jinh apn samaaj ki galtiya hi nhi dikhti woh dusro k,0
38684,may allah accept thread free riyaa may allah grant jannatul firdaus retweet / share nan,2
40921,sahab ke jaib jarah hai na pais kyu bewkoof banat ho logo ko harn kr bad akal lagao modi,0
16406,jo bhi karlo ye nahi jeetn wale saray actor model hen pak team men bar sab tagdi team hen ev,2
18961,cricket 54 teri maa ka bharosa tu aur banwa selfia taptan sath nan,0
22524,happi birthday may u mani mani stay bless alway 🎂🎂 phalo phulo muskrao hmsha suhagan rahoo 😍 nan,2
41173,best thing happen india wait hear word mei narendra damo,2
35793,mumtaza thank much dearest love abl see distanc look ipad without take glass nan,1
12582,lawrenc akki jab tak farhad samji ko world ka best director manega tab tak aisa hi kam chalana padega 😂 nan,1
18778,ji aapko jeet bahut bahut subhkamnay aap e ek dil ki icha hai ki aap,2
13444,dj rock 😂😂😂😂🖕🖕🖕 meri darl itna mat karwaya karo ki apn ap ko hinjdd se mard samjhn lago mahol ka kyun l,0
36544,love sneak peak michael hope wonder time & work work work fun fun fun ? … nan,2
7194,kyu bata rahe ho ye sab ab kya fayeda sir ab rakho iss apn pass yahi haal h media ka dekh,1
42611,ye tv vale ka bap bada harai kutta hai jab se bjp,0
16113,baki rpf pais le k logo ko maal passeng boggi laadn dete hai uska sabs brasth rpf hai unh jail dalo nan,0
15897,alway say bachpan se 😂😂😂 henc prove 😘😘 nan,1
29243,jane n't know talk sorri sister wrong berni nan,0
33386,bukhari bilkul aur humar log cheez ko realis nahi kart fan ka bohot bada impact hota hai team par,2
26986,reveng abbey jaa ko ek goli maaro lakin sali baar bachni nai chahiy nhi goli maarn wale ko mene maar dena nan,0
18475,bajrang bali ki jai meethhi meethhi baatein 's pm modi say balakot airstrik happen,1
22644,patwari spot 😂 shame bc religion ko apni ama polit se door rakho bharwa nan,0
45022,arpit yadav 123 af wo nhi kregi nan,1
5869,jiiiii social media pe ye ( kripaya apn kaam se matlab rakh ) ye bat sobha nahi deti aap ko,1
35372,sharma par aapk hath ghanta hai jada gyan mat pelo bs hilaat raho nan,0
13192,tumhari sabha tumhari gandagi sun kar vote bjp ko diy soch es aadami ko bahut diyaa baap ko diya jail ga,0
23900,drama compani band kar action may modi filhal khud ko nation father samajh k pura aanand may hai,0
13223,well done armi chief ! ! 👍 two armi offic punish leak sensit inform state enemi brig nan,1
31745,naya bharat wah nahi ho jism saman adhikar ke liy mataon ko sar mundan karwana pare,1
30589,tu kutt ki bacha bhokt reh aur apni aukat batat,0
1419,om gandhi ko ham isliy rastrapita mant hai kyu ki wo ahinsa vadi ye nahi hote aja,2
3085,duniya ka masoom tareen banda allah jhoot na bulway masoom dekho 😂😂😂😂😂 nan,1
22646,team definit win tho nan,2
21482,haaappppyyi sweet 16th 😝🥳 vv fun w today ! ! ! enjoy daayi naa pakay utang chika ha wa ta ka chika rn,2
2219,aplogo ne betetctet 201117 walo ka majak banakar,0
8100,anil tyagi ye jo public hai kuch nahi jaanti na jaanna chahti nan,1
14397,lanat kroenk everi time come mind allah lanat becouf kuteh khombokt das hazaar time nan,0
20524,kashif aur tum jo moot peet unt ka wo kya hai bakr bakri bhed kutta suar ka pichwada mal yani,0
9971,usafzai dafa ho jao haram khoro pakistan tmaray bap ne nai bnaya tum log ezat k qabil nai ho nan,0
26097,2019 ke lok sabha elect ek bahut achhi baat hui ki pah baar log jaat paat se upar uthkar desh ki tarakki au,1
38764,sum rlli wrng w btch best u relax nan,0
26385,log kais hein bandey ko open free vote nahi dete aur itna paisa deke pvr mein mvi,0
24690,abe chup nashedi bapu ke naam pe ab bhi logo ka kaat ne ki firak hai ye congressi piddi,0
16151,aray acha chalo koi baat nahi apnay bhai hain phir bhi kya hua wo nahi mant muslim,1
24748,dosto sorri yarr mera mobil 3 mahin se kharab hai ab le nhi raha hu lekin bura mat manna apk sath pahl bh,1
35494,ani mji un se nahi balkay ksi se b nahi mji srf allah se ume hai well leav mayb jo mai kehna chahun wo,1
4287,rosi ind abhi jal rah,2
22224,sir ji aisa hin life style amit sah ji ka bhi dikhaiy aur ho sake unka bete ka kathor mehnat ke b,1
23113,malik k stat jo pichlay match k bad bohat aa rahay thay ab nahi ayengay se behtar tha imad hi khelta us ke tu,1
21566,babyyi lookk handsom uhh could n't express excit word,2
20775,tv v good news allah pakistan k sab ghaddaron ka bura anjam kare pak fauj isi zinda bad nan,0
15515,mum saw girl wear rip jean like “ iss ke peech kutta laga tha isiliy jean phatt gayi ” 💀 nan,2
26407,11 ha bhai shi keh rha h sbko moka bhi milna chayi nan,1
17094,yaad rahay yeh tarjuman bina salari sahooliyaat haain jo siraf media kay talk show hissa laaingay nan,0
28189,25-dec sir bahut hi badiya fight thi aapki aaps nivedan hai ki aap haar gay hain bahut hi kam margin se pa nan,2
17388,saisharanam modi baba 🙏 aapko prathibha swami ka pranam 🙏 know modibaba realli great,2
39086,muslamano la hisaa jinnah le gaya tha ja ke jinnah ke waarison se lo apna hissa tum,1
11801,chutiya fake video h ya footbal ka match dekh rahe hnn log pr andhya n k dikh nan,0
27139,sabhi sansad apna apna karm kare phal ki chinta n kare sab ka sath sab ka bikash sab ka visva = vija,2
15418,inc maa k lodey 6283347818 haiga mera phone kr lvi fudu saala bkwaa maari ja rea loda nan,0
31854,done last ke 15 minut main realis hua paper ka dusra part bhi hai ankhon ke aag andhera cha gaya tha 😭 nan,1
41912,modi ke pichhl sarkar ke vika ki paidaish ka pata chal gaya hai aajkal video edit karn ka kaam kar raha hai nan,1
1757,sir mai allahabad ( ald ) se sirathu ( …,1
1432,usko toh kejriw ne khud reject kar diya tha educ minist toh kejriw khud bana sakta tha raj,0
23887,sat guru dev ji ki jai kewel kewel sant rampal ji bhagwan ke hi bhgat hh jo kisi bhi nase ko hath tak nahi lagat p nan,2
5116,need teach addd lil razzl dazzl,2
44068,sabka saath sabka vika sabka viswa,1
24286,santrampalji guru greater god guru govind dono khade kaak laagu paay balihari guru aapn govind diyo milaay nan,2
30247,return fake 'd chalan vale lagta hai tu bhi gufa ki aulad hai & tere 4 child bhi gufa se hi paida hong nan,0
14236,sir aap act pein concentr kariy yeh jo ground realiti hai naa uss aap kafi dur hai sirf bharat mata k nan,1
18825,whi tri new game & tukda gang ide break india today india unit # # # # jai hind nan,2
30044,nahi congress ki aaj ki jeet evm ki jeet h tum chutiy logon ka kuch nhi ho skta h bete nan,0
19164,accha bsdk ye bata ye hack / swap 3 pradesh ki vidhan sabha mein kab aur kais hua nan,0
26339,rahul - tum sabn mere comedi show se kitna kamaya btao ( sonia - ab mere chhore ka kya hoga ),1
25224,need complaint polic station ais maulana ki vjah se kisi nirdosh ko saja nahi mil ni chahiy ... ..🙏🙏🙏 nan,1
943,offici superbbb voic arjun ji u 🤗 reali mean much ❤ salut yuh,2
18423,main video nahi dekha aisi word wo tujhs yaar ummid nahi thiii ? ? ? nan,1
24295,matalb bhakto ne block kar diya 😆😆😆 aajtak abp aaur bhi bahut saar nan,1
7243,congress support rememb maukamauka ad star sport cricket world cup keep cracker,1
18953,izat zilat allah k hath main ha jiss ny ko sari duniya main izat,1
9493,love amit ji jai dri sens humor one liner role wer,2
20006,king khan aur aalia bhatt dear zindagi movi bhot achi thi hit bhi hui thi aur yr love stori vo bhi thi pr nan,2
5173,ye hd kumaraswami hamesha aisi shakal kyon bana ke rakhta hai jais kayi din se tatti nahi aayi kabhi bangalor mein di nan,0
30516,1 month se nhi sudhn wale godi media ke bhokn wale kute kaam se kam 1 year ke l,0
42699,sangita dwivedi93 naya siyyapa launch hua hai bajar wah gajab cha gai ekdm dedh sari badha,1
23967,birthday come hahahahahhaha jk basta uy enjoy day beszu love alwaaayi ! ! ! ! stay strong,2
5346,audrey birthday 🎂 let wish happi birthday 💥 bunphotographi jesa photograghi babiesarethebest,2
31743,shoaib akhtar ko aj ki generat hero & legend maanti jis ne iss ka career dekha ni hai indisciplin nan,0
9786,mominn yeah exect said tum meri khwab aye thi raat ko ask dre,1
17708,een jais gundo k khilaaf sarkar koi majboot kadam uthaay 🙏🙏🙏🙏🙏🙏 nan,2
19422,happi birthday day bhai ais hi hazir zawabi bani rehe may god bless 😇😇 nan,2
26977,maafi toh pak fouj ke sarbra ne de hai maryam bibi ko jo aaj kul nalaiq na laiq keh kut uchult,1
651,ali 9 btw kisi jhootay maseeha ko maseeha man leni sy qafir nahi ho jata koi k,0
17416,rememb abba __________ melay sukola nan,1
27150,geo phir yeh bhi na bhoolo ke pakistan ke tukr kerna walay bhutto ki aulad ko tum log pakistan ka pm ba,0
23119,dont support fuck ill support like sinc jit ✅ nan,0
28478,main defend nahi kr rha jo kuch behtr kiya ya kr rhay thay kisi main itni himat nahi,0
18354,tere jese ghatiya logo ko jute mar mar ke samjhnaa cahiy gdp import hai ja hindu muslim dall nan,0
25581,musalman deshbhakt tha hi kab yadi deshbhakt rahta pakistan aur bangladesh nahi ban,0
31064,plz ahmad sir ramzan guzr rha hai 😭 meri 2 farmaish klam parh den sehr ya iftaar plzzz ya rasool,1
28255,mhpd thank much sir hope aapki umeedo ki gaand maark jrur umeedo pe kharaa utrunga 🐓 nan,0
16517,'s pop corn time sir would aam admi nan,1
8445,yeah know hahaha compar two definit ronaldo one goat least guy,1
2652,lover loool yaahn toh woke ka sawaal hi nahi tum matlub romanc enjoy na karn insaan ko nan,1
7765,cosmetolog job might great fit click link bio see prestig beauti,1
18997,one singl soul indian mom ask cook amma ka kaleja 😐 nan,1
11740,sekci bayi ya li yes 'm witch 😋 nan,2
14742,v good pic great sir mere hero ap us khobyon ke waja se sub se aaag geo hero,2
27341,2019 ke sarker mei sabhi sambhavit mantriyo ko desh ki samnya janta ki taraf hardik badhai khas tour,2
26273,polic ke maar sahana itana assan nahi hota bro tumor tamat ban jayega nan,0
33032,pehl bhutan pm ka wrong photo old pic modi 1 pictur bhi thik se jugar nahi kar pate ho nan,1
43222,vein sn0 c chilla kill jc dna better pen 's logic cant even debat nan,0
15298,aqib bahut badhiya nan,2
29068,ye lagta hi najaiz h nikalo kuti ko pak sar zaim se jis k munh jo ata h bhonk dayta h waja koi nai,0
21481,ali es tarah se hindu aur musalman koi differ nhi hai kyonki dono hi allah,1
14832,bevakoof vipaksh b prajarantra ka ang hai media k log toh gov't se sawal karn se rahe ! ! ! nan,0
26011,bluff dj rock pagla gya kya chutiy kabhi tera baap kabhi main rest kar le abhi aur expos hona h,0
40919,excel prime minist india shri narendra modhi ji ko bharat vasioo ki aur se bhut bhut mubarka ... ... 😍😍😍😍😍😍😍😍😍😍 nan,2
12955,krati nhi 😨 mast act krta banda great person aur balika vadhu ki jitni trp thi kisi,2
12154,refaei lool need streak alway point nan,2
3390,truth fouj mulk nahi chala sakti ho sub se mazbut munazam ha ye haram khor chor jahil bey eman siasa,0
7294,line 🙌🙌 jab koi sach bole sab kehn lgte h live secular countri humin sabs aag,1
10560,dekho bc koi sharam nahi h 😂 allah ke nam pe beekh dushman mulk se,0
14018,didi ye apka bhem h k modi ji new pm bn rhe h kl k bade modi g k alawa koe pm nhi bnega ok 54peopl tum ne die,0
44515,best pictur twitter love orang son / daughter nan,2
27233,thank sir mean lot saw natasarvabhowma teaser step chindi look forward 😊,2
18838,shrimaan kon se dunya ghum rahai ho kya congress parti jantta k sawalon k parti jawab deh ne hai k,0
17911,khan g ooo chaal oyee bakwa bund ker koi serious ill nahi hai jo routin ki hai bein,0
5164,ko tu bolni ki bhi tameez ni apni baap ki umer wali ko kaisi mukhtib krti hai agar tameez hoti tu ap,0
42894,🗣️ hello 👩‍⚕️ ok mai chalta ho 🤗 happi wali 🌘🌘 good night 🤗 🤗 sweet 😊 dream 🤗…,2
10624,ek bade offic apn ek constabl ke khade hokar encourag karna bade dil ko darshata hai sir ur realli great 👍 nan,2
38301,dall ab jo bolna bol de k vichar bhi badal gye 23 may k bad tere jese dallo ko kon pucheg,0
5602,main suna tha kuch ladkiya dimag se paidal hoti h bhut din se khoj rha tha pr koi dikhi,1
20278,aapko aur manya pradhan mantri ji ko shapath grahan ki bahut bahut shubhkamnay aur 2024 ke,2
24233,tu manega nahi ye sayari band apni commit puri kar tabhi paata chalega ki tu wado ka kitna,1
16435,abi bhosdik punjabistani madarchod teri maa ki kali chut main sarfraz ka lund,0
27489,mishra bhai follow back kark apn bhai ko support kijiy jai shiya ram nan,1
27396,pappu ab kisi layak nahi raha nalayak kongress ko saf kark hi raha khud har gaya kya khak kisi ka,0
15404,k baap ka paysa nahi hy na lia awam k pays pay haram khuri karo aur karaoo nan,0
8033,baadra ji dash kaa paisa khaaker illaj vidasho nahi hindustaan hi kara lo bhagna nahi danga court sa bhi aisi umme ha nan,0
5118,congratul ji prime minist ur super win 5 year old daughter,1
37610,105 ! ! ! 🤣😂 jink khud k ghar shish k hote hai wo dusro k ghar par patthar nahi fenkt pakvwi wivpak,2
11990,mind say aftari ki dawat hy zohrana nahi dena nan,1
41204,hellooooo cuti wah love frame nan,1
30528,jaleel saath lekar chalna inh jo bharosha par vote diya hai ussey todnamat q ki shangi har mu,2
16424,best wish world cup eid mubarak team india muzaffar hasan nation general secretari ljp su,2
21253,dear sir ji great step also want draw attent uniform staff forest dept india high nan,2
20659,take proud bharatiya shapath never employ children kind work / servic best co,2
27935,saver best place get kid toy got switch go dino $ 6 work perfect bag ho,1
13675,evmhack without proof leader evm pe jhut bol rhe ec chup kyu hai koi action kyu ni leta hmlog voter,0
35304,think acju provid servic free women app imagin,1
10807,aur ye kaht hain ki muslim apni auraton ko aag badhn nahi dete unh padhn se rokt hain 😂,0
36977,musalmano ki kiya zaroorat modi sarkar se koi bat kahn ki modi hinduton ka raastrwad ka muda bana,0
24189,bunni leagu kish ke shat ho gaya nan,2
5239,yes mam dream come true tukdetukdegang ko ye amitshah hi aazadi deng nan,1
22963,ok ab samjha yeh musalman saar rapist kyun hote hain bas suwaron ki tarah paida karn ko seekht,0
41451,doe mean batuu riff asia bc raw bantha grill pancak nan,2
16568,unho ne socha hona pata ni dobara chanc mele k na mele es ley sarkari kharche te protocol na ho aayee nan,1
33948,got new bruce lee jeet kune hoodi veri nice high qualiti took 2 month huge back order,1
4646,krishna kutto ko dawat par nahi bulaya jata yaar nan,0
18615,logon ka masla b media ka hi banaya hoa ha media khud chand,0
24493,quraishi mohallay walo ko connect baantna band karo speed 30 mbps milegi nan,1
25007,sharma abhisar ji aap soch rahe hoge es knife ka use kis pr hoga kuch din baad aap dekhna enm se aadh b,1
13140,lagta kuch jyada hi jal gayi huty ki burnol kam nahi karega bhai baraf lagana,0
22034,b j p jindabaad famili member sapotar b j p nan,2
14978,chor ko izat g han pakistan k sb se baray chor nawaz sharif ko choriya karnay pr izzat welldon,0
16574,bjp sharkar nahi banega nan,1
19506,green baat srf danc tak ki nhi balki ye kuch log ki jahaliyat ki hai dusr ko pareshan krke,0
5577,tweet mast news hai baba waah modiji waah desh ko duba hum tumhar sath hain 😂😂😂😂,0
17756,handsom littl dude baj happi famili nan,2
27120,ye gandhi bramcharya ka experi kart kitni bar unki ye exper fail huaa koi batayega nan,1
43833,chitra jhut nahi 😑😑😡😌 nan,1
27050,sinebyco 'm bhand tension right ki hostel waapa ke rastey ek madarchod kutta hai jo saala kaatn ko daud nan,0
21051,ajkal ki scientif dunya mein bhi hamar andaz khatam nahi hotay abay get past 😏 nan,1
23948,chutiy bohot bade chutiya wo jo comment likht hai kon kon hai jo comment section dekhn aaya hai nan,0
28622,1997 interview hi name jonnaton - jungkook ok ask much love jonn interview much love jo nan,1
26726,one sabs bade yahin log hai jinko ramadan bhi radic nazar aata hai lekin hindu terrorist hero nazar aat hain nan,0
28152,height sir se paanv tak birthday parti nahi dunga sign poor naam ke karta hun favourit colour rangeen hai,1
5964,asad bhai alway avail peopl either meet offi,1
30144,pradhan panauti ji south africa ko aapn lapet diya ugla number kiska hai nan,1
30645,abe wo gutteruddin kyo fake news faila ke apni maa bhn krwana chahta hai yaha pe nan,0
34381,savitri one like one love like one act like one replac one true like nan,2
43875,eska bada ahsaan hai hum par ye hums bada modi bhakt lagta hai 300 paar esn hi k,0
28825,govt ko paisay ki zroorat ha new b sath sath lganay chya ta k har 5sal k bad govt tr,1
23403,wah good ais hi rahna nan,2
13310,dhongacharyeji modiji ko news channel valo ne nhi desh ki rastravadi janta ne jitaya hai vikash ki jit hui hai de,2
10113,isko goli maro zaldi varna desh main astirata fail zayega par des droh ki charg laga kar jail,0
2574,mt pchna yup twistooo rubber like 😂 gud health nan,2
35854,zet keep nan,1
14003,rohit vemula ko bhi isiliy maar diya gaya tha aaj rohit humaar beech nahi hai lekin uski ideolog,0
12468,inh sayad pata nahi jo janta ko pata hai ki ye dono milk chand chand laga sakt h,1
16442,rt network viratkoh love 😊 iss bar ghar le aana world 🏆 nan,2
13815,chahun mai ye chahun dil se mai ye chahun dragon ke sath ud kar dur desh chale jau,1
15698,ꕊ 𝐂𝐡𝐚𝐩𝐭𝐞𝐫 𝟔 / 𝟏𝟐 # 𝐉𝐮𝐧𝐞𝐖𝐢𝐬𝐡 ꕊ best thing ever happen ♥︎ ผ่านไปแล้วครึ่งปี ขอบคุณทุกคนที่อยู่กับผ… nan,2
3918,das123 bhai hame babri masjid nahi chahiy aap bna lo raam,1
12681,जी.. bjp ke jaal main mat fasiy ye log emot ke sath khelker hi jitt hain pls samjhn ki k,0
3321,😂😂😂 kon ya bi ak song lover hy 🙊 nan,2
8318,guru paa plz alway .🙏🙏🙏🙏🙏 without noth pita g 💞💞💞💞💞💞 love u sohn rabb g 💝💝❣❣❣❣,2
34998,ab app logo ki bari jis himmat aur mehnat se aapn chunavi prachar jee jaan lagakar desh ki jan,2
13358,ap logow pe aj kal ho aram ka dallar band ya jo pakhtun k tabahe pe ap logow ko miltey tey ptm,1
23104,india pack full masti mad manmarziyaan movi want miss watch hatk love stori ₹… nan,2
6680,bhandari jhootha modi nan,0
21251,bandey k bachu ki tara wicket le yar kia kar hu bc namak haram afghaniy7 se b harwa deya nan,0
26695,jai shree ram bhagwan aapka bhala kare 😜 nan,2
16976,macdonald rlli stress enough import tell peopl love care bcos actual never know whe nan,2
20402,neta tereko call aaya kya advanc version us labour bhai chitthi mili kya 😎😎 nan,1
19215,😂 watch bet perf choreo kinda sexi fit shihyun much nan,2
29025,org kutti khanzeer ko na sirf harraya hai allah ne balk kutt ki tarah ghaseet,0
44048,boogeyman accord everi desi mom chita back bachpan nan,1
37752,prime exampl kais log fake degre le kar apn ko samajhn lagt hain jabki knowledg unko dhele ki nahi ho,0
26283,congress wale ab se news debat main nhi aayeng kyonki apni jhand krwane se badiya jcb ki khudai hi dekh lo nan,0
13405,hehe welcom leela ❤️❤️ book fair bring lot memori mn 😢😔✊ nan,2
23772,ahhhh ka sweet sa akong classmat na si michell nangumusta sya akoa feel special hahahahahahahahahaha charoot lang 😂❤ nan,2
42026,everi episod sarazanmai tooi deserv better smh nan,0
20518,😂😂😂 chalo ab jaak padhai karo dii warna exam mein stay ka lyric hi likhni padegi 😂😂💜❤ nan,1
37553,soul toni stark ka dil toh ye leke ghum rha hai 😂😂 nan,2
7583,ye jo peet rahe hai unk thopad pe likha hai vo bjp ke hai ya tujhey special aa kar bataya hai,0
40370,idc start fuck bitch n't fuck becom exact bitch n't fuck ✍🏾 nan,0
27035,ha sahi hei lekin padhn maja aaya lol otmahatiya ☺️☺️☺️☺️ . keep mitaliji nan,2
20387,yaaaaaaa hiii btss ! ! ! ! 🙌🏻😷😬😍☺️👋🏻👋🏻🙏🏻 ca n't believ uniqu chanc watch concert even,2
23458,pandit hotho se pine ki bat nahi aako se pi leng hum pite nahi hai kharab sigrat ko agar tum mil jao,2
30751,namaskar lata didi ji mai apk kathan se sau feesdi sehmat hoon lekin ye virodhi desh ka gaddar ha,1
12029,educ bht zada educ samna kutta jya usko sheee ke jaga excus bolna wali ... .. ! nan,1
5396,palsapkar bhain k seengh abhi b g hai kya 😂😂😂 nan,0
20013,yeh anjana om modi hai yeh khud bol chukki hai iss se kuch expect karna faaltoo,0
20591,respect lokpirya home minist meri taraf se dil ki gahrai se mubarakbad qabool karen hamari dua,2
29629,nawaz choor ko q k us na sara pasa chora kr bahir la gya aj pakistan main bacho ka koi acha hospit nahi hai sala ganja nan,0
22088,saala parodi bhi laluwa ki tarah burbak hai,0
9949,vps bhai ab tumn rahul ko vote diya hmne bjp ko diy,0
8900,ind delhi replac congress jitni aag suraj se nikal rahi hein uus jyda aag abhi congress lagi hein nan,1
29157,bahoot baar sochta tha ki ye banda aaj team kyun nahi h favourit acha h ye rajniti,2
15423,aur har jagah bjp ki ko mat blam kar agar teri tatti nahi aayegi bolega bjp walo gaa ba,0
16553,rahn reason proud stuck would ran grind level better,2
13018,call opposit bunch loser n't even consid themselv,0
22497,right way made point make realli hatk trailer mo,1
18801,h e master done bro aaj krega 😍 salut nan,2
17414,mai aapko sabot de sakta ho educ bahut hi kharab hi apn yaha ka mukhiya ko pais de kar teacher,1
26044,awwwi thank lau good morn nan,2
14918,bhut bhut badhai avam subhkamnay aapko ji take oath cm printmafia facebook com / printmafia nan,2
41981,ek bjp hai log sweksha se mantri pad ke liy mana kar de rahe hain aur ek congressi hain,0
12953,jab zee news wale bare hin besharmi k sath congress parti ka virodh kar sakati hai jab congress ne apn spoke p,0
33521,sharma one better - namak parantha 🥭 nan,2
37141,bhai raw ka budget 35 crore tha aur collect 45 crore raw flop kese tumhara math solid nan,1
42447,indic islam ki wajah se usko masjid jaan wala chahiy tha usk maa baap ko kuran padhn wala chahiy tha,0
27105,chak de india 🇮🇳 good luck everi team cwc2019 nan,2
16938,srkian main nehin koi aur rahul hi sahi best nan,1
1787,today bday murshid may allah give great health work muslim ummah allah unka,2
7992,ye log meet nahi kha rahe kal polic ko diya statement victim ne ye veg kha rhe nan,1
42981,sahi thoka arnub ko arnab u realli deserv nan,2
24058,hellosir congratul win india apka sath bhi 5sal jay shree ram nan,2
13491,absolut ryt dear bt thing peopl mith ki jal pawah kro gud us,2
12488,2019 sp / bsp khatm ho chuki h congrss mauk ko machuaro / kashyap / nishad / atipichd / dalito / adiwsi muslim vnchit jati nan,0
41149,india sachin ganguli dravid vvs kumbl sehwag zaheer sl jayasurya vaa mur sangakkara pakistan inzi akr nan,2
7999,yesterday birthday one influenti peopl music industri right pay respect nan,2
41930,tum ny pic se mar dala 😳 anyway congratul success may allah give success ❤ nan,2
14256,qom ko jeetn k wqt team k sath nh hona chaiy blke agr kbi team pr mushkil wqt aye tb b team ka hosala brhana chaiy nan,2
22296,bjp assam jindabad modi ji jindabad sanow ji jindabad hindustan jindabad jai aai axom,2
17037,tention na lo minist portfolio pakka hai apka nan,2
44737,se khan bjp wale ho kya sahi baat ko galat saabit kar rahe nan,1
32212,lassi pakistani fan main yahi kami hai ki wo apni team ko harn pr kabhi support nahi ka,1
24272,cheer hehe labyu ! ! ❤,2
7173,bjp kaam krne valo ki kami nahi ha,2
20550,bakchodi world cup hai condit favour heavli bowl first side nan,0
19560,bta truli bless,2
17701,may allah bless beauti soul pass away soon left empti space heart ! 💔😭 ha nan,2
26389,kiu tu bhejeg travel agent hai kia ya aaj gaw mutra zada pi liya hai gobar,0
35665,yr ye jo log divis ki bat kr rhe h tum ek bat btao ye jo yha 20 % muslim h ye tums brdash ho ni rhe,0
31992,bhage nhi maidan chod k ptiyala univers ne cheat ki h nan,1
21096,back day use doodhwala nan,1
22952,🏵️ good morn almighti papa ji 🏵️🌴 plz bless sewa sumiran parmarth ka bal 💪 bakhshna ji nan,2
29403,block kid seedha dil se nikal phenkti hun 😌 nan,1
34533,ye duniya ka woh kayar tha jisn nehru ki ayasi ke liy desh baant diya noton pe hi,0
7803,citizen 's portal part -2 exampl aik aam admi jab wapda ki shikayat karta hai yoh osay sub divis divisi,1
12359,bulla bhaiya babaji ko bolo unblock kare pleas,1
8209,bjp haar jaati lekin tum logo ne uss jitaya itna kichd uchhala ki kama,0
44952,thank kuchh imandari bachi hai duniya,2
16358,bc yaha cigarett ki dabbi le ane fati rahti h nan,0
21558,bhansali wala kaam nahi aaega bro ab p gulli boy simmba nan,1
20680,pak agla match england ke saat hai jo apna 1st match jeet kar ah rahai hai tri ur luck,2
10730,splst chal tu apna dna karwa k apna sabit kr day k tu aik hi baap ki aulad hai aur apni maa ko,0
34470,aap tamam e hazrat ko meri taraf se eid ul fitr bahut bahut mubarak ho md saqib raza faizpur sitamarhi bihar nan,2
23830,sir ye oonki aadat may shumaar hbycot se media deshwas ko bhi pata chalegaki gandi naali k,0
26410,congratul prime minist ji apko dil se hardik subhkamnay sir nan,2
29693,andersen howarth hope / pray okay mate fire last week us 🙏🤞🔴⚫️ nan,2
13907,hate kon karraha hai yr bach ko 🤣🤣🤣 lkn iski batameezi ko promot krna theek nhi hai aag jab,0
24211,sabs pehl toh sare buddon ko nikal kar yuvaon ko lana padega sirf bait kar malai kh,1
31382,gulraiz saal mc terrorist cours se fursat mile toh histori bhi pdh le ... 😂😂😂 nan,1
3992,ajj beshak waqat k firon k samani sir jhukha lia hai allah ko bhe moa dekhna hoga bhatti use din p,2
15873,time time ki baat hai aaj agar ind congress hota dal roti band ho jaati tv debat hi ek sahara,1
6647,kyu bhai modi ko hi bana de,1
18342,bhut achi bat hai thakur prgya gribo ko madt kregi veri good pragi gi nan,2
41277,abu dhabi tower light celebr pm modi swearing-in,2
15679,ab bolo khatri ab kya hua abhi tak toh apn ko bahut bada rule ka follow btaa kr hanumansingh ji ke kaam ko,1
2799,bc log murder kark bahar ghoom hain govern waalon free avadheshdubey nan,0
33065,bakshi sunn one u special good sleep bhutni,0
11360,feku hai ye aisa chaka mara ki caught ho gai puri congress bada ayaa tha modiji ko bahar fekn nan,1
38877,jaihind bahut bahut subhkamnay hamar nagpur se bhi jai shree ram nan,2
14181,yes talk bhai sayad mahesh manjerekar se bar hope rak sakat hai nan,1
27581,sir aap bahut hi achi se apni baat rakht hai apka har point crystal clear understand log,2
26324,india bilkool sahi kaha aapn ye mullah log aur owaisi jaisa rajneta bjp ko k,0
12810,phelibar dekhlo democraci ab hindus vedic sanatani ko major se apni govern ko chunneka ab adhikar nhi hai,0
28393,suji hai ab kuch nhi ho sakta teri zindagi sirf hi kaam hai ek pappu ka mutra paan aur dusra,0
5072,agar sach bahaduri hai rajneeti chhor kyon nahi deta mader tera baap amethi haar gaya,0
2156,join us first final friday yoga class book use link bio love see,1
36730,flop heroin panauti ishqmeinmarjawan ka murder kark indonesia apna flop anarkali ka promot,1
34784,apk home minist bann se kitno ki pant gili ho chuki hai sir ji way heartiest congratul nan,2
22094,video naya ho ya purana baat ye kya aadmi ko panchayat ko polic ne pakda govern ne koi action,1
14952,apku pakistan mubarak hu 💚🇵🇰 27thramazan happyindependenceday 💚 may allah alway bless pakistan best 💖…,2
42109,bc shote guy market routin matter pistol lay k kisi ko b koi maar sakta hai usmai tum,0
14749,congratul mene 21-mar ko aap ki jeet ki bhavishyavani ki thi nan,2
39933,lakin jo puri jindgi seva karta hai usko kuch nahi old pension tha jawan sukun se mar v jate pr ab,0
21157,want friend know love pipol whatev happen mwa nan,2
23418,hahaha appreci talent creativ bro yeh shuruat hai aag aag dekho hota hai kya nan,1
14144,kch naya nhi hai apno ko nawaza jata hai mger sahab bhi kch naya nhi kr rhe jiski iss qoum ume hoti hai nan,0
13052,gadhi ki aulad islam ko modi ke ane se jane se kuch fark nai padta islam kal bhi faila tha aaj bhi fela,0
35959,gosht khane se koi problem nahi hai kissi ko ye log templ premis beth ke ghost kha rah,1
39909,vote k liy 2 naheen bad phir bapa le legi lekin chutiya ab nahi janta ki ghoo khor ko sab jan gay,0
31190,congress parti walo ne apn pravaktao se kha tha ki kisi debat ka part mt bnna kuki unh pta tha ki,1
13147,iftar ki transmiss dekhen ge inshallah abi ibadat karne best luck nan,2
16106,way may respect shri ram respect allama iqbal n't know,0
15434,paki twitter hate thing need realiz k aik galat insan ki islaaah k,0
44327,umer happen sometim sojao jab jagogi u feel better nan,1
22173,thep time krunchwithkhutso beauti readi ayi fanbeni gp 😊 nan,1
43857,khiladi adarsh wrong bharat go biggest h nan,2
26234,herc arrey wah new corpor look ya chashm ka number increas hair nice pic sena nan,2
45012,richestbil gateszuckerbergmukesh ambani bollywood-salman khan airplan - wright brother philantrophya premji best b nan,1
33655,swaraj 1 itn ach actor b nahi thae wo lol nan,1
22291,arvind kejriw ji swara ko ek ticket dena plz kitni mehnati karti hai,1
35565,hamaray yahan lyt hasti nahi pani aata nahi nan,2
6608,brown ass never admit someth eat spici could cri like “ nahi bhai mirchi nan,0
44069,😂😂😂😂😂 ... nahi nahi chupan ki zarurat nahi hai daras sachm humar paa kaafi sara h,1
21192,nafrat h gussa h vishwa nhi h muslim pe ap ko bura la,0
6835,kyo ki islam ☪️ mai kisi ko marn ki ijazat nahi hai muslim jaan dena janta hai lena nahi ab k,0
15295,7 kuch din gujaro gujarat main,1
21527,good veri good mam ye chatu anchor chatu media 5 saal ye sirf sirf hindu muslim ki gandi,0
39096,lalit ek nahi blki kai farji n g 's ese hain jo desh hindu dharm ko badnam kr dharmantaran,0
35637,najaney cup se intezaar tha iska 's final happen iccworldcup2019 cricketworldcup,1
44528,isk pass tv pe kaam kaha hai apb news ne ise kabka nikal diya hai nan,1
18880,best part summer cancel plan say bohot garmi hai yaar baad mein mil leng kabhi nan,2
30095,joke owaisi jargi ansari ko ye baat samjhani chahiy nan,1
35576,ab kuchh kahana hai kya ab dar nahi lag raha,1
17555,mere login par hdfc servic live nahi huai hai kya jankari milegi ki sirf kuch hi vle 's ko srvice live ki gai hai nan,1
28977,fake video ko andhbakt sahr bhi kr rhi media bi ise dikha rha h srm kro kuch nan,0
30183,modi par pura hindustan ek ummid lagakar baitha hai bhagwan modi ko itni himmat de ki ye har,2
4814,bhai itna waqt ho giya h bas itna janta hu ki agar saliki se koi thodi samjhdari se kahi jay apko asma chu,1
42619,juz 23 surat saad ayah 35 prophet suleyman alayhi assalaam one favorit prophet mani reason,2
21930,& see phrase came u pa talaga 3ggere much well yea im big fan streetfood &,1
19051,ik umid ka hi tha taaluk kuch barson se tums nahi hay jo umid talukat ka kiya krain ye nahi faqt taaluq ki mo,1
4653,chanda 's wish think think live think good stuff done thing love 😃 nan,2
41925,koi nahi karn wala sirf csc dhoor banati hai sare servic bekar h esm uss v bekar h esk dm koi se,0
14070,ek ek pais bhi aaj congress gin rahikabhi inak raj har cheej ko leke hay toba macha rahata tha,0
14912,tv debat vipax nahi jaayega godi media ki trp kam ho jaayegi aur wo andh bhakti bandh karn p,0
37402,papa pledgeagainstcorrupt bless didi honey ur rehmat ji,2
19273,democraci chaman chutiy hai ye 5 saal tak royeng paki nan,0
23813,congress v debat main kyu aay ye toh batao tumhar jais achor ki galiya sunn ke liy debat main aat nahi,0
5302,imran khan ko phasani ki pori tayari hai ptm ko mar k pashtoon kpk aur balochistan k haalat kharab,0
12540,randi maa ke pill modi se miln gaya iska matlab ye nahi ke modi ne uski,0
19259,har vote may rahul ji ko 2019 lok sabha vote jaisi appar safalta mile aur ka pyar rahul ji par hi barasta,2
29094,hamar desh neta se lekar media kitna free hain jisko bekar ke mudd par baha karn,0
13139,sir say sorri first chang speech manufactur yes manufactur ground level,1
26765,🌺 good morn almighti papa ji 🌺 🌹 plz bless sewa sumiran parmarth ka bal 💪 ba nan,2
25706,hahaha love us veduw nan,2
28542,matlub pak team troll pm 100 % kaha thaa weh 105 hi ho gay koi ijjat hi nahi hai inki 😭…,0
22594,'s easi make easi ❤❤ love u bhaji hanji kida lagi movi chandigarhamritsarchandigarh jina ny nh nan,2
14752,faroukou 😅🤣😅 absolut bro watch karan arjun year wonder experi blockbust song “ …,2
39068,sir govern ki mahatvakankshi yojana new india mission youth ki partnership badan ke,2
36134,swaraj 1 sbse badi bt terrorist sadhvi pragya jeet gyi hament karkar ko shrap dene wali wah desh trakki krra hh nan,0
15871,mam think forget one name yaha aapn 24 ki jagah sirf 23 likh h naam nan,1
43341,haider bhai jan pakistan ki aaisi perform dekh kr aaithsham sir ki tbiyt na bigad jay unh world cup kht,0
19185,happi birthday sister ji saint dr msg insan ji bless max sewa simran parmarth,2
12628,bikay hue ghumman tum khud ghoomay huay ho hi aur haram ki khud bhi khaatay ho aur apnay ghar waalon,0
15516,chep debat brillianc talent love african brother,2
27149,congratul shree sir pleas look matter well grate nan,2
6072,wow veri nice unko main bahut bahut badhai dein ti huh aur asha rakhti huh ke sath lein ney ke baad se turant kaam,1
23680,vs bhai ram hamar bhagwan hain kams kam appreci wale tweet pr uska polit use karna band kardo 🙏 nan,0
44385,happi slowli sure head toward congress mukt bharat nan,1
21973,modi ji aap se ek question hai jaha pr 10 kadam ki doori pr dispensari hai wahan par 20 kadam ki doo,1
29404,kaun kahta hai modi ji ne sawarno ko samman nahi diya jo suvidhay cong yug sirf kuchh varg aur jat,2
19816,congratul resp sri purshottam bhai v r proud rakesh sheth parivar surat nan,2
19507,jay hind jai jenendra sir ap bharat k sbse best editor h mere father apk b,2
32990,sabi hataya bjp govt aur bjp ka hi hath haakhir koi gen aur gair sp ka neta q nahi mara ja raha hpahl evm ki,0
43626,agg manyata sanju movi harmless nan,1
17784,best guru know u rock live show alway love u kabhi hamar citi mein bhi live,1
32869,kanjar ki aulad wo sc say raha hoi hay harami ka bacha nan,0
22434,bahut bahut badhaei ho aapko aap ajivan hindustan ke pm ke layak hai 2…,2
19564,bhagwan jab akkal baat raha tha tab tum incognito mode mein aisa lag raha hai 😂😂 nan,2
24491,naveen patnaik jindabaad bjd jindabaad odisha odisha nan,2
1247,thank support thank thank ! ! ! strongwitheliza samanthajayz angelmartin00 galiya,2
27613,wish happi birthday aes ult kaam kart rahiy achha lagta hai ! 😀😀😀 nan,2
12946,ankush abe free de dunga lekin rat bhar maraunga subah,1
28734,kurosaki fadnavi free societi indus valley cultur earli rigved,1
8052,đ bi ế n ê n vui hay n ê n bu ồ n khi li ê n minh 2 pick c ủ ô đề u mu ố n tranh nhau u got ) nan,2
27230,vontad de ouvir un modao com e chorar na sala nan,0
25278,allah one pardon great love pardon pardon shab e qadr mubarak rememb nan,2
27316,kitna bhi tum kongresi chupan ki kosish karo par tums chupta hi nahi h dear,0
14115,nafrat ki duniya ko ( video song ) haathi mere saathi rajesh khanna & tanuja,1
3541,aap jaisa neta mera 🙏🙏 aap aaj ke rajniti ka ideal hai jai 🙏🙏 want see ministri & nan,1
37159,tonight 's full love laughter readi wit fun tune thekapilsharmashow tonight 930 pm nan,1
10687,ham aaj sirf mobarak baa dena chunga desh ka hm aaj apnekursisambh liya hai ab deshk hitmekaam sundarta,1
5781,n't love mango season mango ! ? mouthwat mango made laddoo make irresist del,2
44115,dekho plung 2 pts miss kiya udhar hi jhol tha nan,1
1192,rohatgi tere maa baap ne bohat badhiya sikhaya hai certif batna sabko ki kaun kiska chamcha,0
25327,modi ki gulam biki hue tum muslim khalana ka layak nahi hoo may hussaini nasal ka nawasa bol ra,1
31979,kafi lambi umar guzar k time tho kafi player allah ko pyaray hogaye 😂😂 nan,1
28800,rafael ka tyre punctur ho gaya naya bhi ho gaya ab kya muhlekar public main aayog nan,0
43901,dr swami main aap ki dil se respect karta hun main mumbai se hun aap pl matter ko apn dhayan main,2
8652,om sonkala veri special spiritu day special benefit dure special day nan,2
12797,congress prove anti nation parti n't like vand matharam bharath maatha ki jai slogan nan,0
39275,sir look beati person kbc nan,1
27042,happi see sissi thank sa chicken 😍😍 hahaha pina abrupt na tapok chika 🤣🤣 nan,1
27449,ye faltu ki beha band kre dharmik bhawany badkana band kre congress start hindu muslim fi,0
21182,congratul manniya modi g ki subhkamnay love prim minist g nan,2
40583,chutiya hai jo 237 ki subsidi aati hai usko minus kark cylinder500 ka padta hai tum congress walo ch,0
38758,congress ya bjp ka andh bhakt nhi hun aimim ka support krta hu khula krta hu nan,1
32438,neta agar chunav jeet te hain apn liy janta ko kya dete hain logon ki ye soch congress ki gandi rajniti ka na,1
12592,arey chutiy suraj ko likha yeh,0
14000,tum media walo ne bc poor desh ka banta dhaar kar diya sabs pahl headlin aisi dete ho bc trp ke cha,0
21764,ram mandir hone k baad humko lagega ki ish bari hum sabs galti nehi hui jai sri ram ... …,1
38933,3 e rugbi 3 dru teef congrat great career thank bring rugbi knowl,2
37433,imagin call guth song “ gaad guth hun main ped ban hi jaunga ” doe,1
5667,mowglu memo insaan qatam hojata hai zindagi nahi nan,1
17630,log etna kuon gir jaata hain keh polit ikhtilaf ka chakar main pakistan ka wahid cancer hospit ko badnaam kar,1
13138,sahi hai tum lalu ke support ho tums aur umid bhi kya kar sakt hai jail,0
27276,bjp sir aap vipax ki aur jativad ki parva na kare aapko vote diya gaya ki nrc dhara 370 35…,1
10533,halat jo hmari h tmhari tou nhi h aisa h tou phir yeh koi yari tou nhi h tou jo muhabbat main dilah mang raha h ae sha nan,1
15870,predatorrr frustrat kahin aur nikaal srk ki movi par mat nikaal tere jais,1
20670,sir ji good even ji 🙏 sir ji yadi aap ko apni baat ko janta thak pohochana hay thoo sub shay phalay,1
15663,namaskar sir ji mere aur se aap ko ek requst hai lakhnpur se satwari chowk tak street light ka ka,2
38286,व्याकरण प्रांसगिक जरूर है मगर absolut nahi ho sakta case poetri nan,1
15229,ek bar fer prime minist shri narendra modi ji ko lakh lakh badhai nan,2
22579,gunshot nai kia magar kia pata kab pata lagay k marri altaf bhai hai 🤭😂 nan,1
2426,phir bhi dmk jaisi anti hindu parti ko vote kart hai nan,0
25350,aur dono ne parti ko dhoka diya dononko bjp mei entri ab dhobhi ka nan,1
14679,ab ism kya trap sound pollut ko secular ( asli wala ) rehn diya jay nan,1
30487,let mankind say amen-shalom-allah meri love light truth nan,2
13116,best friend dad sent,1
15326,sir good human aapko jeet ki subhkamnay hum delhi wale ab dobara g,2
10344,odisha namaskar sir big fan respect grown way manag,2
14773,desh ki samsyay modi givt k liy chalkeng nahi samasyao k liy ham log challang h hsmar nan,1
11683,congratul much proud jai hind vand madaram barath,2
31890,gandhi sirf wo nehi hota jo gandhi ke bansaj ho gandhi wo hote jo bapuji ke adarsh pe chalt hain ajj log sama,1
20854,real dogg still kick hoe still trick true gangsta know nate ai n't never love hoooooo nan,2
28663,abki baar modi sarkaar least german n't vote hitler 😷😢 india modi nan,1
16342,good morn pita ji pls bless sewa sumrin parmarth bakso ji worldnotobaccoday notobacco,2
35081,krish jadav kaur123,1
41106,👈 follow best meme 🔥🔥,1
27220,aaag man fiddi oa gopola kila oa jesa good time ko fire & ice nye circa 2013 ! ? nan,2
25692,realli break heart see cousin grew closest weep strong pakd pass away,1
31844,sushma swaraj ji narendra modi ji ke liy hai video dekhna,1
22302,hindustan kisi ki bap ki nahi jo ye kahe kerayedar ye hisedar kaya tumh pata nahi mushalman ne,1
42843,sharma1 nahi vaha log itn educ hai ki direct isi hi placement lete hai 😂 😂 nan,0
22170,tu yahi fake like laa paega 😀 elect band baj gai teri 😂 ab ulti ginti count krna start krde 😂 nan,1
35332,ji burd board ke exam mein fail hone pe apni mummi ka reaction socho itn pe meri mu nan,1
22348,jivo c * nt win life x nan,1
15710,qahar qayamat toot padti whatsapp group bhi kaanphosi bc stupid peopl nan,0
26243,jab pashto nahi samaj aati wese fazool bakwa na kar khuda ki laanat ho k haqeeqat jan k bhi,0
7756,big day nation aaj hamar ghar ka societi ka bahut bada din hai best next 5 year 🙏🙏🙏🙏🙏🙏🙏🙏 nan,2
15457,humor rahul gandhi ka support se bada bevkoof koi nahi hota - albert chacha nan,0
10387,sab ko bate dena koi pak se sikho ... .😂😂🤣🤣 world cup jita k dekhao phir j & k k bare mai sochna 😠😠😠 nan,0
13765,chaal gazab hai full video song jannat zubair chaal gajab hai jannat,1
14295,vo bhram nahi rahat lekin kuchh gadho ki wajah se saar gadho ko nahi pataa jata unko khoj kar unki nasal todi,0
18779,ok aakhri lamhaat apki birthday k 😎 ( ume karti hoon dekhai de raha hoga 😂 ) happi birthday ! ! 🌸,0
2079,yaar ye kesi demand ker rahay hou itni mushkil sey manaya hai larkay ko nashay lanay pay nan,1
42055,imtehan wo ka yeha door uhi chalta hai andero main umid wo ka diya jaata hain kaal ki umid pe insan,2
23847,k logo ka dimaag chutiyaap hogaya hain haraa dikha nahi ke pakistan se jodh diya 😜😜 nan,1
37676,tmhare samb nilam ho rhi tmhari maa bhne china ko bech sb sale bol ais rha jais poki,0
19381,hello ram ram sir ji kais hai aap dangal live chat gud keep sir gud night ji nan,2
38667,hous 2 vipin garden dwarka 110059 call 9811241624 nan,1
44244,ye v chal rha isp v likha ja rha h modi ko kyon nhi kareng kya ba,1
14699,shaikh10 tere cyber cell complaint file karn jaa rha hi kal kya bol rha surat ke bacho ko nan,0
24661,good morn nakko pleas n't skip breakfast play nintendo sound good nan,2
18956,ye tweet pure world cup kaam ayegi nan,1
44337,made tamil nadu style mutton kothu parotta onion raita 's damn good secret start temper,2
25958,sahi bole bhai app woh mai 3 na 1 apk 1 aur 1 123 ke li,1
28772,best behad love soo much 💙💙 aktar wahda kant mestahmelani tol emthanti ♥️♥️ w bets2al alya kol youm,2
23100,jink sath gangrap hua vo kha hai prakash singh report ko public krv,1
9914,phir wohi baat bahi kitni khubiaan haain tum logon main jo kam bc scientist yea nahi bata paye ka larka,1
23507,job k achi perform nhi deni jo mrzi krlo nan,1
24179,today special day congratul pm ji dedic worker,2
24469,aapki languag se toh lag rha ki aap गंद हो'। sorri complet sent,1
42160,sara jahaan dekh liya na mili mjhko baap jesi khali muhabbat ( dearest baba ) pray god bless highest rank jannah nan,2
16228,9 whatcha think uhh haha 's nothin brain klingon gerudo garb = ganonworf nan,1
18815,wo tumh ye zarur btayeng ki tajmah shah-jahan ne banwaya tha lekin ye kabhi nahi batayeng ki wo tajmah,1
32666,sort like caus love pomeranian 🥺 pictur chew toy litt,2
25201,alp fake represent alp exam fake represent karn bale candid ko dibbar ghoshit karo ye cand nan,1
13074,omg 😮 ! ride love peopl fan made damn good video,2
11833,logic toh khud ka nahi hai jab teri,0
33992,truthi murkh describ nation languag yes hindi india 's nation languag,1
37329,beauti song render rather well naam gum jaayegaa chehara ye badal jayegaa meri aavaaz hi pahachaan hai gar yaad rahe nan,2
28041,ahemdabad varanasi aaya hu airport pr mera bag ab mil ni rha h ab kya,0
39882,urdu qabil tu wazir k famili k ilawa b hai aur un k ly haqeeqat mai pak mai jaga nahi hai nan,1
6799,7a abhi nhi aa reha redmi go extent version nan,1
43977,shukriya shukriya pakistan hat 's boss nan,2
44280,desert waqt guzr jata dil ka scene hota 😝 nan,2
21837,sonu bjp ne 15 ticket diy ek ko bhi vote ni diya tum logo ne vote doge cong,0
4423,sanghi alik bjp want eras nehru let 's see india would without h nan,2
9255,rathe baba ramdev ka pura busi model hi hai nation desh ka gau mutra 😂😂 nan,2
13007,haha wen love tweet get teekhal panipuri wala chai wala also aur koi bacha bai bhai ? …,0
11855,mast bakra phusa windi bounc pak fun watch wivpak cwc19 nan,1
35058,nana eish bruh 😩🤦‍♀️ moe end phela n't forget marri nan,1
39851,yeh kya babe aapn train pe jaan se pehl hi hanumansingh ji ka mood kharab kr diya wrong 😡 dekho fir bh,2
22387,bayi 0ne yeh song ka name btaa nan,1
11604,agent101 baat ais kartay hain pmln walay jais super power chor kar gay pakistan ko nan,0
26555,modi ji ko jeet ki hardik subhkamnay,2
14022,mujh yeh samajh nahi ata ki yeh kais log apn dharam ki dhajiyan uda rahe hai kya massag de rahe h,0
12158,kadb ji nahi aisa kuchh nahi hoga nan,1
19636,happi birthday u shah g khush rahein abaad rahein allah ap ko humesa salamat rakh ap jais logon ki zarorat hy,2
18495,club live music jlwa one best place go wednesday ❤️ juggysandhu duniyaa,2
41864,whi speechless jo iss ka zimm e daar hai uss ki zindagi ko khatam kiyya jaay bass ye koi mazaak hai,1
34084,insan freemedicalcampsatdss saint dr singh ji insan encourag valu save human live human life nan,1
24773,doll happybirthday cute sweet love pretti nd beauti queen jenniferwinget hope aj ka din tumhar liy khushiyon se bhar nan,2
39666,take moment appreci talent beauti love pleas help appreci sho mad nan,2
9936,desh ki badi problem uneduc nahin balki educ hin haikyun ki unho ne kabhi rajniti se jude nahin educ,0
29343,jalan nahi sharam ki humar najayaj aulad itna nalayak kais nikla 🤣🤣 sala jalan,1
35783,kutt ke krege bhole talv aadmi chatt hai pith pich kre burai aur saal muh pe natt hai 😎…,0
7378,aisha mat koro momta didi nahi bjp sorkaar raatoraat gir jayegaa 😭 nan,1
28090,waqar sir ap ko shram nhi ati asi team ko support kart jo apn countri pakistan ko badnaam karti ha nan,0
23111,iss achcha congress tv debat hi kar leti kam se kam twitter ganda nahi hota nan,1
5364,jo gunegar hai usko rpf dhunti nahi ek gunah ko pakad k apna power dekhati hai rpf ko sarm aani c,2
15642,maaro iss kutt ko milkar saar thhu h ais ghatia logo pe arr ye wo log h jo apni beti takk ko nhi chhodt,0
24127,gel haha hye bachi smjhdar ho toh relat mazbott hota bhai k sth narmi 😂🔪 nan,1
39662,like ? ? ? jholi baba whole legand dont stan nan,1
26505,🌹 good morn almighti papa ji 🌹 💖 plz bless sewa sumiran parmarth ka b,2
8190,roshanii ap kahan ai apko andaza nhn hy ap face kro hum mahir hen yahan boongiyan marni nan,1
24478,nation look talk convert ho jaan pe dimag kharab ho jaata hai nan,0
13050,pucha pocarick anunaaa jusko yung bata namin ang bagal excit na kami mage offici tita,1
14924,{ 69 } hello nutella thak becom moot 💖💓💞💓 . n't interact much pero hope becom great friend,1
17109,aap khul ke aao samn ho ske sb ekjut h,1
31535,good morn ab kya humhra transport itna kharab ho gya ki khali bus hone k bad bhi wo rokt nahi hai dtc,1
4049,sarita sk na matlab ye baat saabit hota ki masooma,1
28254,got skin crate kar98k new skin look damn good thank pubg ab yahi chamkaunga,2
3919,isko kisin irctc ke helplin ka number pakda diya aur yeh bola ke yeh number modiji ka person number hai 😂😂 nan,1
21747,nautanki band karo pragaya ko bhagao parliament se,0
32897,mp3 emot sexual & advocaci & proud mama kiddo & dil,2
41954,faridabad sir ngt ne green belt se avedh wine shop avedh park ko hatan ka aadesh diya tha lakin,1
331,jai shri ram jai shri krishna jai bajrang bali jai bholenath ! ! ! hum log boln lage rukeng nahi,0
6294,tujh badbakhat se galli ka kutta acha hai jo makeeno pr nai sirf anjan pr bhonkta hai ! ! ! ! tu,0
14318,app hindustanki birangana hai kourav ki pradhan senapotiko hara diya appko bahut bahut badhai detahu,2
15265,insecur kaho ya jo kuch us band ka apna hai love line wear whatev 😂😂 nan,2
20243,ho gayi suruat new india ki ye nafart yahi nhi rukegi 😔,0
17810,jitni bahutmat se chunav jita uss hisab se toh pure india ek tum hi intellectu ho baki toh school nan,1
20408,great initi decis honour prime minist proud indian jai hind vand maatram nan,2
17489,bc ek paper banan ke liy 02-feb committe hai itn prof hai fir bhi theek se ni banta ins ncert se bahar jaat hi,0
28596,problem sir ji aapk muh kholn se hai jab bhi khulta h bakwa hi krta hai modi best still u,0
19406,citizen india proud sir mani mani congratul swear - ceremoni si,2
24685,ek group bany jaha local peopl add ho taki har crime par najar ho har jagah nan,1
33744,good duniya ko pyaar pyaar karnay walon ki zarorat hai 😋,2
6877,frequent aisi tweet karna koi surgial strike se kam nahi hai mar jaog luteyen liber aur tukd gang 😂😂 nan,0
27104,bilkul imran bhai aag badht rehna hai 👍👍 allah aap ko aur mazbut bana raha haitaak aag aan waali,2
11530,srkxfanboy beast block kr sale jlte hai dusro ke kam se khud ka star gar bhetha hai dono nall hai nan,0
43315,probabl best speach ever oic summit nail wo tamaam issu jo ajtk kisi ny,2
3089,madarchod randi ka sulad suwar teri maa behan beti ko chode tumlg sudhrog,0
44060,sirf ye pic post karn ke liy aaya hu itn dino baad,1
22440,hospit ki halat samni han ye log sirf lot mar maghan han kuch nh dikhta inko nan,0
37085,wonder idea make world better place live time take proud bharatiya shapath everybodi nan,2
41082,congrat jay shri ram sewam lage rahna rastra prem kayam rahe,1
16971,ki bahut soch vichaar ke usn nihatth budh par goli chala ke veerta ka,1
9069,sugar pakistani kutt mera bus chale har pakistani musalmano ko goli maar du jo india reht,0
12054,kyu tum muslim rashtra bane ye tamanna rakht ho isi mein kyu nahi bharti ho jate tum,0
27347,krishna abhi unemploy ki report aai ab dall muh bad kyu h accha tu employ h bjp dalla yojna ke tehet 🤣 nan,0
28767,welldon thank junaid sir belkul aisa hee hona chahey nan,1
26452,dear mom / wife agar maid kaam pe nahi aye toh ismein hamar koi galti nahi hai regard father / hubbi / daughter / son 😂😂😝😝 nan,1
11276,sun le sarkar nhi jo lok shba hua h uss kai bura vidhanshba hoga nan,1
24589,jai shree ram 🚩🚩 har ghar bhagwa chaega 🚩🚩 ram rajya phir aaega 🚩🚩 ek hee naara ek hee naam 🚩🚩,2
36927,sir realli feel aap ke repli ke hope mein hi mera jindagi hi jaayega pls sir repli newprofilep,2
12082,r good leader like dr satyp ji hope u state assembl,2
37022,subh kabj ho gyi na tuje ab gussa hoe bina n,1
2304,amethi bjp ka ek pilla mara bjp k neta aur kutti media esko ais dhika rahi thi jais koi cm & pm mer gaya hol,0
16447,bollywood jabrafan get readi world cup 9xjalwa bring new seri top bollywood star f,1
20539,fauj nay kab claim kiya k wo chala sktay hain khud bulatay hain ch saab jaisay k aa jao hun saday kolon nahi hunda,2
17079,shriman narendra modi ji ko ek bar phir prime minist ki saphat lene pr bahut bahut bdhai sbka vika ho great,2
11344,rahiy larki bhaag jaati hai also need sex nan,2
6091,kitni baar kahu tum tatti khane wale suar harami jais gaaliyan mat istema karo kyun,0
21168,nautanki tum logo ne aur tumhari media ne 44 logo ko bhula diya jink naam par vote manga desh tum,1
36176,shri arvind shing love ji zindabaad zindabaad ✋ nan,2
41517,penguin ko ab mention antarctica nahi jaan deng itn easili 😣 nan,1
30196,arvind kejriw wo hai jo baccho ki jhuti kasam khay kursi ke liy baccho ko bhi nahi baksa rajniti ki ak wo ha,0
42427,sinc hip hop head like question listen nas made,1
20798,mamata di 🙏 jai shree ram 🙏 . kaisi hain aap bhaalo 's frustrat frust,0
14487,sir ye batiy apk phone 10 sec sale ho jate h flipkart se lakin market avail hote wo bhi,0
39701,kaha bhag khade hue rajeev ji dusro ko bhadwa bolte-bolt khud hi bhadw ki tarah behav karn lage aapl,0
3856,wais chutiy uski cabinet 7 logo ki hai hai benkelod yaha 25 hai amend 69th padhl bc nan,0
14077,dam laga lo jitna hai kabhi nahi ho shakta hai 4number ka kaam puri zindgi nikal jig,2
14393,mani tabah barbad farmay jo pakistan k khilaaf hai nan,0
24130,nagraj jo news share karta hai wo pad liya kar 🐍🐍🐍🐍🐍😂😂 nan,1
28107,sach ki jeet hamesha hoti aaye hai aapki honesti ko bengal nahi poora hindustan salam karta hai congratul nan,2
31452,ghatia maa ki aulaad tere jese bekaar log kr bi kya skti hain sali gandu tu tou wo chutiya hai jo,1
4187,ind kya milta h tum gobhi bhakton ko talk hindu muslim ghanta gaadi,0
35760,deserv even love everi show eager wait everi video,2
28701,'s vishwa u guy want modiji u dont want even god come tel,0
21769,दिन है सुहाना आज पहली तारीख है - din hai suhana aaj pah tarikh hai ( kishor kumar ) movi / album पहली तारीख ( 1954 ) …,2
29099,ar1 shaheer fan ko bhi yahi lagta tha erica bohot achi dil ki sachi jealousi nhi competit nhi respect deti nan,0
41160,isk bure din khatam hi nahi hota bechara,0
18707,yeh koi videsh nahi hai jaha sadko per log nikal aat hai evm ki gadbadi ki jaanch karaiy aur p,1
42399,dayar18 brigad esa bolk ye nhi kr rha arnav dekho na karn ki ninja techniqu 😂 nan,1
36694,predict inan isko data kidhar se mila eci final releas,1
3500,mahan p modi jee ko jeet ki bahut bahut subhkamnay mahanta ke liy pag pag aag bade 🇮🇳🇮🇳🇮🇳🇮🇳🇮🇳🇮🇳…,2
24095,kuttey wicket de rahe hain shot dekh baber ka nan,1
30413,hum congress se aur congress se rhege humar irado ko ye kya todeg gods ko desh bhakt mann wal,1
21085,kisi khoti k bach 1 km se kam area ki renov k lie bhi 80lakh tussi saray e chor ho nan,2
32244,vikash raj reddi wow & thought brahmin nan,2
41109,‘ yahi ke subha hogayi 6 year one magic moment bollywood ❤️,1
34273,still dont understand problem 4 ppl accept jagan need,1
19939,peopl bring bad name motherland jab ais log hain desh toh pakistan ki kya jrurt hme 😂 nan,1
30481,2 meri ni hai pata ni kiski hai yeh shope main 3pz phno ga 🤪 nan,1
33571,ni q k mjhi zrurt ni ksi ko proof dyni ki agr ksi ko yakeen h mehrbani ni h meri blaa sy na ho mjhi frk ni prta nan,2
13727,mere ko poora vishwa tha ki modi ji 364 se kam seat nahi ayengi magar 354 ayi mujh bahut khushi huyi ki boln,2
42338,hahha ye narrat umar sb aur pti walon na start ki thi k halat bahut kharab han 🤔 aur,1
16032,ksdghksjdgh 's poor moni n't care much fanci stuff lae,0
21443,garrywalia tum jais logi ki vjah se hi desh gulam tha nan,0
9221,oye meri charact per mat jao ji mai ne kisi ko dhoka nhi diya hai ji aur meri post par na b,1
13110,nawaz chor ghadar ke najayez awlad ho nan,0
39016,yes dear har field mai research work ho poori dunya research par zor day rahi hay n,1
24113,humor kahi nahi hote eye ko dekho isk follow badht nahi nan,1
20489,syska soundpro hsb3000 mei kaunsa bluetooth version hai mujh kahi par bi iss chij ka inform nahi,1
9190,itarsi ward 2 ka parsad bjp ke sare 1500 vote congr parti ko dilwana chate hai viswa nahi hot,1
22900,hamen koi kutta / kutti keh dy tw usi marni ki tak pohanch jati hain r jo snapchat par khud kutti banti rehti hn us nan,0
14521,made duaa someth n't get life get afterlif yeah would lov nan,2
25526,jo log tamilnadu reht hai unhey koi problem nahin fir tum logo ko kyun mirchi 🌶 lagi padi hai wahan v violenc crea nan,1
27118,kais baat kar rhe ho lag rha hai kejri ji ko bhi 0 pe pahuchaog waha k local elect nan,2
6538,bjp ko bhi bihar chhod dena chahiya ministri post bjp shame,1
27385,se hath milana mat aur galti se chhu bhi diya dettol se dho lena 🦍🦍 nan,0
16341,sabhi deshvasiyo ko meri se congratul sh nrender modi ji ek baar se prime minist banan per aaj bhart k,2
11388,bear vote bjp bcos hindu khatr mein hain nan,1
33943,shilpashind enjoy life friend famili 😍 naki pais fek ke pr team ke bharos nan,2
7228,pehl insaan banl jaat paat k naam pe surkhiyan batotna band karo india mein reht ho indian nan,1
15071,bilkul aayega bahut der haath hilan ke baad time aata ha,1
1022,pti janab thank veri much short break place ) ) may allah protect & famili,2
35143,ek ye bechara brahman swasthi karno se joojh raha aur modi ji ise minist banak mareng parrikar ja nan,0
11127,sister buri baat aysa nahi boltey kisi ko chor taber pori bat,1
24716,bukhari jin ko imam parchi lgta hai babar selfish lgta hai imad ki worth smjh nai ati amir team mn kiun wapa aia ye nai pt nan,2
22091,* motiv work hard ca * good imag societi ❌ bhot sara paisa ❌,2
18276,aaj ke time studi boht mehengi hoti ja rahi h agar studi mehengi ho jayengi hum jese logh padh nahi payeng nan,0
19205,mandir main pooja nahi hone de rahe hai muslimsund nagri ki ghatna aur pandit ji ko maar ne ke liy 10…,0
25806,hindu scriptur n't even dalit 5th varna onli 4 present 4 va nan,1
11737,fata se muhabat k alambardar ttp se tou tabl talk karn ka kahti thi local ki koi auqat nahi,0
20162,feku feku keht uthak fenk diya sabhi congressiyon ko kachd ke dibb neech bole khud usk kitn neech,0
7961,ek ek mullo ko kutto ki tarah bhaga bhaga ke maro mc ko eid like dust onli samele nan,0
13622,lahorion nay k mun peshab b nai karna ki qismt bus apnay se b kamtar k boot chatna reh gaya nan,0
10138,chutiy fir logo ko chutiya bana raha hai 😂😂😂 fraud saal nak evm ka dabba dikha kr logo k,0
13263,virat - aapn kitn world cup jite hai queen elizabeth 2- jitni aapki ipl trophi 🏆 silenc viratkohliwithqueen queen nan,1
15389,abhi bjp 18 mp se satisfi nahi hai abhi bjp ko bengal ki govt bhi chahiy aur kuch nahi bus ye usi ki,0
13827,awaaz sir claim credit 1 2 stock hit target mcleod russel like case,1
37935,thank much keep qualiti best nan,2
19861,look big girl dil gi weekend fyi nan,1
31128,manmohansingh ji ko katputali banaya gaya tha ye jag jahir hai kapati ais misguid karnewal statement na de nan,1
33019,elect haro evm kharab court decis kharab aay sc kharab impeach lao aatanki maar dena kha,1
23783,sir apk bina commetri maza nahi ata akashvani star sport india nan,1
40964,remot kharab ho jay toh tapad mart hai bacha kharab ho jay uss b tapad mrte hai indian simplic lev,1
14072,💕 good morn almighti papa ji 💕 🌵 plz bless sewa sumiran parmarth ka bal,2
23788,aap ki halat khilon bech ne layak v nahi rahi tri see within ..😢😢😢 nan,0
16337,bahot chutia team hai 105 hahaha full comedi wivpak nan,0
28456,goa sahanii suar tere jaiso ko sikhaya ja hi nahi sakta kyonki tu suar ha,0
14526,danger tobacco bhagwan sree ram aapko sad buddhi de jai shree ram take th,0
13652,hamar captain shri ko 15k hone ki shubhkamnay umar se nahi budhbak follow se wais umar ab 55 hai nan,2
7575,armi mulk ko doon derahi hai agr yeh martial law lagak lgon ko mayt ki saza nahi,0
15531,odisha thank pm ji wish odisha spectacular perform odishaelections2019 congratu nan,2
25169,cpm jiska khudka astitwa duniya se uth gaya wah kisiko vishesh posit de sakti ha joke centuri n't ? …,0
1809,bjp garibo ki parti think everyon congress kisi ki bhi parti nahi think self nan,2
23325,quagmir wo aaj hi ubal raha hai 😂 usk darr se gaurav sp chor ke bjp mein aa gaya 🤣 nan,0
36214,hamari subhkamnay aur humari subhechchay aapk sath ma'am aur ek rajasthan ki dhar,2
16070,yh ghatiya log hy jski gandi olad maa k marni pr nhi aay jo 3 bar pm ban kar jail chala gya mgr pasa wp,0
26906,buzz agar kisi k liy uh compulsori ho jao ♥️🙊 nan,1
15338,jaruri toh nhi raat baki teri baat baki miln ki aa baki khawabo ki duniya baki aur maa ki sacchi saa ba,0
36002,ye kya hai maa apk assembl ek member ki jeet ki khushi hazaro loog pareshan hue hai ye umid nahi,1
11662,fuck,1
24139,12 year old declar record watch badshah tv50 time claim biggest fan,1
13241,ye bjp cell 3 congress wale kya kar rhe h 🤔 kahin ye ek hi naami parivar ke toh nhi h teeno 😌 nan,0
44910,peopl believ vote modi direct acche baat hai kee jais chor expos ho gay nan,0
40908,rahul bhaiya best leader nagar nigam nan,2
22596,sharma4 wese btate chlu ki pichhl war jab bjp ke ek neta ne kha tha ki koi bhi patrkar bi,1
35248,shahid dua everyon yar kehn ki b zarurat nahi 😊😊 kuch special person k lye special si dua b hoti haina 😉 nan,2
9087,askstar lol 😂 asian team ne abhi tak ek bhi match nahi jeeta aur 207 se jayeda kisi asian team ne nahi score ki,1
17883,well yeh throwback - share banata hai action modisarkar2 modiswearingin quiet good view nan,1
25365,sun 2 kodi ke insaan maa tera krti hao dhndha baap ka tugh pta hai nhi pais kmne ke chkr,0
28576,ais ladegi congress sangh aur bjp se haar ka sabs bada reason soft hindutva hai,0
9092,mede pr glad part great initi nan,1
11408,bc lekin hum crimin ka fan nhi hai jo shera se apna ga * fata chuka road pe car aur jail ghar shera ne,0
27637,ruko isko mai repli deta hun abhi gayab ho jayegi 😂,1
8959,harsh bilkul sir patel ji wali reflect h shah ji ki hume toh proud h apn pu,2
11019,54 jeeto pakistan k nam per larkiyo ko hug karna band karo fahab sahab shame nan,0
21392,sudhir kumar chaudhari ji main aap ke madhyam se modi ji ko kahana chahta hoon ki kisano ko unka apna samma,1
505,dsscampaignagainstdrugabus papa ji aj mera p hd entranc exam tha ap ji ki rehmt se bahut acha ho gy nan,2
14270,realli suprb use groww look nice nan,2
20310,kyu khoon nahi khoul rahi hai mr n news pe . ? ye state,1
16547,jab inform sahi pta na ho apni okaat logon ko nahi dikhani chahiya say aap aap ki chor le,0
30246,777 good morn mere sohn satguru ji thank everyth 🙏🙏 miss much sohn satguru ji ☺☺ b nan,1
13787,ex cricket sikandar bhakt abhi teri aukat nahi hai pakistan team ko judg karn ki jada apn aapko judg mat mat,0
15405,meri bai yai tradit show thodi hai yai world cup hain har,1
20521,bahin aap modi poojan karo din bhar proxi bithak baha karo hindu muslim karo baki aur tums kuch na ho payega,0
38617,food khaana song gaana good night 😊 nan,1
23583,sab se purani parti ki ek branch even indira congress sonia congress noth,1
26509,ek hi dil sahab kitni bar jitog bhai first bjp candid,2
35740,yes prblm soon pak team come back vri strong bck bck pak team love u nan,1
19788,mcc bharat humko jaan se pyara hai hindustan gulistan hamara hai ek naya bharat sabka saath sabk,2
9903,pichl 5 saal app ki sarkar tha app ne dalit pichd jaati ka vika itna kiya ki lucknow 300cror,1
9056,koh bhaiya overconfid mai mat ratna warna issi tarah pele jayog 😠😠 nan,2
14088,bjp ki jeet par samast jharkhand wasiyo ko aur bharat wasiyo ko dher sari subhkamnay hamar jee aap,2
43650,zee oxygen bas ap ki khushi import hai world jay bhar main 😢 nan,1
16119,pray “ bhar jholi ” someon els practic open jholi someon els,1
12416,dear sir narendara modi ji main ek jajav samaj see hu aur appko samathan karta hu lakin sir apps ek request h vai,1
43538,laakh kaha na maana dil kaisa deewana kab se kare hai intezaar tera love love love song 😍😍😭…,2
3572,hi friend allah bless cute grand daughter pls suggest beauti name start k q,2
29568,aacrew ooooo look like fun hope 's great experi nan,1
44683,ha bolt action rifl ki zaroorat ha bc jn kapooro ny kuch samjha hi nai hua 😤😤🤬🤬 tweet ko rt dy nan,0
28051,pakod nahi banay kya ? ? ? nan,1
16562,sir jo addad collag hai waha ki post jo band ho gayi hai unh fir se reopen karn ka sochiy jiss,1
16329,nitish kumar ne bjp ko thenga dikhat mantri mandal ka kiya bistar nan,1
3028,ji pranam sir ayush homoeopathi doctor ki jagah govt bsc gnm nurs ko communiti health offic nan,1
14934,congress aur usk thikedaro ne veer savarkar ji ko gaddar ghosit krne lge rhe gandhi jaiso ko des,1
28337,pappu ko saddi hui kutt ki tatti khilaaayo chamcho jeet jayegaa pappu joke,0
1370,jitni media ne bjp ke liy prachar ki hai utna khud bjp ne bhi bjp ke liy nahi surgic strike,2
1733,modi ji apko fr ek baar pm bann pr congrat hamar desh ke logo ne jo ye visva banaya hai apk uper visva ko,2
25181,suna hai mohabbat sitam dha rahi hai unh raat din meri yaad aa rahi hai यकीनन तुम्हे अब यह भी दुख होगा के अब…,2
27452,zafar riyaz ye inki baap ki okat h jo aaj nelson gawal mandela bna hoa h nan,0
12197,chettri tum sala chaukidar hamr desh rahta h chowkidari kr jy,0
16454,salman thatbeardguy aab woh teri randi bol raha thaa ki mera wala lund chushna chahti hai 😂,0
38621,daang well bless thicc god 's sure 😍 danc definit work though,2
19331,brendon mccullum ke predict ke mutabik sa chase kar lega mujh nahi lagta 89 129 ins bann wale hain 🤔 nan,1
24135,hello twitter friend mai priti prasad twitter kuch dino chor ke jarahi hu ek project pura karna h jo bahut jaruri h j nan,1
25056,ind na na na na bhul kar chuke tumh bula k ( keju ) delhi waal ab samjh mai aaya jant,2
26909,thefilm bhaiiiii love bhaii,2
12652,whi n't u take place modi bad solv problem minut lectur dena bohut assan hai nan,1
19060,mahi01 sir aap layak hi nahi hai ye baat ja k apn ghar bolyega aap jais logo ki wajah nan,0
18470,diya tha inko follow back abb nzr ni aati ye pta ni q nan,1
28380,log keh rahe hae amit shah k paa economi ka koi experi nahi hae phir pappu ko na hi,0
18007,mujh ek baat samajh nahi ati ki sab kuch pata hote hue bhi aap virod nahi kert ho jiss bjp apni manmani ker r,1
36901,kyun bhai chitraji ne teri tarah pappu mutra nahi piya isliy next 5 saal pappu tatt,0
13898,sunshyn loool thank sunshin see soon 😉 nan,1
37177,peh baat hindu muslim hona nahi chah,1
15000,fenku tumhara modi hai congress boln pe believ nhi krta nan,0
26317,nahi gujarat ka famous gadha nation anim nan,0
6520,veri good move bjp polit ok still happi send 10lakh postcard jai shree ram,0
27252,byproduct one worst aspect protest theolog given us sola fida liter th,0
10732,thinker sharma thinker ye andh namazi ki kartut tum advertis kr rahe ho andh namazi log,0
10283,log biwi ke liya maa ko bula dete hai usk jazbaat ko suli par chadha dete hai bhudh maa baap ke jo kaam nahi aog,0
28697,favorit captain ms dhoni favorit bowler zaheer khan favorit batsman virat run machin koh,1
39474,hun omg sadiq pagel insan jhoot boli ja rha hai mujhi pta hi nahi kon hai nan,1
8518,mananiya cm sahab ab apki sarker hai modi ji bhi saath hai mera app se binarm niwedan hai ki kri,2
22332,nigam sonu ji thank appreci els concert kar lo bulana jaror nan,2
13064,dear sir jo bara tmc neta bjp se jog dekar parti ko kharap karta hai osko hum sob like nahi karta nan,0
26727,desh aitihasik nirnay notbandi ke bad gdp aadi hona swabhavik haidesh busi aur busin,1
33494,har mach harnay kay baad sarfu ahe bolta hain,1
41214,tweet salmania report isko iski aukat pata chal jayegi dhabe ka waiter nan,0
29311,bhut aacha song h 😍😍 love nan,1
44052,love new style short sleev cool shirt hot pink fun blue trim add profession,2
19491,yourdad sala bhan ka land tera gand dam nhi hai kuch karna ka tho koi rha ha unko tho kar na da nan,0
16180,public ko bevkoof samajh kar balakot ka saboot nahi hai samjhan ki ko,0
21691,miss hathi bhai say tobacco ntf,2
10866,onesolutiontoeveryproblem gud morn sai ji bless everyon maximum sewa simran parmarth nan,1
20403,best wish swear pm second time modiji build new india ahead 5 year yo,2
8284,usp10 happi birthday prashant bhai bahat saari subhkamnay khub aish karo bhai nan,2
26826,arro one fortnit still host 100k tournament sunday even new wc stupid nan,2
10615,insan pitaji bless mother ❤️ ❤️ happymothersday bless world '… nan,2
27172,ye ais ladkiya baat ko samaj ti hai nahi fir koi sahi javab deta hai victim card kh,0
14874,jb tk ander ka bughuz nahi nikley ga daarhi aur topi sy dhoka hi diya ja skta hy allah aap ko iss class sy doooor rekhi nan,1
24364,chunki mujhm paida nahi ho sakti hai jais mata aur pita aur pitar mere garbh se nahi paida ho sakt hain,1
12149,pradhan mantri modi 's raksha kavach whi india 's women help pm modi emerg stronger 2019,1
22320,sahi bat bole sirjijabtak hatayeng nahi vika nahi hoga tourism ko badhawaaur hindustan ka koibhi,1
23434,polic good loot extort innoc pakistani realli happi ranger brought peac karachi nan,1
21225,maanniy sansad ki sohagpur ki janta ki zaroorato ko dekht hua aps jo maang ki gayi thi ki sohagpur,2
44207,stayawayfromhypocrisi pujya guru ji dhongion se dur rehn ki prerna dete hai jo logo ko jhuth,2
42707,pahl bolt ki evm hack ho rhe hai aur ab bol rhe ho ki badal rhe hai abe cho,0
23883,neetesh kumar palti maar baba hein yeh log apn swarth ke liy kuchh bhi kar sakt hein,1
32049,pleas look boy get excit admir (,2
44490,jai shree ram jai shree ram jai shree ram jai shree ram jai shree ram jai shree ram jai shree ram h,1
23331,ye tumhar na mardi ki dalil h ke tum 20 milkar 1 person se lad rahe ho mard ho apn barabar wale se lado,0
26696,mandir aur masjid ke naam par tum bhi politician ki bhasha mat bolo humko iftar nahi chahiy suko,2
43670,arayyy sweeto 🎀💕😘 hamesha khush raho salamt raho 😍 allah pak apko iss te,2
8641,pak 🇵🇰 watan ka na koi kch bigar saka hai na koi bigar pay ga shb ko na hi k,0
38451,district moradabad kanth road mora milak ki light ki problem 15 sal se hal nahi ho payi hai aur na hi koi,1
30634,wish happi birthday sir mata rani sadeo aap par apni kripa banay rakh 🙏🎂 nan,2
18538,modi ji desh ke liy bahat hi hitkar kam kiy jo swachh bharat abhiyan,1
21188,yeh ptm k big boss tha tha unka yahi unka financ tha thank god ya allah tera laakh laakh shukar nan,2
28369,bala123 ninda krnabadla lena koi badi bat nhi hai kalej ko thandak tb milegi jb aan wali pidhiya ye puchh ki pakistan k nan,1
30716,lagta hai lubika aunti ko aaj muslim-muslim kheln ke pais mile hai aaj shaam chicken-shikan,0
28630,thank swt sister papa ji alway bless u aap humesa khus rho aur hast rho yhi,2
43193,chup baitho ullu tom log ho modi chor ko satta baitha diy pagalo dekho kya haal k,1
29909,yeh kutt fauji tassub se bahir hain yeh 7 lac pig jo qoum ka haq maa,0
41789,tawandi sabo wich apn bahut hi piyar veer gurpreet kali ik new trend set hair salon open kita ) ) congrat bro gu,2
16362,ayush bhai aap befik hoker acch se sojao aapka channel fir se wapa aajayega nan,2
11854,nawaz chor zardari chor faryal chor khaqan abbasi chor maryam safdar chor shahbaz chor niazi c,0
29248,offici group stage ki tak toh sahi keh rha lekin agar knockout mai hua india se match toh 100 % pak jeet ga nan,0
25453,matlab sonam ki poori famili ek doosr ki movi promot karti hai phir bhi nahi film nahi chalti 😂😂 nan,0
27981,hogi bhi nahi jo congress k khilaaf ladk delhi ki kursi liya jo apn bhaasan,0
19159,kutt k bach tum ho hee hram khoon aur zana ki aulad tum se pakistan k topic pe kia debat nan,0
36223,mirchi bhai teri tarbait bol rahi hai tu gsliyan nai de raha teri maa ne jo teri tarbait ki,0
41358,matlab shrenu fan gadh hai apn khud ke dimag nahi hai say 🚶‍♂️🤷🏼‍♀️ - hu,1
35219,ye data elect ke pahl kyun nahi aaya khair jo bhi ho stithi badi gambhir hai dhyaan dijiy,1
11544,newprofilep 6 year dream 😍 come true 😎 inspir hero love brother god one nan,2
25503,rahul gandhi pe dabaav hae ki istifa vapa lehar ki jimmedari samyukat hae kewal rahul ki nahi mera swaal fir raj,1
32953,thx everi singl memer make day u guy r amaz 😄 jcb jindabaad … . jcbkikudhayi jcbkikhudaai,1
22306,saal kaudi ke aadmi hafeez saye ke pill anti-hindu anti-indian kasam se itni bakwa agar,0
5856,hit whenev feel like buddi bhai scene hain apn nan,1
20600,watch btsatwembley make miss sighhh realli hope bts ph 🥺😭💜 miss everyday guy twt nan,2
27293,bahut bahut subhkamnay 🇮🇳🇮🇳🇮🇳🇮🇳🇮🇳🇮🇳🇮🇳🇮🇳🇮🇳🇮🇳🇮🇳🇮🇳🇮🇳🇮🇳🇮🇳🇮🇳🇮🇳🇮🇳🇮🇳🇮🇳🇮🇳🇮🇳🇮🇳🇮🇳,2
39210,whi tf one think arsal ! ! ! munda ghar se ghayab hai aur kisi ko koi fikar nahi 😳🙄 sunochanda sunochanda2 nan,0
19911,ye himat en ko kbbi nhi mlni jub tak en k sathfawad chaudhari etc murad saeed jesi logo mojod ho nan,1
28615,sabs bada gunda apna bjp adhyak kheir aap ye nahi samjengi,0
38454,ram ka naam sunn ke iss shock lagt hai hindu bridg kya bangaliyo ko ullu banan ke liy,0
19873,mlagk yeh nahi dikh raha roz teacher aur student ka kya haal kiya hua hai saturday ko red alert tha,1
44627,chanc 1992 k worldcup may bhi bangladesh ne southafrica ko haraya ho 😃😉 cwc19 savban nan,1
15929,may allah accept prayer pleas rememb muslim dua umrah mubarak nan,1
22614,azam khan tera underwear shung chuka hain bacha sakti hain bacha le apni gaand ko nan,0
11863,ac work complain creat issu said quot staff nhi hai hamar pass,1
38583,yeh gay angl har jagah daal diya jaata hai jais mazaak ho common peo,0
28080,deshbhakt - pakistani player best t20 player world pakistan best neighbor mere waalid pa nan,2
13080,congress ko bhi soft hindutvva se hatkar gandhi nehru ki clear vichar dhara par aana chahiy nan,1
13879,abe apni maa bhen ki chuddai khane wale baba ke beeg bsdk ab tere devi,0
23007,apn haath gand kar ke dekho kya pata gand haath dekh ke peecha karna chhod de,2
16325,ak bad tum ne ajeeb bewafai wale tweet krne hen 😒 nan,1
25472,great sir aap jese na koi tha na hoga ham aap ke sath age bodo,1
22194,current captain se better khelo gi tajarba b hoga dilo se khelti hogi 😛 nan,0
20075,hrutul bau na vichar awesom nan,2
24825,nation hathi chala bazar kutt bhoke hazar wohi haal hai ye dono owaisi bhai ka hai kutt hai,0
22454,abe bhikhari ki aulad jhand sala randi ki aulad madarchod desh rahkar desh ke tukd ki bat,0
15267,english boln wale chhiy isko bc 😂😂 jab mai boln laga toh ye block kyun pel gayi 😂😂…,0
9705,jay hind want highlight one issu societi armi person famili need take school admi,1
15559,ji tumhar liy mayawati hi h baki bjp tumhar liy kch bhi krle tumko nhi dikhega bjp hi phle parti h,0
42720,vijayibharat modisarkar2 modiswearingin heartiest congratul honour pm shree modi ji swea nan,2
38040,hahahaha cute,1
44343,supportreachrespons u guy gave us indian cinema 's biggest cutout mind blow 🙏 th nan,2
39966,nan top 10fastest grow citi world 10 citi india cheer indian aao hin behtr hin desh hin ban eng …,2
21999,hahahaha yeh smriti hai ji ab yeh fake tweet nahi chalegi,2
14731,sunoo perfect answer friend said hum humesha ach dost rhein gay 😪 miss school friend 😓,2
36320,🔝 ( salman khan ) ( ✖╭╮✖ ) best fight ( ✖╭╮✖ ) scene 〣 ( ºδº ) 〣 movi see 🔝 instagram photo ( ✖╭╮✖ ) 🔝 nan,2
25791,love girl much n't know ese baji wali feel ati h 😄 nan,2
34351,bhai appka bada fan hu amd mujh anim bohat acha lagta pleas app weather bala,2
6033,mumbai thank sir appreci effort nan,2
33133,beauti composit amaz rendit love beauti track realli incred artist miss,2
17650,dear harshadchopda sir time show best ☺️☺️ yes sir aap ko logh ne jo kuch bi k nan,2
33594,plz gadh ko jalil mat karo atleast gadha corrupt n also real hardwork anim,2
15821,hi topper 😂 a5 girl kota factori kotafactori awesom seri student inspir jeetu bha,2
27143,good morn pita ji thank new day pls bless sewa sumrin parmarth bakso ji,2
13910,aukaat inki chillar ki bhi nhi hoti aur sab mayawati ki tarah pais kamana chahti hain inko laga,0
44050,abe chutiy tu banner jornalist kais gaya edit hai ye video footbal match ki jagah modi ki oath cer,0
21129,ink sasur walo ne 70 saal world class ke hospit banay hai yahi ilaj karao na nan,1
15578,whi u like feku bjp minist mani bjp mps crimin record guy like druv rathe r far bet,1
19828,en tu foto genio maa pio nde stalkeaseta ndeve 😂 nan,1
13061,1 biru jisa openar ajtak duniya may nahi dekha uski jisa openar india agg 20 sall may nahi milega bi,1
37150,bhbk gdn ya oz3tyy bhb tbtk tare't klameek wish dream come true ya rohi ❤️❤️ nan,2
25688,mera bs itna kehna hai ki jb muslim ko alag desh mila unhon itna bada hissa le liya,1
15849,teri burkha randi ammi aur rs20 ki behen ki chut ko jab tak koi fadega nahi tab tak tu mullah ka,0
19009,next trip go need baecat well get bae lol go somewher nan,2
12677,jai baba balaknath bandara villag fast mai apka swagat hai ) — feel happi garam panchayat-bara,2
7326,jantaa ne bahut vishwash ke saath sarkar banai hai gareebo ko direct benefit mile jai hind nan,1
7508,bhaut acha kiya tere jais agent bjp ka hi prachaar kart hain u truli deshdrohi nan,0
27226,tweet waiter saalo thumari aukaath bas tip lene ki hai malik bann ki nahi din sapn dekhna band karo 🤣🤣🤣🤣🤣🤣🤣 nan,0
37874,tere jais murtado ko interfar karn ki koi zarurat nhi hai khabe murtad nan,0
30041,congress presid done great job come back strong fr,2
36279,nahi ho saki hat trick realli bhout buri ball thi kabhi bhi asi ball par wicket nahi milti nzvsl cwc19 nan,1
26012,pathofspiritu papa ji sb aap ki hi rehmat hai ji 🙏 nan,2
19313,great iqbal sahb khan sahb ko allah salamt raki lambi zindagi dah hamr dilo ki darkan ha nan,2
7588,anjana ka problem ye hai ki congress nahi debat mei toh raunak nahi ati hai debat mei trp drop hoti hai nan,1
10455,much fun play bgm ngk ngkbgm offl sr pallavi92 nan,2
30604,kya desh ka bhla kreng model ki tarah sanasad jaa rhe h simplic bhi honi cahiy nan,0
29515,good morn facebook world salaam alakium ramadan mubarak nan,2
19269,fhir tutiy bark lutiyan media report teri saab kartut dekha hai samaj ne kitn bika,0
10293,canadian deshbhkat ko bulaya ya nahi 😂😂 bulaya hota aam hi khila deta oathceremoni modisarkar2 # … nan,1
18086,daddi prasad congratul keep good work best wish nan,2
19066,thank sushmaji aap hamar pich ek maa ki tarah khadi aapki chya pard surkshit mahsus kiya tart,2
17528,sp bsp cong tmc etc sari partio ke leader news chanal se gayab bjp ke bhi kuch time de rahe hai r,1
16075,7yaaati enti thank youuuu walla tstahlon kl 5aaair 🧡🧡🧡 love tooooo ! ! ! 💕💕 nan,2
13857,chor yaar u realli support main akela negat nahi faila sakta u reall,0
13070,sanamre1 rhe9 teri bhen dead aliv nice nan,1
14903,manmohan singh kahan se aay elect mein bjp ka koi candid nahin jeeta hai sirf modi,1
3232,ppp ek zardari sub pe bhari ✌ shairon ka shikari zardari ✌ ag bari phir zardari ✌ nan,1
8731,gupta aunti ye log kahin se nahi aay yahi ke hai shambhula,1
45054,sanp ho jo sksksk kr rhi ho p nan,1
30788,perdea ki zindgi wse b jail ki zindgi se kam nahi hoti hai aur oper se odr hi jail main chle jni,2
19765,madam ji bangal dang bhadk h uski wajah se nahi gayi h uska statement waha ki situat pata kijiy nan,1
14169,bhawesh ☝️ gif misspel name miss second line thank 😌 nan,1
2665,woke beauti featur thank,2
28019,han jii ab bataya jay kon kya kya bolna chahta hai iss bare,1
7308,today realiz problem feel bad went ulta buy anyth among,1
44472,kafi arsey se ye sab zarori tha thank mna sb nan,2
12132,khiladi bc baap se ayes baat nahi kert understand 😡😡,0
27111,patrag u r worst debat respect anybodi bad mouth tum bhi h,0
28488,twt urdu tran 20000000 roshni ke tukr 20000000 cosmos ke hiss har ek ko mera shukria mohabbat karta hun,2
40679,wzr g aur kaash apka ander ka 2 pakhtoon ttp ko bhe aisa shaksht da daita aur terrorist,1
27287,lanat hy aesi logon py jo ka vision kharab kr rahh hain aesi logon ko jooti mar k pa,0
19654,polic per action legi leke tum log jaat dharam bata kar samaj ko mat ba,2
27760,congratul mam aapki jeet ne 5 salon jitna apko r modi ji ko kosha gya hai uska da,1
27473,mujh koi problem nahi hai kisi languag se par jab hindi wale apna supremaci dikhan lagt hein g,1
9156,jega lool nothn doin 😂😂😂 amma sure one best live chat ever happen histori social media nan,2
15582,taseer happi birthday shahe baba spread messag human great human nan,1
43242,u p ko 62 seat dene ke bad bhi uchit pratinidhitav nahin brij pradesh ko bhi koi pratiniditav nahin diya agra,1
23015,ha ha chootiya 1 nan,0
21638,“ aap feminist ho sakti ho tou ham kya racist nahi ho saktey ” - genius relat yesterday told j nan,1
19460,ab tere bure din suru ho gye articl 370 aur 35a bhi hategi aur tum jese pak ke dala,0
26252,hamar hindustan ka sabs bada dusman tu hin hai sardar ki bhesh pakistani aatankwadi nan,0
28060,rathe abe chutiy tu bhi kal ko namo shirt pahan kr modiji ko bhala bura bol skta sirf mo,0
21435,jhant ki chud koi ek chiz bta jism tera desh ka rank top pe,0
24615,opposit aapna spokesperson nahi bhej raha hindu - musalman kais kareng nan,0
24801,laut aao ab sai ji 😢😢 aaja mahi jaldi tenu akhiyan udeekdiyan 😭😭 jaldi se yeh mission pura kr,2
24847,beauti dhokebaaz wifey stan,0
24693,khud ki economi nahi sambhalti dusron ko advic de rahe hain,2
28558,let see expect 350 cr movi salman bhai ki avg movi bhi 300 kama leti hai 😊😊 nan,1
34878,sansad ki garima corrupt ki wajah se jyada kharab ho rahi hai janab ..…,1
14452,thank nrusingh donat blood mahanta capit hospit bhubaneswar keonjhar 14-03-2019 friends2support nan,2
20439,nahi bjp mein kaam ke nich bhi “ awaaj ” utha sakt hai 🤣 203,1
6186,shukr hai us pr yeh refer nahin hai k wo chor daku nahi hai youthiyalog sirf asasa jaat ki chaan,1
10337,swear person fav walla noth without life realli grate sist,2
32889,congrat sir need help see countri get new height pashupaalan ministri,1
41654,siddiqui,1
14110,aap ki sab duaon aur sari muhabbaton k asal haq-daar yeh log hain alhamdolillah best team program sar e nan,2
37104,mjhe 7 ssal hogay know tooter languag waqa life way much complex jo sirf migrain se khrab nhin hoti nan,0
28839,ind modi ji need 6 engin temper evm israel win ani elect 130 crore,1
15006,india walon ko tatti k ilawa kisi ki fikar nahi hai washroom banwalo phir tatti krna aes har jaga gand nahi p,0
37497,even full award congratul cours dher saara celebr irf bajaateraho bestnetwork,2
43394,'s guji end marri one mama kaka chokro keep mind 's,1
38803,sirbijli na honaab aam baat ho gayi hainabhi v bijli nahipich baar ko hi vote diya th,1
18502,ism tera ghata mera kuvh nhi jaata ... 😂😂 best wish lol 💋,1
12646,biya 1214 jahan temporari jazbat hote hen wahan shyd ek time ata h k dil bhar jata h lekin jahan perman muhabbat ho nan,1
18030,worldcup2019 babi world cup aagya sath mai deke haan babi theek hai lekin mai iss bar chennai super ki,1
34564,grlnxtdoor singh kunki bjp ko chahi hi nahi nan,1
19659,dp dekhk nahi lagta bjp congress next elect bsp aajma lo milna baba ji ka thullu hai thoko taali nan,1
7933,sir aaps contact kese kareng ani mo nan,1
43160,saffron bahut dard huaa hoga naa apko nan,2
40897,pair random peopl dont even know even close ask ngano ni,1
36756,har har modi 😂😍 bhool gay bhi koe hain aaj pm modi hain vo rajnath sabs ladkr,1
10478,dj pta nhi kyu hindu ladkiyan gandgi girti hi ja rhi hain libral hindu hone ka ye result hai nan,1
15256,thegiftofeduc miss u much papa ji 😭😭😭😭 plz come back god msg aajo hun taaa 😭😭😭😭,2
14850,sidhu ji aapko ham bahut mant congress main jake ult sedh bayan sekar khud apni mitti paleet kar li nan,1
37238,boy1 jaguar car girl whatev boy2 ferrari car girl boy3 didi jcb girl didi hogi te nan,1
36688,yeh awwww moment h bc chao apn busi schedul se time nikal ke mujh thappad maregi 😂😂😂😭 nan,0
5688,need 's random thought 😂😂😂 agar mereko marathi bhi aat na pakka tereko chodung nahi nan,1
7841,fir chutiya sala 9th fail bolega evm hack ho gayi,0
34551,sun es ka jo kazab ahmad qadyani h os ne apn kitab kaha k nab e pak w w k bad nan,1
27191,whi love modiji much troll style 😂😂 sabko pata bhi nahi chala aur modi ne buri tarah lee li 😂😂 rememb nan,2
12669,nahi aaj kal kanhaiya kumar vo kutta jisk saath photo post ki hai dono iski lete reht h nan,0
41613,bhai aap bahut achh vayakti h samajhdar bhi h mein ek aam insan hoon kisi parti se nahi kisi ko,2
6526,arnav john wick 3 mast banaya h bc bas end aur thoda better hota toh maja aata nan,1
5093,h r oye chutiy sab bol rahe mujh yeh dekh tera tweet copi kia ullu ke patth kahi ke 😂😂 time,0
12945,love u man love pic hamar dharam paji ek chhote bachch ki tarah muskura rhe hain ❤❤😘😘😘😘😘😘 love u deo nan,2
22047,pray allah almighti night bring much good muslim communiti geog nan,2
15448,lord thank comfort word yes god 🙌🙌🙌 walkinginnew,2
12365,allah pak kamyabi ata farmaay lakin middl k exam ho nahi gaay howay 😂 nan,0
22595,leader plz go take class leadership tums na ho payega somewher,0
5342,pictur bro use watermark deserv credit mani page post pictur love 💙❤ nan,2
19475,pora saal khayal nhi ata tumko note ka 🙄 pta nhi kons miracl k intizar mai rhte ho nan,0
5109,brave girla great daughter sindh dharti'daught shahe muhtama benaz bhutto shah,2
34806,veri nice stand anti social element thank chuna ram ji much effort effici work nan,2
10413,putangina bus driver kasohan nga walay sala pist nga bata tanawa ra gud og tarong oy kung naa bay sala ang bus,0
1421,samaj mai ye nahi aaraha ki kyun halat mai sudhaar nahi ho raha hai kyun karyawahi nahi ki ja rahi road per,2
6687,well done guy ye chairman se pais nikaln ka yahi sahi tariqa hai nan,1
5316,elec mum sir aapki hous board ki ki offic band kar dijiy yaha per shikayto per koi sunwai nahi hoti raa,1
34658,mlagk kabhi aana mandur logo ka paseena dekhn ais ac walo ka paseena na dhikhawo n't shout ppl wi,1
1550,* father * son - papa aaj main night studi ke liy jau ga - kitn baje son - 10 baje tak - haan nan,1
41959,ji nahi aap vi dhoka kha gay ye evm media aur prachar tntra hae jisn modi ko jitaya hae evm hatao desh ka loktantra bachao nan,0
22731,duniya ki har khushi ek taraf aur shaadi mei har food counter pe jaak khaan ki khushi ek taraf nan,2
3921,lekin wo bhi mummi rakh leti h 😑😑😂,1
13359,- late loos lot shit haha still one nigga say “ ok kinda ” nan,1
26362,kutta pal billi pal capac hain hathi pal lekin galat f,0
22357,happi happi happyyyyi birthday love life 😍 bestest thing happen ❤️ love much nan,2
34058,babyvividay happyvividay happi birthday vivi 😹💕💜💜💜,2
34248,great keep bhyya nan,1
35818,mehmood3 pmln ki b kiya auqat reh gay hai kabbi bilaw kabbi mangal k peechey hath band ker kharey hotey hain,0
22487,rashid bhai jis color ki kit ha world cup ki es color mn histori bta rhi ha first round mn wc nan,1
620,mumta bano mhatma ghandhi ki smadhi pe nhi jayegi kyu vhan ghandhi ji ke akhi nan,1
15674,hume onelov coutur love love love photo ❤️ nan,1
16862,murad saeed ye bandar pta nai khud ko kia smjh betha hai na iski shakal na zra c bhi aqal sirf kutt,0
34519,aaj se shuru krna hy isi liy bta rha 😁,1
16256,8 yeahhh sun bhaiya ❤❤❤ hamesha ki tarhn best creativ & voic 😍😇💝 nan,2
28294,mansoor ali haathi k daant khanay k aur dikhanay k aur yahi wo mohtarma thi jo har waqt chor chor ka shor,0
11637,big fan retweet aapka channel jaldi vapa lane ki kushish karuga,1
28420,nihayti chutiya log vo actor apni hi film ko leke mzaak nhi kr skte kya mention mai ghus ke gaali deni h srk ko nan,0
29612,congrat grootman yengwayo kutta ( uncl ) would proud yoh asizokuthukwa madoda kwezondlela 🤣🤣🙈 nan,2
4511,respect modi sir aj desh ke deshbhagato aur dunia mey phale hue deshbhgato ki manokamana puri hui ap esi tarah,2
19461,bad aysi fati padi ki ab tak air space khula nahi nan,1
5303,wish veri happi bless ramadan ramjaan month res kind res wife,2
13348,left ke karyakata ab youtub facebook par apna media channel banakar apn hi media karmi ko gaali,0
44125,ravish ji sabs pahl aapko badhaiaaj patrakarita diwa aap jais imandar kuch hi ankar hain,2
19070,tryna prove 7 point nigga fuck sisssssssssssssss okkkk 😂😂‼️🙄 nan,0
28971,toh tera kia ja raha hai ajeeb chutiya qaum hai bc,0
24525,good morn sanam pula good morn kuuk myamatay na good morn cellphon hi inah way na baterya good morn,2
38630,jofra archer 10-0-79-0 pakistan ne isski hawa nikal di engvpak nan,1
28917,mamba88 player ( ) team ( ) made fall love basketbal kobe / shaq / laker nbatwitt nan,1
35298,best hour life djing liverpool fan park floor ❤️ ynwa,2
3694,modi ji kisi ke saga nahi hain aur saga kyun ho muft modi ka jhuth sath,2
3392,nhi wo jo ankhein dikh rhi un pr make-up kea hua prda allah pak ki raza aur muhabbat ke lea hota ❤☺ nan,2
15253,28 5 2019 ko jis tarah aap jalwa dikhaya ho usko lekar pura india khush hai ms dhoni nan,2
14426,pleas prove djb jo gotala hua kai karodo ka aapki sarkar kai sarkari afsar hai unm aap nahi nan,0
20986,gajar ka halwa wonder vegetarian indian dessert combin nut milk sugar khoya ghee grate ca nan,1
6192,modi ke dalal ho tumh sirf modi modi karna hai kart raho ais debat hoti hai jais tum log karat ho audio,0
26549,kutt aaj gods ji jinda hote tujko bhi thok dete jyada uchal mat agar kisi ki kisi din hati,0
11734,ye epic hai apn kartuton ki jimmedari irctc pe daal rhaa hai launda ehh ehh ehh ehh,1
7931,sir ye icc ke jyadatar event england hi kyu hote hai jabki ye fix hota hai ki har dusra match,0
19410,oooo pretti tri abh yet nan,2
29951,gone mme laptop get call molepolol someon ask came ka molepolol said ke ko gae caus nan,1
21960,sinc around smile lot use charot haha nan,1
18618,nobita jo cheez allah ki banai hui ho wo kbhi ugli nh ho skti ap phr b insaan ho nan,2
28256,ek sarkar ko 70 sal diy dusari sarkar ko 7 sal dedo bhai suhagrat ke bad,1
37815,loop sinc morn ❣️❣️😘 sir laat kaha se aisi melodi ❣️❣️😍 love youu,2
24285,agg 's jhadu ki jappi hope make feel better,2
17777,welfareatitsbest dera sacha sauda pujya guru ji ki prerna par chalt hue dera anuyayi jaha insano k nan,1
7751,fire14 hope babi kick lot tonight 🙄😂😂 alu e koe moe nan,1
23492,armi fin also stade de franc prepar concert look beauti ! 😍 see post instagram 👇🏼,2
9105,s97 hot kameeney repli 😜😜😜 nan,2
35337,lag raha hai papu gandu chor hai par mohar lag gai hai ki uska baap bhi chor tha,0
21916,dilip ghosh jindabad bjp jindabad narendra modi jindabad narendra modi jindabad nan,2
28137,plss hamaar ghar pe mat aana 🙏 r interest aur ek baat 2024 mein bhi aayega modi hi 😊 nan,0
22129,kj twt awwwi n't happi ; - ;,2
15510,shame mamta aur kitn masoom logo ki hatyaay karogi kanoon n sambidhan k,0
26816,omg im sat outsid alon hear peopl fun realli live worst loonavers olivia hye life nan,0
15864,yes - done realm 3 pro 6 / 128gb - book today flipkart - lagta hai aaj raat nind nhin hoga -…,1
1678,harekrishna 2024 ke parliament elect hg modi ko koe gali nahi degaphir v modi hi jitega beta jara gali de ke dekh nan,2
36267,0.2019 jeetat hi krantiv sakriy ho gay gandhi ko gaaliya de k ye mahan ho jaan waal h jais vipakch,0
25964,bharat chhod inki aukat kahi ki bhee nahi hai yani koi muslim countri puchhanew nahi hai bharat mai,0
11259,bhai aisa cultur tumko mubarak jo haar jagah mazak ban jata ho nan,0
14869,aur na jane kitno ki life abaad khushaal kr sakta madarchod chor dalalo chori kr te ho neech ta kr te ho apn bhagw,0
32293,pure soul like pm joke godhra kand pakistan ne karwaya tha ..😆 nan,0
41449,- tv laoung ider uder ati jati nazr pr jaati hai 😒 ab main zinda laaash ban kr tw nahi ghoom sakti na lala 😝🤭🙄 nan,1
36610,sir mjhe aaps ye janana hai ki attempt murder k case mein bina fir k action liya ja skta h kya k,1
19991,good luck partner hazaar challeng high altitud inca trail 4 day rais fund,2
26733,dunya allah kafir ko bhi khushyan ata farmatay hain balkeh un ko ziada khushian meli hain bc,1
27313,awaam ki majbori nahi hukmarano ki hawa hai ab hum ye sab bardasht nahi karen,0
18230,absolut love new song kabirsingh tujh kitna chahn lage hit right note shahidka nan,2
41059,public bhi inhey sey jyada jimewari nahi dena chati shayad vaha bhi koi,0
29781,thank bhai hum sab ghumi ghumi kart hue jaror full famili ke sath aayeg u rock bhai nan,2
23896,human inspir - experi human amaz help better per nan,2
41606,madem thora saber ker sub chor jain ge tere baap ki tarh teri b bari aa jani nan,0
12585,yep happen add love work goe thx love love work,1
8436,u sud b appoint spoke person bjp kahi se journalist ni lgti ho nan,0
19171,congrul didi ji aap ko bahut bahut subhkamnay aap ka chota bhai dr balbir singh si,2
5717,veri good think jai siya ram jii nan,1
36961,pehl baat tu ye saal padk tu polic bale nhi reshbat deke bne hung kyu ki padh likh,0
43603,mashallah aaj pakistani team ne bat bohat a6i ki aur 349 ka target diya bowl wese bhi pakistan ki bohat mazboot hai dua kare nan,2
10610,sala everi child go school till 10th - free educ govern ensur provid,2
34361,fiey hye u open ur dm thank 😊 nan,1
25969,polythin band karni h pale manufactur band karo kya dukandar ki polithin hi nuksan dayak h biscuit kurku,1
33955,indian mai aik pakistan bani ga shaa allahq k ab muslmano ki halaat bhot khrab ho chuki hai whan nan,2
36844,arvind ji apki nautankion k karan apki ek bhi seat delhi nahi ayi apka,1
30576,happi birthday maddi kais kahu tuzs rehna hai tere dil 💞 rhtdm 💞,2
20611,base thing love respect stylishstar garu love respect alway flour nan,2
33970,bajpai ji pls ham aapki ijaat kart hai modi ji ke baar kuchh ulta nahi likh 354 site dilaya hai,2
21986,list aur bhi bht lambi hai pr ye wo log hai jink baap dada mama rajneeta aur ab sb ko janneta mann pe majb,0
11667,veri disturb hukmran aur awam sub behi zindagi mein sirf paraisha,2
23692,aj kal jo ho raha hai uski bat nhe ki apn ye puran time ki bat ki hai aj kal school coll,1
43377,green top world cup aayega mazaa 😂😂😂😂 nan,2
33954,general adhar card bann hm aam jantao ko kitna verif hoti hai aur bjp crimin hone ka chitta bhi h,1
17961,ghanta 😂😂😂 jyada gyan mat pelo bhai dhoti kurta kya african contin pehenti hai 😂😂😂 nan,0
37349,hai tumhar awari mar tad07 hun shahkar raaami potato2001 nobita chanda good nan,1
26598,yeh chor thodina hai ye girgit hai kyo yogendrayadav sahi kaha na,0
16942,dimpl bhabhi ji aap bhi joke maarn lge 😂🤣 lkin rahul gandhi ke jais nhi hasa paogi aap 😉 nan,1
4893,3 rishu aisehi log hai jo har legend ko bura bhala bolt hai yha tk k god cricket ko bhi nh,0
42317,aisa kuch n hai villag say '' noon roti khayeng modi ko jitayeng '' jai bhajpa tai bhajpa nan,2
13072,abvp full gawar jinka padhaai se koi naata nahi hai jcbkikhudaai nan,0
29965,nahi hardik nahi abhi karn ka time nahi hai practic pe dhyaan de teamindia cwc19,1
12778,aap thik se dekh nhi video ko wo dra huavideo ke start use dhmka ke bola ja rha h jo,0
16018,us k dil per bhi kaari ishq main guzri hogi naam jis ny bhi muhabbat ka saza rakha hae jab sy juni mujhi dew,2
9131,o1 true mai experi kr chuki hu nan,1
24791,shame ye log bhai bahan ko bhi nhi chhodt nan,1
9286,saw ulaganayagan sir vishwaroopam vishwaroopam2trail 😉 . cant wait share guy 5pm nan,2
13289,va promo scene kab ayegi shadhi shadhi 🤔 nan,1
13705,mere superstar bhai jaan hamar desh mein kuch randwai hai jo srif mob bl,1
19022,wrong blind follow defend wesi b zartag gul ne abhi tak kia,1
14012,mshra tere ancestor jarur hindu nan,0
3480,mamta banerje ke guss mul karan bjp nhi uska khud ka aham hai wo khud ko kansh man rahi hai aur usk liy modi ji,0
18437,aaj boht samos khane ka mann karra hei 😋😋😋😋 love ultim akshay kumar 😍😍,2
6708,gorgeous look mah sj sooo beatifull bride 😍😍😍😍😍😍😍 nazar na lag jaay jaanu 😘😘 thought ye ghabraa nan,1
7450,ye tau proper-ganda hai bechar haar jo gay 🤣 nan,1
16232,sherlock ye twitter apka ghar nhi 👀🤣,1
4556,bear krishna ism bhi cheat aur kitna larg public ko bewakoof banaog edit video well p,0
15752,koi nhi kabhi sungi vase bhi ye social side hain koi dekhega nan,1
28582,aadaraniya pradanmantriji bahut bahut badhai chaka chaund karn wali jeet par aap ka marg darshan,2
32319,abbasi sab karawai ko jari rehney dein yeh koi aayeen qanoon sey balatar koi process tu nahi hai k,0
30261,milo sent clip nan,1
14740,wish happi delight birthday sir alway favourit actor h,2
31713,aan wale 100 day new india ke liy bhut hi aham hone wale hain e commers sector aur oil 's main apko bhut utar - chad nan,2
25281,wazistan inki bap ki jageer nai hai wo pakistan ka hisa hai waha pak armi rahegi inhain agr hmari se,0
12597,kisi ki lash par ranjin ka naga nach sobha nahi deta aahat hum bhi hain par tumhari tarah desh j,0
15361,andi chhi ye sapn dekhna band kar ab hamesha-2 bharat bhagva hi chayega ye 5 saal aur 10…,1
29371,one smartest intellig hun know forver celebr mummi ❤️😍 nan,2
20398,app mein yehi tho kemi hai sir app hemasa hi dalit jatti समुदाय ke name per राजनीति kertha ho,1
19920,kyunki 5 saal tak modi-modi kar ke roy hain ye ab media-media royeng modisarkar2,0
7420,sorri gill sahb azaadi sirf journalist ka haq hai baqi ko ye chort kab hain kabhi nan,2
11853,nk isi ko keht hai aankh mein patti laga kr k bhakti karna jais congress kuch kiya hi nahi,0
43268,jb tum sachi dil se haarna chaho sari kaainaat mil k tmhi hara gi ( umpir bhi apni team special ) nan,0
18085,bharat ke pardhan mantari ji ko bahut bahut mubarakbad umid hai ki bharat ke savidhan aur lok tantra,1
40728,vns suna hai peh post dogl maa-baap ki aulad ne likha tha ... 🤣🤣🤣 nan,0
18500,mahrastra ka nirman ho chuka haii aur tere gundo ki sena ki jaroort nahii — - bas tere jais gundo ka,0
21909,sos lo que siempr quis estoy full agradecida con la vida porqu est á conmigo love choki loqui 😘❤️ nan,1
17025,congratul one best minist govern wish u good luck keep move sa,2
28600,bc apn muh se modi g ka naam b mt le 2020 k bad teri kh k lega tune sbki file bnai hai vo,0
12676,pintuchaudhari kyu najayz ko najayaz bolk gussa dila rahe ho galti ho g,0
28411,pm modi ji apko dusari bar pm banan per apko bahut subhkamnay hain ahi asha kart hai ki aap hum sabhi samidha ka,0
38112,bahut hi sarmnak hai ye ghatna ab koi satta ka pujari nhi dekhega sir na hi koi nari,0
19029,1 ugh girl tast great eid nan,1
15350,abay kalay teri maa kidar bethi hai aaj took serious aray mazaq tha yer nan,1
38962,vishal upeast congress parti jindabad congress hai mumkin hai nan,2
22722,readi biggest match ever feel good today got enough rest son also pump readi rock rasta w nan,2
22603,😂😂😂 ladi & gentl men ap log khud dekho iss matarchood ko iss ko gaali khan,0
36433,perform chandihavan encourag one achiev accomplish life beat obstruct impedi nan,2
27558,oo7 vrna licens bs naam ka hi hoga milna whi h jo bina licens wale de rhe h nan,0
35060,muslim ko goli mar diya cow ke name per mar pit kiya ye kam bjp nda ko kahi badnam karn ki saji nahi th,1
44626,cong ne shadyantra ke tahet muslim ko bjp ke khilaf jehar bharn ka kaam kiya hai ab tak nan,1
20413,fact dont chang anyon 's statement india wil,2
17558,take one balloon profil littl one lmao nyop happiest birthday babi nakko,2
16965,respect sir ji ab tak sab recruit fair hui h pleas sir make also fair candid ek mehnat,1
29275,ji sahi kaha lekin un desh mein hindu muslim keh ke facil bhi nahi di jaati waha bahusankhyak ke saa,0
45065,woh jo ek shak mera tha bhi nahi kisi aur ka bhi nahi hone diya 🌿 🍃 apurvanainquot aur kya bolo “ k,1
8857,sir ji aap dusar ke ahunkaar ko chhro aur ahukaar ki chinta karo agar aap aap plus congress plus,1
21740,jo khud tadipar hai aur power ke liy giddh bann gaya hai wo kya kisi ko kuch karega sirf encount kar,1
3537,pledgeagainstcorrupt good morn guru g bless us give us power sewa,2
26120,phrp happi birthday jeb enjoy day mama base love 😊,2
25280,becaus eid around corner ca n't wait buy pyari pyari colour choorian 🤭 nan,1
9613,yo boy give best / funniest pick line love hear girl say 😛 girl want fresh,2
14529,eyad96 happiest birthday u eyaad 😻🥳🥳🕺🏽 may ur dream come true enjoy ur day 💕😻 nan,2
12616,rod yaha - ｓｕｎｓｅｔ sooth lo-fi track hope enjoy soundcloud np,2
27477,karachi nahi india ink skootar hi dekhlo nan,1
27545,ah thank bhav superb ep glad xx nan,2
34426,idhar ye dalal khud ko 1 bata rah habp news idhar aajtak khud ko lekin ek baat dono common h k,0
11903,u fuck illiter chutiy ja apni dimak ka illag karwa dont bark like mad dog nan,0
28543,pakpass drug leta bc dope test karao 4 sal k lye bahir hoga nan,0
9586,guttar k dhakuno key chore say shru kiya hua busi arz pak ko lootnay tuk pohncha kitnay bank fail huay log medici nan,1
16355,beautywithoutlimit way life us excit announc ulta beauti look,2
5394,pray health sir get well soon sir parti organ upcom youth need margdarshan nan,2
21958,cute boy ... . ! god bless bro allah ka,2
19573,eid gift boyfriend note ; tweet chori ki ha fun take serious 😉,1
41680,veri good mugh bhi dio mile toh nan,1
6342,sahi salah hai bipakh ke liy darhi topi lagak nak mullah ko paisa deke islam ka jaankar batak muslim r islam k,1
10361,english song fine aap road / highway banao aur tree kaato aur usko develop ka naam,0
33290,bhi mandir main beef khiga public bhadkaga kavi masjit,1
41332,aum hariom tat sat jai sri ram jai sri krishna har har mahadev jai bajrang bali jai mata di jai mahavira namah budh,2
31062,keep local 😎 jamshedpur 's gulli boy mobashir rahman special messag fan ❤ jamkekhelo moba nan,1
13227,chutiy modi ki chaat-chaatk tu idhar tak pohoch gaya saal sex-chang surgeri wale unemploy ladk nan,0
18227,sir bahut bahut badhai regard rajesh parmar parsad n n dun uk,1
14228,alam mo ba na sobrang bless ko u hahahaha like fuck buti na lang dumat ka sa buhay ko ! ! !,0
12673,happi happi birthday tere jais dost duniya mein hote hain bahut chhote se mere dil mein onli hai,2
21602,khani afghan1 tum per lanat ye asli pukhtoon hien nan,0
14315,makeup pe kyu comment krta hai mulla tm khud itn gire ho ki jo utn uthan jay ush,0
35303,teri tweet dekhk yabir fan yahi kaheg ke adiza fan hain iss liy yabi scean na ho iss liy vo shre,1
2193,aur haan bhadw yeh sun main vote nahi diya thaa main de hi nahi sakta par sach,0
14550,kahi ye england walo ki niyat kohlinoor pe kharab nhi hui ? ? ? ? ? 😊😊😋😉 # justask nan,1
43558,aaj neutal patrakar kahan gay jais vinod sharma amb dube urmilesh - janta ne jo mandat diya hai modi ko,1
12795,crusad kyu madarchod english teri chudan bolta je bhadv teri,0
26966,shabash alia deserv recognit - excit nan,2
6910,kisano ki chinta ki pansion ki ghoshna kr apn majboot irad jata dene wale pm modi ji aapko hardik badhai nan,2
10656,pikapika day readi ( sooooooooooooooo laat ) nan,1
33686,say someth good great nigerian actress eniola ajao caus realli love improv act nan,2
28471,gandhi ki tarah tu bhi dil jeetn laga reh pata nah,2
37430,aadarniya modiji dusri paari ke liy bahut badhai aur shubhechya aapk sashakt netrutav mea desh au,2
14998,kee sha thank much tristan nan,2
29122,pochinki mein loot wala part 😂😂😂😂😂 raju teri maa ki ch **😂😂😂😂😂 best video ever 😂😂😂😂😂😂😂😂😂😂😂 nan,0
19955,aap bhi nikl lekin halaat yeh hai aaj kal dhobhi ka kutta na ghar ka na ghaat ka jink k,1
30764,whi station smell bad bc naak k baal jal gay nan,0
22423,bad see khushya old friend 😅😂😂 nan,2
36930,thank much lord god everyth pleas help remain focus 's main purpos life amen ! … nan,2
14291,modi jee ne kaha tha apn sansad ko ki rashtra ne naam sandesh dene se bach par ek sansad ne baat nahi maani aur g,2
13768,dead wan na cri ’ ) happi tho cours thank ya enough love support ’ ) artist drop song nan,2
17596,namastey sir u r great leader nation u r fail follow u last 20 year u r,1
23849,90 phir altaf hussain nay pakistan murbad bad bola mohajiron ko bhi,0
38068,tujhay itni takle hai iss construct ki toh koi baat nahi toh kpk shift ho ja jaha teray handsom,1
36181,greenearthcampaign gurmeet ram rahim ji dera sacha sauda 134 welfar work gurmeetramrahim ji,2
14908,actual apk bare koi ek decid karna muskil hai 🤗 breakdown scene 's amaz 🤘👏👏👏,2
14602,matric fail pinki ne kabhi socha bhi nahin ho ga ke privat jet vip umrah karay ge bach kya cheez hain,2
20380,zeeshan23 aj ko ch ö ren nechi kal parsu ka dekhein nan,1
35237,celebr one year friendship veer life oneyearofveerediwed kareenakapoorkhan nan,1
4220,jab congress ke spokesperson tv debat battamiji kart tab unko nahi roka gaya ab haar ke baad jawab den,1
13408,lg786 * send love karan instead kiran *,1
11956,tiwari7 simpli beauti yaar god bless 😊😊😊 nan,2
17750,jab tum charact loo ho gay yehi haal hona tha kya ummid ley ke aye thi kya kar diya tum ne desh nan,0
34089,bilkul correct iska level mein abhi humlog nahi hai nan,0
37831,kas happi birthday u krishna sir amsterdam love nepal nan,2
10953,rd wah bhai nan,2
17728,aara sirji itna tagda vision ki loksabha bhi sirji apna kaam na ginvapa,1
10124,shame act someon pti support condemn act nobel ladi proven li,0
42691,wow shukar kar rehem kha ky chor dia warna kulbhushan part 2 bana deti isko gayhind,1
24067,hme proud h narendra modi g humar prime minist h jai bharat har har mahadev modi g aarkshan aa,2
26561,pm ji ko ji tv debat ke lalkart bolt media ka samna nahi kar sa,1
42834,jay shree ram dosto jaisa ki ham sab jant hai ki pichl 5 salo hamar priy pm narendra modi ji ne hamar des,2
36396,zafar3 ne oper likha tha k ni hti n jo mrzi kaho nan,1
18317,malawia come releas first singl readi monday inshallah nan,2
12297,best yehjawaanihaideewani dialogu celebr 6yearsofyjhd 6yearsofyehjawaanihaideewani view,1
22626,suar ka bachcha mar gaya aur bhi mareng tum pathhar maarog hum haar nahi daaleng goli maareng mkl paki,0
20143,love kyle alway witti comment heheh hollyoak nan,1
26573,shahbaz bahi made us fool v vote pti cox ik promis us everyon countri account,1
24841,laanat hai aisi sunami pe ki khud banara ki seat bhi nhi bcha paay feku chor modi ji sunami sb uda le,0
27165,give best direct proport parent happi apki zindagi ka jhand hona constant ( ap nan,2
42623,laundo ki hous parti also awesom one nan,2
18706,anabiya aur tu kamil kamina tehra hame subah kitna kharab kharab massag kiya follo,1
19033,express dada ka sara khandan chala gaya aur ye kal ka jawan jesey virasat mili soney ka chamcha kia kar,1
18860,enjoy u understand punjabi wah modiji wah,2
26776,'m think debat show anchor like tera bhi bhagwan modi mera bhi chal bhajan kare modi ke nan,1
27917,jhaka morn rohiniji god bless enjoy day nan,2
10169,jalebi hiii love way wish nan,2
30971,ab itna b gudgyaan mat kar modijii ka ok koi modi n apn kudh ki salari nahi beje ek fund hota h,1
7788,bachpan maii yeh chuha mera crush tha 😂❤️,1
19245,jinn harqmzadon ne sadqa chor ki awaazein lagayeein hainunn kuti ke b,0
31785,chal isi baat pe follow fresh term fresh start nan,1
26257,ek hi dil h sir kitni bar jitog wo n't believ,2
25726,veerudevgan & began career togeth 70 “ make ajay great actor ” rememb tell ajay nan,1
3005,pakiatan kitna h,1
10640,patrag rohatgi bilkul sahi ins accha toh 20 crore kutt paal l,0
37463,agar ye modiji ko kuchh bhi nahi samjta janta ko paav ki juti samajta hoga,1
1376,siasat rawadari hai samajhta hai wo roza nahi rahta iftari sam nan,2
14387,sir orbit hold ath bhi aa jayega nan,1
18095,ye jais log jhut b jor se confid se bolt inka ky,1
41893,'m happi 😭 arriv safe thak much hard work 💜,2
24855,saynotodollar pakistanio kab jago ge aik haft men turkey apn mulk ko bohran se nikal sakta hy hum kio nahi,1
8598,bahut bahut badhai punh pm banan per modi ji ko bjp ki hamesa jit hote,2
28371,sir dhanbad nagar nigam k upar bhi najar rakh waha ki saaf safai kuch thik nai hai kacra lene daili n,0
42553,iron man sab jagah main help nahi kar sakati khud karana sikho 🤨 nan,1
26140,kutta nahi cia asset hai nan,2
5726,chutiy stoner nahi hu na teri tarh kuch sungn ya fukn nahi jata lawd pata bhi nahi chalta ki,0
13639,congratul dear prime minist bhagvan se pray karta hu hamar desh ko app jarur age le j,2
24553,hoooo broad pan loop tri shame judgment racist hero romanc without eve nan,1
28052,koi ia ya ip banjay iska ye matlab nahi ki wo bahut padha likha hai wo netaon ke ung na,0
23110,har bar bykea sy hi bhijwati hun yaar bar bhi bhijwa dugi maro mat tum nan,1
22228,usman1 hello sir g os ne khud giriftari di hai lanat tmare media par tmari ye munafiqat pashtoon qoom kbi na,0
43706,lanat ho wabda walo per light na dena hy na hi dekh 5mint phr band kardet wo khud ac per bethi hn baqi gareebo ke lie nan,0
9769,icc ko walon ko waqt se pehl hi kisi ne bata dia tha wahab riaz wc khele ga 😉😉😉😉 nan,1
23539,ab asifa ka haq banta hai maryam ki tarh asifa apn baap ko jail,0
31134,main na ab sacchi bata raha hoon agar iss eid adiza hume pichl baar ki tarha adiza wala eidi nahi diya na,1
23555,derasachasauda gud mrng saiyan ji pleas bless everyon maximum sewa simran parmarth,2
27578,ye 15 minut wala fir bhonka isko pata nahi hai 15 second hi kaam tama,0
41562,bharat ka har beta aapki trah ek shacha desh bakt bane ka aashirvad hai aapka desh prem dono ki,1
21920,offici join bjp abhi bhi logo ko ulloo hi banaati rahogi patrakar bankar ? ? ? nan,0
15614,hi bakari thank follow earn point toward travel discount & free hotel stay,1
20086,bach peh teri psycho wali shakal dikha saala tum kangana ke fan paidash hi badsurat hote h nan,0
16586,queend 👑 wish happi birthday 🥰💞 - - - drashtidhami geet muskaan dillmillgayy,2
11870,kuti chor ki bachi jothi joth ki bachi ap ne sirf london hi mehnat ki ha tum chor ki bachi ho,0
32399,iv panchito iri chale lime write season 8 storylin ego bee 😂😂😂 nan,1
30220,imtiyaz offic like u matter real team remain ground takl tuked gang proud u jai hind sir 🙌👍 nan,2
27650,engr happi birthday mitesh bhai bhagwan mtm screenshot increas karta rhe wish good day ahead nan,2
31765,rumour mat udao pehly jaan lo kya hua hai chacha yeh watsup nahi hai twitter hai fwd msg game mat khelo nan,1
28954,amit shah ko home ministri se kam milega iski tauheen hogi iss km milna hi nhi chaie nan,2
19730,modi ji toh jeet gay lekin modi ji k ais aandhi bhi jeetan se rah gay karan bhagw,2
26093,beta 1990s mt bhul ja apn kashmir ke gadhar hindu ko yad kr smj ayega nan,0
10075,mujh sharm mahasus hoti hai ki uttar pradesh bjp ki sarkar hai hame insaf nhi mila mere khet g,0
38616,tum khud ko ia ip pcs kaht ho madarchod emano chor dalalo bhrastachariyo kin layak ho innov earth,0
22181,mohsin pakistan dr abdul-qad love 28 may dr abdul-qad ki himat lagan bahadori qabiliyat ko salam nan,2
39395,baba hypocrit ni unku ben ni yen follow see anyth wrong nan,1
23244,ap janab ko allah ny knsa aisa ilm dia ha jo apko maloom hojata ha bagh,0
13994,bhosarik suwar k goo sunna hai k tere tantrum bohot hai industri meh abe behen k laud 01-feb film,0
24003,dhol also n't want marri famili aur inshaallah ni kruon ga 😤😤 nan,2
34767,hv one idea dipti aunti show say stick kavya back vyom n humara ladka ko wapa dedo hume zainimam w nan,2
36120,boy eid day like tera dehan kidher hai tera hero idhr hai 😛😛😂😂😂😂,2
13855,hi hil omg ure sweey thank u love u gorgeous nan,2
15316,respect madam ek hi dil hai kitni baar jitog jai hind 🙏🏻 inspir 😇 nan,2
22147,bhai still ddpd run theatr good occup & run till bhart arriv wait f,2
7659,huhuhuhu 💖💖💖💖 thank maalala life support system huhuhu di ko maendur lahat ng prob,1
3625,sharma govt 5sal sirf jumla diya hum e ye bjp sarkar juml k siwa aur k,1
16982,kapil ji biggest fan rajasthan se mumbai gumn aaiya hu kya aap mje aapk,2
18277,sir aap ki jit aap ki mata ji ki den hai jo bhagwat katha kara kar pure amnour ham sab par,2
17495,jinka mansik santulan hi sahi nahi ho unh proof dene se bhi kya karna ung karn ki aadat hai modi armi,0
18942,mera 24 ghanta se jyada ho gaya hai abhi tak mera problem ko solv nahin kiya wazirx ne mera otp cod,0
10755,hope today 😟 tell pictur “ tri race unfit track got pun,2
42873,khlo é inspir amaz person love one reason,2
15104,fass gaya bjp ka hinduttwa agenda mai 😂😂 hisab se tere dp mai jo hai wo pakistani deshdrohi hai waah 😂😂 nan,0
33159,koi bhaag nahi rha ink pich kaal dhan ke pich kuch log ais h,0
22739,99 watch tera mera ki rishta one best punjabi movi ever 🥰 nan,2
32657,mere khayal iss elect congress rjdspbsp ko apn core voter se vote mila nahi,2
4663,nep unmitig disast area took guy 5 year come god bless ..…,0
8009,raftaar abe sale tujhs jyada mere andar desh bhakti hai dekh le sale mera tweet tu jai,0
6829,“ uncl father age bhakti lesson impart make worthi resp,2
30457,jay hind jay jawan jay bharat proud indian armi bhartiya jawano par hame ga,1
41208,mai sanjeev chaudhari maharajganj district se narendra modi ko hardik subhkamnay deta hu p narendra modi like world nan,2
19248,gareeb desh gareeb tatti cricket team jisko koi nahi puchta bc nan,0
18116,krishna ladka 🧐🧐🧐 investig journalist hai har cheez ko thok bajaa ke dekhta hai nan,2
38826,masha allah nice hum sabk liy dua karo nan,2
7755,ish item ko kaun samjay ekbar samaj ko ullu bana sakt ho baar-baar nahi tere jais kitno ki yuhi,1
6767,bsdk band jar desh ko bantna itna marunga k bhul jayega siya hai sale k sunni nan,0
13804,kohinoor super valu basmati rice ( 5 kg ) rs 450 super review 👌👌👌 link,2
27277,krishna kejri ka invit photo shop karlo khud k naam pe kejru toh thappad khaana hai vo vaha laga rahega nan,0
19715,lifestyletipsforstud dhan dhan satguru tera hi aasra pita ji good night ji alway nan,2
35274,😅😅 saal bar phone gom gaya hain feel better feel nan,1
20505,ye relationship ek dusr ka katna jaruri hai kya bc nan,0
3619,kyuu k tm log ghareeb awaam ka tax ka paisa chori krta thay aur kr rhay ho awaam tm logo ke money lau,1
30620,life understand kaptan sit like tyaari bhi nhi hai exam bhi sirrr pr gay hein nan,1
26414,god bless u sir sb pakistanio k lye k ye ham sb ka farz banta hai k hm bijli chori ko roken ar bijl,2
26512,1 1975 like sleep beauti yet unawar 2 arctic monkey 3 udd,2
32085,chand chhupa badal mein hum dil de chuke sanam salman khan,1
8808,delet ne ka option hota kisliy hai kabhi smjh nahi aaya 🤣 nan,0
2014,becaus hind isnt indic vand mataram better though jai shri ram anoth emot,1
35433,allah ho akbar vers jai sri ram compet mamta bibi comfort chant,1
13849,knightk india sabs pichda desh ban jayega fir b bhakt boleng right path 😂😂😂 nan,1
10895,firekbaarmodisarkar modihaitomumkinhai pmmodi jit ki hardik subhkamnay @ $ har har modi ghr ghr modi,2
21355,n't marri best friend qki tum dono ne ek dusr ko bigada h fr dono mill kr apn baccho ko b bigad doge nan,1
38600,ji aap ka yashsasvi netrutva bharat ke leay jaruri hai pls aap iss samay cho,1
15537,“ due high price “ bhadw sabs sasta public transport hai teri maa ki,0
25116,7 twerk video nikalunga edit hai tattooo nahi ho payega either 7 seat bjp ko yah toh 1k,0
5142,sharma tero ko gali sunn ka shok hai lagta hai ispar video banan bhikhari sale 👇,0
22790,bahana mat bana rendyk pill sale tu pakka tere hanuman ki tarah haramka jana hain,0
13770,hate ka level kamr tak pahunch chuka hai 😂😂🤣🤣🤣,0
27406,abe randwai ram ka naam bhi kharab kar diya hai maderchod randwai sudhar ja ya phir gujjar ja nan,0
25363,1 number likha hai manufactur band karo sab khud hi seedh ho jaaeng,1
19910,🏵️ good morn papa ji plz bless sewa sumiran parmarth ka bal bakhshna ji dhan dhan sa,2
18074,digit kya bakchodi hai flop actor ko batman bana diya isska haal ben affleck se ghatiya hoga nan,1
30310,return abe pagal ho kya kuon islam ko badnaam kar rahe ho kahan karachi aur kahan ranchi ranchi nam,0
41578,abhay chaman footbal match ka video edit hai dalaali ki hadh hai nan,1
25416,kisi ki etni baukhlaahat desh ko nuksaan nhi pahuchaani chahiy sarkaar ko jo uchit lge decis le ..…,1
9203,aakash institut uttarakhand medic / # iit jee coach,1
26351,sirf 1 tareeka hai khush rehn ka - sandeep maheshwari,2
4313,unzila g btw thnks ap ky itn like ky lia ❤✌ nan,1
14281,m86 handov note meant serv document work done far nau abi nan,1
17857,thegiftofeduc dera sacha sauda run free primari school poor chi,1
8359,dil ke dariya mein mohabbat ki kashti hai sapno ki duniya mein yaadon ki basti hai mohabbat ke bazaar mein,2
23995,kyo aapk pardada nehru aur wo gunda gandhi ne nhi ki thi tabhi angrejo ki madad se wo hijra desh ka 1st pm bana nan,0
9152,rememb atalji 's word histor occas - 'm hope like cartoon 🙏 modisarkar2 modisw nan,2
30731,realli behav like children mujh bat nahi mili main kal se kheln nahi aaoonga nan,0
20015,londa girl share top secret anoth girl react - behen kisiko nahi btaungi mean - apn 6 b nan,1
15064,sham tum logo ke media ne tums koi sasta nasha karwaya hai pakka q ke pehl ji,0
44905,good night mere mola rahbr sai ji sab te mehar karna sab diya jholiya khushiyo se bhar dena,2
2644,arushi shine glow bnane wala kamin,1
9373,bjp ke hi nahi apitu pure bharatvarsh vartmaan paridrishya ab tak sabs safal rajnitigya ji ko grih,1
14389,gd nyt papa ji plz bless us come dream forgiv 🙏 pure pariwar ka vishwa bnay rkhna,2
38763,happen journalist bhadw se bhakt kais ban rahe hain nan,0
18401,😂😂😂 sach tu mulla hi nikla itni ghatiya english mera kutta bhi nahi bolta 😂😂 nan,0
6960,a3 ) place chapora fort goa movi dil chahata hai contestalert contest vacationmodeon 🏖️ nan,1
35911,desh ke yuva hriday samrat modi ji ko dher saari badhai aur subhkamnay rojgar se adhik se adhik yuva ko aap jod p,2
43801,come skipper even lost match brave tum jeeto ya haaro suno hamein tjm se p,1
26245,bdw tu mujh mat sikha n't like nahi uska song achha lagta hai everi time ent,0
5867,mb kismat ki laari day nan,1
33476,isay aur bilaw ko koi puchnay wala hai hakoomti machinari itni bas q yeh aik mujrima hai ki,1
13377,yeh chutiya nikla fake hype ke liy itna drama chakki hi karwa sakta hai 😂,0
11930,dial ransu india meri koi led nahi aarahi hai payment dene pahal bola aap ko daili 10 led aayegi lekin nahi aarahi hai nan,2
44937,bewis chooseright good afternoon guru g bless us give us power 2 nd sewa sim,1
27426,meanboi 995 behen sarcasm nam ki cheej hoti hai ! ? ugh dumbhead pic ka shot accha nahi laga lmfao,0
17080,rainafann wtf u gone mad guy ? ? ? ? former indian cricket ? ? ? chutiy ho kya tera baap h wo smjha ? … nan,0
40597,big day chart today “ care ” ed sheeran justin bieber > # 1 itun worldwid > # 1 nan,2
20184,28date thank 4come life bhaiyajani allahpak ki rehmat shabnam bn kr aapk gulistaan e hayaat pr humesha,2
12379,teray khan ki orat ki choot meray khandan k mard ka loragift giftloot lay madar chood nan,0
14971,secretofposit saint dr singh ji insan dhan dhan satguru tera hi aasra,1
29881,dg sir aapk munh se ye hawker ke bare safayi achhi nahi lagti / hathi ke dant khane aur,1
34887,begin modi2point0 best wish second term sri 🙏🏾😊 vand mataram 🇮🇳🙏🏾 nan,2
21971,aaj ak vidio dekha tha jism ak manorma bol raha tha ki india ke baap pakistan hai jabki hakikt hai ki pakistan k,0
2145,offic prash04 deepika006 snehal,1
35432,cm bann ka khwab chodo tum call gandhi parivaar ke talw chato u lost lot respect mani peopl nan,0
14157,everi fan girl golden dream ❤ 💋 💋 ❤ love meri jaan,2
38994,thinker bilkul sahi kaha ye chamch fake news phailakar sabko chxxye banat rahe ab bhugto ab rona band ka,0
23731,hiro ! ! ! pleas hold oke 😢😢😢 'm sorri inter fan ca n't vote u 😭😭😭 pleas k-net make boy debut nan,1
9600,aapko kya kerna janata modi ko pasand kerti aur gas cylind 17kg ka 2000 rupiya mein kharidegi aapko,1
14527,social media far less complic guy around kabhi kabhi apn se choto se bhi seekhn ko milta hai nan,2
27484,bdhiya song hai,2
29576,13 year pudhupettai true cult classic master film maker alway feel proud hav nan,2
7876,humbl prime minist ji janta ko dil se pir se majbut sarkar chunn ke liy thank jay hind jay bharat nan,2
13666,behen aapki nazar main ek ancient book 460 odd page ki padhkar interpret karna worth respect,0
29463,bs bangladeshi separatist aur urbani naxali ko saar pe uthak naacho idiot 🤷 ... blind modi hater 👈👎 nan,0
24594,rahul gandhi jesa saccha neta kahi nahi milega jo kaha wo kiya juml nahi fenk usn jhuth bada ho gay,2
20763,sa atm good luck brother n,2
21768,kya ye jst 8 month ki corrupt sy hua ? ? ? g nahi ye 30 saal ki apki andhi suport ka nateeja hy r bnao totay nan,2
30441,congratul best wish new inning parnam aap ko sub ka saath sub ka vika,2
26323,wish modisarkar2 ji best luck ekbharatshresthabharat bharat mata ki jai vand mataram nan,2
14601,khakir maghi momota maa k chudi jai shri ram lokkho baar bolbo jai jai shri ram 🚩🚩 nan,0
1837,naa hum bhult khuda ko naa unhko jo hume allah gift mile unko bhuln wali galiya hum chor aay pich,1
37267,special ff special best friend follow - 's good launda sbki hlp krta h anyhw conditi,2
8331,three word better love pat ho gayi 😀 iloveyou propos love fit tb tbt thursdaythought nan,1
22182,emoji deux awww name cat leela well,1
44147,zinda hay bhutto zinda hay leader proud bilaw bhutto zardari sb 🇱🇾❤🖤💚 nan,2
18060,kisiko zabardasti pakad kar maarkar usk mooh se jai shriram bulwayeng toh kya ram jee khush ho jaayeng 🤔 yahi,1
31295,band karo bhai band karo motu patlu dikhana band karo 😡😡😡😡 dikhana hai anim dikhao ya fir chil,0
28475,rohatgi proud day us modiji back thank effot feel joy,2
16893,khan bhagat rathe itn saar journalist ko toh aap karid chuke,0
9753,bachpan ly k ajtak team ka yehe randi rona dekhti aa rhi hyn k ye hamesha possess khelni lag j,0
14629,yogendrayadav get well soon yogendrayadav urff salim 🌸🌼🙏 avi toh aur 5 saal apko ye san jhela hai 😝😂😜 nan,2
22412,pranam pranamg oollth best truth truth love peac universel univers rainbow univ nan,2
19007,haayee nazar na lge 😍😍😍 ... . beauti coupl world 💗💗💘💘💘 pls get marri 💑…,2
36471,lekhi khud toh modi ke naam pr jeeti hai ..🤣🤣🤣 logo ne modi ke chakker mei ajay makan ko hara dia,1
33935,inhi seb bekaar ke muddon per seb ladt raho baki koi problem bachi nahi hai india mien nan,1
14399,ha ha ha bapu zinda ho gay,1
28657,imad wasim hari sohail total suitabl team bc thayk huy hain inko doctor ko dekhen,0
44982,truecompanion good morn nd good afternoon guru g bless us 4 sewa simran parmarth dhan dhan nan,2
42688,bahut bahut badhai subhkamnay 🙏🙏,2
20579,madam evm ki chori bhi soach samaj k ki h itni moorakh bhi nhi h nan,0
27888,smilesmayvari well itna bhi ni hogaya still idk possibl nan,1
26182,sidh kyn ni khtey ki gaddar leader ko fir se inpir kr rhe ho shame nan,0
44805,abe chutiy tere jais log hmare yahan plate saaf kart hai comedian ka tag hatta b @ & # % $ k nahi itna marunga ki,0
14589,ranjhna congress ke aadh vote iski bakchodi ne katway hai nan,0
22961,club still love marta nan,1
12315,someth wrong apolog everytim friend usk vaja-he-na * hai pun nan,1
15475,shamshad bhai jindabaad rahul gandhi jindabad nan,1
16066,rahul ji desh ko aap ki jarurt hai aap k apno ne desh ko sich sich k es layk banaya hai hum jroor k,1
9451,u r shashakt u r exampl true women empower love u bhagwan aapko swast rakh,2
14227,abe chup na chut * ye bh tere ko tere dm main gali de dunga tu srk ke sath kaam kar chu,0
23033,youth energet minist total hand super choic youth ki awaaz congratul nan,2
2294,music life ... ❤ thank chhote ustad ( salman ali ) post instagram stori today ! ! ! 🥰…,1
42704,sir erojea movi chusanu maharshi film gurunchi chepadaniki matalu ravatledu fantast movi raith,2
19793,pakistan ki purani jersey pr south africa likh kr agay hain cwc2019 lol nan,1
35262,yogendrayadav janab hadh ho gayi 40+ failur still studi n n't done anyth even paid ta,1
14547,one boy matter uhh love lot nan,2
10393,bigger wave 2019 modi sharkar barr barr 😇🙏 # thank modi ji way usa 🇺🇸 boston would li,2
16890,sanskaari haat katora leke ghanta hindu pride hoga 😂😂😂 ... nan,0
15417,better see birthday post z 🔚 daya im gon na unstan nan,1
22339,happi birthday bhiya wish best ongo ind,2
7048,ayuba apolog difficulti send us dm let see screenshot error got nan,1
5576,mai chutiya nahi bana obvious ki tere jais piddi jaldi chutiya banay ja sakt hai nan,0
16085,nae mtlb mubarik hon apka han pimpl hwa haa 😂,1
10440,🔥 end galbat ustaaji 🙈 bahot sohni eh photo ji tuhadi 😍 love u ustaaji 😘💚,2
19074,rahul ji mp ki sarkar hum govt colleg ke aatithi vidwan guest contractu assist proffesor ko vach,2
21028,ye darr achacha hai apn saar forc ko high alert pe rakho bjp ke jeet ki khushi ka patak paki,1
27501,ye tasveer jitni baar dekhta hu sochta hu modi ji sahi kart hai jo tumlogo ka chutiya baar baar kaat -…,0
21307,sir ajaydevgn'ki takshak movi ka yeh song mujh ek alag hi duniya main song khamoshraat ❤️❤️❤️,2
2614,bhaiyya bjp jeet gaye sabhi seat par ab kahe ki khunna bses,1
16551,hahaha ye media 30 saal se ke pich laagk bhi kuch ukhar nehi paya media person hair got grey nan,0
23575,¡ tema ¡ persevera “ el se ñ tu dio est á en medio de ti valient salvador ; se alegra goza contigo te renueva nan,1
4397,isko bf nahi kehta isko noukar kehta hain,0
15568,jaha tonti chor se leke chara ghotal ke samdhi aur bunglow chor laptop chor waha purn,0
36512,congratul dr roya derwish 'm proud mungrad19,2
33345,urpizza aur shukar hai ye laash numa orat malaai wapi ayi twitter pe jis ne abi tk faallow nahi kia wo plz karay 😬😁 dil ki nan,1
44232,u p ko 62 seat dene ke bad bhi uchit pratinidhitav nahin brij pradesh ko bhi koi pratiniditav nahin diya agra,0
31414,feel bad fianc é. meri mangni agar meray jais insan se hoti main khudkushi kar leti 😂 nan,1
10835,ab modi bhakt kidhar hai ab zee news ka shudhir chaudhri aaj tak ki news 18 ki,1
23000,mtlb ki agar bjp jeet rhi hai hm ye manl ki berojgari hai hi ni desh kisano ki halat bht achi,1
21798,veri good tomorrow taang nan,2
14103,funni thing come academ environ dr level dey fi take new abirem p,2
30195,sambitji hame aapk harn ka bahut dukh hai ham dil se aapki jeet caht parantu hame pura vishw,2
18001,janamdin ki dher saari shubhkamnayein may god bless great health long life may th,2
26401,n't worri support everi situat ❤️,2
16311,vote modi jee corrupt free administr unabl curb malpractic durin,1
45058,u r look beauti kitni achi sooch rkhti ho ap respect u 🤓 nan,2
38863,pallavighosh hv u cover suicid girl student srm colleg tamilnadu may b prob u whether bo nan,1
25723,hi sahi hi dear u enterpris account need buy offer good price nan,1
4802,sir thank ye yaha se duml ground ko shift krne ke liy apka aur ji ka thank sb,2
30515,sir ek broadband connect lagwa nahn paa rahe aap 20 day se batein bari bari kar rahe nan,1
28304,see pic rememb one fav song har karam apna karegea watan tere liy dil diy nan,1
12307,itn saal congress ne kya kiya 65 saal tho unh ki raaj tha saara chor ghotal mein bahut mast teh,0
15352,rehn de beta tums na ho payega aisi nautankiyon aur vote bank polit karn walon ko janta ka jabab b,0
21885,774 ind much taken rahul tweet bro everyon knw made india nan,1
37953,wrong coz ali harami famili media dlaaal india pakistan & arab countri play shameless haram th,0
17969,aditi talaf6 hahahahaahahaa htttt matlab kya 15daystobharat nan,2
19295,absolut agre congress ko jalan hai humar muslim vote bank kyun humko vote nahi de rahe owa,0
15169,ag baar se congress ki aukat sirf sabk vote katn ki reh jayegi jais baar kaat hain inc,0
16927,ye jo smriti irani ke chele chapat rahul ko hara kar khush ho rahe hain mai inko batana chahunga ki jeet ka cr,1
28675,ahi parang gusto ko yang free dinner graduat char cc nan,1
14427,pakistan kutta nahi ho sktakutt waf,0
23198,* muslim guy enter barber 's shop * barber kya katwana hai guy daadi toh nhi kaat sakta khatna bhi ho chuka hai baal hi kaat de nan,1
11954,pakistan koi jayega nhi pr bahut jald pakistan jarur ban jayega nan,1
14418,yogendrayadav good morn sir kabhi delhi ghumti ho aap .. ? karti ho modi pm - modi pm nan,1
2060,rassi jal gayi par bal nahi gayi evm par jor nahi chala patrakar ke kapd utaro kuch karna hai,0
30694,today prime minist narendra modi sworn world 's largest democraci morva ( hadaf ) panchamah gujara,2
25902,dekh lena aachi movi hai one fav nan,2
22334,gee gabrielpicolo thank much ! ! ! !,2
16561,sabs khatarnak hota hai aapk sapno ka mar jaana - pash thank amaz piec know,2
44012,emperor congress ki waja se bach gay warna kahi ka nahi rahet,1
42329,irfannawab imran khan ko samjo 126 din jin logo ne samja wo aaj stage per ha jinho ne nahi sa,2
14705,hooo see thank lot 🙏 nan,2
34380,imagin crush kehlani bitch must dumb think kehlani beauti woman nan,2
15983,modiji apko sadar parnam hamara loksabha chetar rajsamand raj atta vill jakhera tal degana dist,1
18725,well playd bng setback pr setback honi ja rhi bar banvsa nan,1
14139,song amaz .😙 23'may jeen bhi de song cool super,2
25889,va spirit anjali vais iska hal bhi dhobi ka kutta jaisi hai abhi ye kidar ke bhi nahi rahe nan,2
34929,receptionist sit wherev like thank car nan,1
15625,hey happi birthday 🎂🎁🎉 god bless u dear 🤗 bas ais hi khush rahouchalt puchalt raho 🐒 ki tarahlogo,2
28340,payen sweet nice one close friend realli trust cherish mujay kabhi dm karliya karo 😡 nan,2
36824,bhai polit ke chakkar mein yeh apna naam mitti mein milara hai isko samjhao peopl,1
29446,random girl cool ek baar pakdo toh shi fir pta chlega kitna garam hu girl ajeeb chutiya hai tu bc 😤 *… nan,0
18055,jab tak ham sab ko hamar 15 lakh nahi mileng ji apko jane nahi deng baar nahi doge 2024 l,1
29782,om aap sab accha ho par ram rhim banda hai inh nikl ..😐😐,1
20977,aab kan bane bali ka bakra aur aag bhi banta rahe baap ko chor bulvay purwajo ko bejaat karay,0
15403,oye ja kam kar yeh foj ke waja se mulk bacha hua hy warna tum bhi afghani aurton ke tarah hath uper,0
24632,kon maryam mukhtar main nhi janat naam ko aur main narrat ka matlab b,1
26482,kudi01 banegi bhi nahi 😜 nan,1
26759,zoya ek harami ki auald hai use nahi pata uska baap kaun ha,0
7056,e dekho sarwa neharuaa patan laga hai desh bhakt aazadi ki ladai ladd rahe aur e saala aiasi laga hua,2
10797,syedzeeshan duaa hai k aisa ho youth ka haal boht bura hai ach hain lakin boht kum stay strong wish good luck nan,2
25960,great time camp overal one best camp far amaz one one individu,2
7492,sir ji aap bhi imandaar insaan ho god bless modi ji ka pichla 5 saal,1
39578,hi pmo good morn modi ji se ek binti hai hum log facbook pe unk liy din raat lage rahe modi ji k par,1
18809,awww thank gorgeous ilfal lekum ya rab afra7 feekum 🥰♥️♥️♥️ much wallaaa 🥺 love 💕 nan,2
2141,sharma rofl chai iaf nan,1
25608,hat 's paaji bina kisi dar ke aap hamesha sach ko saamn laat ho aur yahi ka dna,1
38859,jz jahil ki aulad quran pak se non-muslim ki trah refer mat dy,1
32944,😭😭😭😭😭😭😭😭😭😭😭😭 pure n divin look purest meri hi nazar lg jayegi put ⚫⚫⚫⚫…,2
27533,taoffici didi aap jai shri ram se itna gussa hyu ho bhagwan ka nam lenepar aap arrest order dete,1
9754,allah se duya kartahu ki tumhara din kate hamesa 🧚‍♀️ gd & gd 🧚‍♀️ ... gd luck sweet dream ... 😴😴😴 nan,2
38179,yeah sab ek jais hai ghadh actual donkey intellig 🙄🙄🙄🙄 nan,0
34405,vps pappu ka fake fake kisi k sath taka bhida hain ... .…,1
10375,sayad vo khin bhi thi mujhs pehl nan,1
12516,bc usko chodo isko koi 3rd degre jail le jakar jab tak ais keedo ka ilaaj nai hota desh mus,0
11480,ha ha ha pakistan ka sabka saath sabka vika,0
1510,aap pichla 5 saal se media ka ghatna kramank ko rewind kark dekhiy jabbi vipaksh ne rule parti ke neeti ke baar,2
38220,didijeet ki bahut bahut badhaye avam shubhkamnayen kendra,2
22162,ha bilkul sahi keh rahi hai aap ... . @ sushmaswaraj ji ko hindustan kabhi,2
20309,twt jola hahahhaha well goodluck sa atung friendship inig duwa ani nan,2
22418,golgappay limca ice cream sbha gala tou kharab nahi huga ? ? ? nan,1
14531,indian muslim ki popul kachra jyada ho gaya kam karna vo kar rahe jo hindu ko,0
20123,maml polic ne paisa le,0
17719,veri nice sir yeh diya sateek jawab pakistan ab bhi sudhar ja nahi terey yaha sai jitn,0
20844,rahul gandhi ko chowkidar chor hai ka nara bhut bhari pad gya kuki wo khud bail,1
20590,yesssss know shind still errrr hmmm jeevit hain bad bad nan,1
17031,hallo suho name najwa aisi rahmah 'm indonesia happi birthday keep healthi wish,2
40717,us plan peopl moon anyon fill name & get board pass free modiji free main kabhi gyan,1
2266,beast usk perosn problem h 20 khelna & 50 kheln differ h agr whi wc perform nhi kr pata,1
21778,nsharif oy kuti aloo pakistan tumhara baap mar raha ha begarto tum ko sharam nahi ati wapi awo pasi,0
7438,! ! ! ! ! har chehr k upar chehera hain yahaan look emraan ! ! ! astonish love emraan th nan,2
45116,boss even dili kaayo ta close kay look dyud ever sinc katong ki guid ko nmo ( acquaint hahaha,2
11919,yousaf api app b boht tezz daka hova match ko kah rahe ho k nahi daka atna mohbat payer hai pakistan sa k hart nahi dak sakti na nan,1
35196,happi sweet seventeen nder 🎉🎉❤ moga makin dewasa yaaaaa salam sayangg ❤ nan,2
13474,saal jitna safe yaha ho kahi aur jinda bhi nahi rah paog mandir nonvag kha raha,0
25284,og tanko congrat 🎊 nan,1
27062,aaj rrb7 candid ki activ tweeter pay dekhn layak hai jor lagaa dosto aur ye kaam daili karna hai apn hak nan,1
31436,saari duniya franc america germani london shrilanka afganistan india myanmaar etc etc islam,1
28982,cat made last night find follow,1
43747,bharat ke kisan ki buri halat hai sarkar koi jor nahi de rahi sarkar ko kewal bhoot se kisano ki buri halat hai,0
5818,beleiv anyth bad potus lie crusad nan,1
1845,swami ji karmo ka fal jaroor milta hai chinta na kare apn acch karm kiy apna dha,2
22365,maurya007 spling pe mat bhai ki bawano ko samjo nan,1
24224,kaha pahuch sanaki ke pass use dekh ke lagta hai kahi heartattack se na mar jaay set pe hi kahi bjp chun,1
1148,wo elect ke liy badha ke btaya tha accpt bar elect commiss media ko bhi bewakoof bnaya h janta ke sath nan,0
19034,mean problem democrat vivek tum jo katori main attent ki bheek mang rahe ho usp khoon laga hai nan,0
24097,panditji lost custom ab tump jabtak isp fir nahi kroge main nahi khane wala 😒 nan,1
10834,muhammadpti kuttay bhonktay rehtay hein r karwan chaltay rehtain ye pashton nahi hy r na musli,0
30279,afwahain tere baap kuttey 🐕 ke marn ki thin lekin bhonk kar tu bata raha tera baap kutta nhi khinzeer,2
1054,nxt five year main india chang hone wala hai kyoki modi sarkar bht bda bdlav krne wali hai ye main ni hmare modi sir ka kehna hai nan,2
6639,bakhsh deta hai khuda unko jinki qismat kharab hoti hai woh hargiz nahin bakhsh jaatey hain jinki niyat kharab h,2
28686,even muslim — ek gaali kia de di log mazhab pe ajat hain bc,0
45020,vaidik paidaishi mc hote hai dhongi saal convert brahmin jainism great step nan,0
18982,tangl kittu bahut badmaash hai koi faayeda nahi iska mba kark paisa duba di sab bahut badmaash ladki hai kha,0
2112,sir rajasthan ki sari recruit process band kark kau berozgaro ko pareshan kar rahe ho 2018,0
36147,bangladesh agr jeeta pakistan k top 4 main k chanc bohat kam ho jani hain nan,1
17045,saal vidhayak mein goli maro nanga kark ahmedabad mein sukumar bjp sarkar moradabad nan,0
25773,shubh shanivaar 🌼🌷🌼🌷🌼 suprabhat bhai jai shanidev 🙏🙏,2
6676,ab pata nahi mera prsa milega ki nahi mere paa uska sabut koie mera help karega bhai log,1
38268,jab u hendrix thumb tweakin 😭 hit da like button nan,2
36192,shakal kissi bandar sy kmm nahi hum sarfraz ko iss mamlay mai 1000 % support krtay hain tum dosro k ball pakro nan,0
20652,yogendrayadav modi sarkar ko pichhad vargn pm banaya hai 1947 ke bad abi gav bijali pohchi hai toilet bane,2
30306,repeat chl rha hai song sir gbu wait movi waheguru ji kare super duper jave aa movi ♥️♥️,1
9060,jabtak desh se kathmullo ko puri trah se sidha nhi kiya jyega rss apna kaam krti rhegi aur govt apna k,0
29367,ankush tu wahi jhat ka khujli bc jab khujan jao ese bhagta,0
27752,odisha bangal ka durvago hai humara waisa eak cm mila fluke jo polit eth,1
20627,person continu captur may heart wink boy park ji hoon -- happi birthday 🎂 happyjihoonday,2
28329,ni kichwa ni hazina ni mpambanaji ni mwelevu ni mfunikaji wa nyota za watu nan,2
13017,rss ne 70 saal lagay hain iss desh ki murkh janta ( phd bhi ho saktein hain ) ko itiha aur vigyan padhan,0
25441,theyousafzai phir wapa ane ki zaroorat nahi uder hi kisi restaur pe job ker lein nan,1
7216,hey manak gupta take 🖕 u r bjp chamcha & ur concern fake nan,0
6191,bayi love much 😘😘💚💚💚 khuch nan,1
24542,happi birthday enjoy ur day bitch cheer laag libr u pakain ka naman dyan sa first,2
28035,sir aap apn wade ko pura nahi kar pay subcapit mein light ki ais problem pehl kavi nahi hui th,0
19773,bhai tu saccha aadmi hai aur tu banega ek din best politician mai chita aadmi hu lekin main,2
23482,dub kar mar jana chaiy apko kya halat bana di apn congress ki abhi bhi wakt aap parti se ist,0
5840,topi walay babu ki tau new job hougi humey chutti kesay milay gi 😭😭😭😭 nan,0
4950,watch stream game look fun uniron use sjw made tune immedi better sampl nan,2
27750,son told “ peopl say kahu ā ori boy ā ori peopl brown ” 😭😭😭😭 nan,2
19726,super stupid secur user verifi everi point made miss tatkal book kind hire,0
9189,rahul gandhi ko chowkidar chor hai ka nara bhut bhari pad gya kuki wo khud bail,0
32002,bjp ko bole ab muslim ki baat kre pta chl jaega bjp ko elect ek vote mhi deta muslim bjp ko hume ent,0
43124,sahab itna zyada tweeter par mat aaya kijiy bahar garmi 🥵 bohot hai tabiyat kharab ho jaegi je,1
451,dont slay 🤣🤣🤣🤣🤣 inta serious nahi leneka segment ko segment pure fun 80 % nonsens cast make sens nan,0
14352,loud shayad tujh yaad na ho par 903k log bhule nahi hai check kark aaja instagram roadiesrealhero nan,1
21702,b b h junmyeon music junmyeon best leader junmyeon dinner junmyeon man laugh junmyeon last nan,1
14995,congratul pm sir mai eshwar se kaamna karta hun eshwar aapko lambi umar de bharat ke sabhi jaati ke dil,2
12738,welcom new india jo problem develop need poverti n't mind onli communal violenc ha,0
14402,afridik world cup tum kabhi bhi hums jite nahi kah rahe ho ki se nahi dart nan,0
39759,beta apn baap se puch ki ais kese hua tum chutiy ho hum nahi hame pata hai jeet ke,0
37005,yahan k lig hi kharab hai itna kiya fit v vote nahi diya next time us ka elect,0
37863,agar apko lagta hai ki har cheez ke sath fuck lagan se aap cool lagt ho toh god ki kasam aps bada fuck,0
22380,actor advanc apolog life 's first inspir sir rustic imperson sir aapkey cousin ki fil nan,2
19622,piaray ) happi birthday advanc dua khuda kare kbhi bhi udaasi na ae tere chehray par meri aankhien tujh,2
14712,parent school jaya kro futur bn jyega school mirza ghalib ko aam bht pasand thi nan,1
12957,south africa team bekar h jab tak ushm abd viller na ho nan,0
33428,answer miscalcul vote seat one vote matter deshkamahatyohar hai aur apn dhji,1
23650,unh kam samajhn ki bhool mat karna intern communiti koi dainik jagran nahi padta,2
17904,shaheedo ke parivar wale en logo ke hisab se bebkuf hai ye jo apn bacho ko desh par sahe hone ke li nan,2
14429,hume alreadi improv ottawa 's byward market 's,1
37790,ab naukri jaan ka darr laga gaandhiwadi ho gyi ? ? ? sharm aani chahiy tum jais logo ko kam se,1
21112,dhol bad * cant agre way far safer within famili marriag least parent / ancesto,2
7568,pure kashmir ko barbard kr dia tum logo ne apno gandi rajniti k lie nan,0
13127,raftaar fir se bata kaun wala sri ram bjp wala ya hindu wala hume dar nahi,0
26784,privat window naam ki koi cheej hoti hai ab subko pata chal gaya ki onlin,1
28465,democraci sale phir chor kon ha bhai jo tmc log bjp mn shamil hore ha jis ko tum gali dete,0
37014,ais hi soch ke karan right wing ka har mehnat bekar jata hai mam gandhi desh ka prateek hai ja,2
5983,teacher ko power kia jay pass fail ka system hona chahiy teacher ka kaam teach ho hr,1
35160,doston ko hotspot dene ke baad,1
20101,sir jeet ke lye bahut bahut badhyi lekin jo soorat huaa usm app ne dekha hoga ki fire nan,2
12518,love u modi ji main kavi netaji ko nehi dekha aaap ho mera netaji bharat ka netaji ... .…,2
12528,chal dall sale hrami ke pill n't u hear eati,0
35790,rashid ab chutiya nahi banegi public sab samjh rahe aapki gandi rajneeti anti-modi bank famous hone ka,1
37312,13 12 jee shuru se woh tou beech main ananya ne aa k demagh kharab kar diya tha ak,1
18987,agr sch dar hota ye articl likhn ke bad iska sar klm ho jata abb tk khud ko fa,0
29084,santa 3 7 follow ? 😰 itn ananya pandey ka v nhn 😂 nan,1
34387,mansoor ali fuck pata hai jo tou ne vote dia drami baaz 😡 beta jis ne b pti ko vote kia wo tari tera roota na,0
15247,miku cute tho — thank chu,2
27392,respect sir mani congratul 🎉🎉 huge victori aor aap se puri umid hye aap state aor modi ji,2
34673,good morn friend itsnewdayhappi morn day ahead sat sri akaal manjit ji stay bles,2
8872,bluff dj rock apni maa ke baar main aisa nahi bolt tere abba linguist ne sikhayea nahi,2
36034,valuetim valuelif guru g teach us hme hr umr ke liy tyar rehna chahiy g ht nan,2
9697,tumh bjp ki chatna hai usk liy congress ke spokesperson ki kya zaroorat ab koi rukawat nahin l,0
21788,jse feel fam last year sky gon na sky reaaaaaalli soon stay indoor nan,2
26618,bhai aaphiko sirf etn zabardast script kaha se milt hai ? ? ? aur aap har movi main apni perform,2
9181,dil jigra ek hi lekin isp har bar kurban kar du bharat ki salman khan,2
15631,aaag sweet thank ☺️🤗 nan,2
28246,heart kill faster bullet nan,1
23965,khuni sale bjp wale ab maal share carnem corrupt share na milnes khun kiya hoga nan,0
16049,last night left kid parent care husband care iftar date w,1
20643,bhai sorri bhadv congress walo ke debat aapn ye na aa ne se kis ki freedom speech khatam,0
39399,kolkata ki super best c mamta banrji islam dharm ka kalma padht hu,2
691,boi kdo unpract cool sword seen nan,1
10779,kya chutiyapa chala ke rakha hai bc ek din hua nahi ki faltu ki bakwaa chalu hogayi coretard ki bina kuch samjh,0
19904,bhaaii happi happi birthday 🎈🎂 allah taa la aapko sehat tandrusti dein ta ke aaap watan-e-pakistan k,1
24772,congress parti itni halat kharab ho gaya ki sansad kya tv dibet bhi nahin baithega,2
25579,ez1403 ghunikhan shah bhosad bulla hai tu chutiy bamboo padeng gaand nan,0
15444,maurya007 kya baat good expect rakhna changi gal hai nan,2
44120,assalamualikum sir eid ko ak famili apn abbu ke sath,0
27190,🤣🤣🤣🤣 . tera baap ka fauth hua toh mai kyu dukhi nan,0
26576,lekin road block kark aur market band kark namaz padna sahi yeh kya ye,1
35368,advic pakistan team today ye ki paain yake lagai hai ja kr pakori bechh cricketworldcup2019 pakvwi wc19 nan,2
8055,renmin au jaemin renjun love someth prevent let let ‘ love ’ … nan,2
18840,happi birthday chah chah chah happi birthday hamoood happi birthday chah chah chah 😍💜💜🎊🎉🎁🛍🎈💜❤️❤️ nan,2
24774,congress ki haal ki koi aur nahi balki maharashtra congress khud jimmedar hai,1
26402,ind 75 = $ 1.08 pak 112 = $ .72 fuck urself jahil log patta nahi kaha,0
36253,bachii boy 1 bhai tu cigarett chhorn wala tha na boy 2 mar gya bhai ; __ ; boy 1 koun boy 2 motiv nan,1
44816,yaseen2 ok aakhri lamhaat apki birthday k 😎 ( ume karti hoon dekhai de raha hoga 😂 ) happi birthday ! ! 🌸,2
31187,karwa ham apk sath sir nan,2
18399,insan pita ji pleas bless father sister kid & near & dear alway remain fit & live l nan,2
12685,modiji welcom peopl countri great expect form parliament app,2
39560,modi ji ne bari bhumat se jeet hasil ki verdict2019withnews18,1
28030,yr sirph modi jays neta soch sakt hai nhi ghamand chur dusr neta soch nhi sakt bhastachar pe,0
22206,bhai tind hain sabzi wala nahi laana bhi mat iss area kabhi nan,1
34859,non-stop hoga entertain par kaun dega perform sabs best watch srgmplilchamp sat-sun 9 pm nan,1
8259,girl like echt zo n leuk nummer en dan komt opeen die schijt van cardi b sorri maar hoezo kon niemand,1
43466,farzi rashtrawad h aapka jo din dharti ko 5 bar matha lgata h uss zabrdsti nhi bulwa sakt u,0
23475,jain98 pappu pappu hi rahega lekin baaki samay bataega ki kya sahi hoga desh aur kya nahi nan,1
28958,ye desh ka ab kya hoga yaha koi emmandar nahi h nan,0
35124,final jab apka nikkah apk crush sy hoja,2
20633,bjp sarkaar namo narayan modi ji ki sarkaar good morn btt bihar se bari jeet k lia badhai btt ish,2
38762,baji ka confid 😂 mai apki fan hogyi hun yarrr 😂😂😂😂,2
28069,usmanpak pakistan ke dushman pakistan ke andar hain un ko pakro aur un ko tun kar rakh pakistan ke wajood ko,0
8227,frndship goal like day babi shona one best frnd know import h,2
12965,ek number ke bade chor hai yeah sabs bade wale chor chorrocket nan,0
11038,rd ye world cup nahi hai ki jeet gaya kaam khatma ar jasna manaay ar na hi ye congress parti hai nan,1
28876,dutt kutt ki tarah bhonkt rahog yahi hogaa sonch samjhkar comment karen nan,0
9556,report madam app thakti nahi hain bakwa ker ker k ms 🐸 nahi kyun kay mujh gairat nahi ati nan,0
12746,ur great leader sir pray god good health aap jaldi thik ho kar vapa aaiy aap jai,2
45044,pakistan k armi song suntay dil krta h bs aj jung ho jay nan,0
13206,rohit bhaiiiii way u keep india 's side everi friday pakistani media 's praiseworthi 👍👍 keep 😊😊😊 nan,2
1029,husain haqqani sab ap time nikal k mar q nahi jatay dharti py bojh ho tum gaddar besharam nan,0
6459,great question great answer see,2
8940,two sindhi se tum saan lene ki hawa nahi chura sakog fan duur ki baat hai nan,2
41463,hey mate celebr birthday happi new month happi birthday advanc,2
26056,chutiy ko modi hmesha chutiya bnata hi phir bhi ye chutiya modi ki chat ta rehta hiy chutiya ek dum chutiya h,0
9919,tere haat tu khud ka pakad ke rakh teri aukat sirf chutya pan karna hai apni chaddi,0
42756,sirji hmlogo ki sarkar bn gayi ye darshata hai ki yogyata ayogyata se nahi har sakata ab sirji,2
31234,good luck kk humesha ki tarah aasamaan se aag nikalna,1
37671,hey bhagwan ab stop get histor jisn bhi propos kiya ho implement kiya ho bat khatam ho gayi na - let,0
26396,nikal gya wo kandh maa - bap ki umme leke vha phocht hi ni samhal paya apn kandh ke bojh ko gir gy,1
44336,shri ji u r heartbeat young india salut 👍👍👍 jaihind nan,2
10247,miss much 😭,1
14541,gov pti didnt vote,2
6853,wo rpf wala pakka tmc / congress ka support hoga ek suppor,1
22777,amarind dharam vir gov love care belov god - gurunanak dev,2
5077,fokat ka samosa khaan & fokat ki movi dekhn wale critic tweet boycot salman khan movi lol funni c nan,0
5383,smile 💕 jaan ❤ pyar dosti hai love friendship 👫 bff time parthsamthaan,1
31260,bhai love stori kay chakkar mein hui ladkay ki pitai apnay logoun ka support milna bolkay,1
37211,1912 pr 100time call kar chuky h problem ka koi bhi solut ni nikla nan,1
16015,absolut perfect king love life,2
28787,heartiest congratul dear prime minist ji may god shower upon strength wisdom nan,2
42648,congrat kukkur premi shri sir given vote cracker-yukt diwali pls care hindu,2
14395,shyad insta se shivi ka pic upload wala option hi delet ho gaya nan,1
32974,pav boy amaaaaz chant f * ck away esp new jimin serendip stamped li,2
11958,rahul resign dega gandhi famili ko kuch fark nahi padega par baaki amcho chamcho ka pet pe laat ho jay,0
8772,chor jumla bazz sob bjp rss bojrong dol nan,0
34378,kimtaeyen thank kimtaeyen hindi mo alam kung gaano kami kasaya sa ginawa mo purpl eyen 💜😘 nan,1
4373,hahah yeh tu nahi tera jala hua pichwada bol raha hain adat ho gayi thi na ki mullon,0
30103,1 musalman ko 05-jun hindu milkar mart hain usi ko lynch kaht hain mana ki pasiauti ke log bahut sa,0
28227,* watch past present perfect * kdrama brain * keep look eng sub * hahahahahaha hindi ko maiwasaaa nan,1
13164,tumko izzat raa nahi aati nah 🙄 hum granni ko ignor karn ki bahut tri kar rahe hain lekin tum log inn manhoo,0
18542,yar dakho ka atna follow ho b ga huma koi pochta hi nahi 😂😂😂 . btw mara chand ak follow kar lo iss,0
24974,epic bhakt matter 'm jobless hungri without badic need still vote modi look mus nan,1
9677,amit shah ji pleas jet airway ke employe ke bare mein kuch kariy parivar wale bahut pareshan hai bhukh mar rahe hain nan,2
13079,> muslim parivar bachha huwa > naam rakha narendra modi > phir islam ki darkar pe > narendra modi ban gaya mohd,1
29048,tmhri lie lanat ka lafz bhi km h tmhn na shrm hai na gerat bs bkwas ati h nan,1
32433,bhai proterm speaker kaun banega sabs experienc mp kaun hain .. ? khi apn toh nhi nan,1
39382,ji agar mamta didi ko takleef bhi ho jaishriram kahn se iska matlab ye nahi ki wo 'm logo ki ja,1
8372,badhai ho sir umme hai sabka sath sabka vika k tahat dedh k karamchariyo ki purani pansion nan,2
23926,pure desh mai jo bhi vote hui hai sirf modi ji k name se hme garv hai ki modi ji hamar desh k pm ha,2
25640,shame congress jais chor n scammer parti ko support kar rahe ho 1st kitna paisa khil,0
12090,wonder agar chapter id pe pade hote toh shaayad yeh nahi pucht ... 🙏🙏 nan,2
41476,love truth son nek band ho 🙏 malik ke tum jeet raho 👋,2
22511,doubt muhammad ilya qadri sahab ne lakho logo ko gunaho ke daldal se nikal ker neki ki dawat ki taraf laga hai .. ! ! hbilyasqadri nan,2
14901,dekho kitna bada pkmkb 😂 kya hua bhag gaha bhadw 😂 bada uchal raha tha fake follow wale bot scr,0
20495,bht moodi ho aajkal hope well nan,2
3009,nwaz chor b chori kr k aaya tha2013 main 4 halqi kiun nai kholi agar sacha tha 🤔🤔🤔🤔🤔 nan,0
17065,randi afghan ki rakhel zaban sambhal k pakistan aur fauj k khilaf ek alfaz na bolna randi nan,0
26173,bakwa band kar ye bata rajneeti se sanya kab lega ya aab apn rajnaitik maa bap ko ek phir badlega,0
12520,malik rashid aur mujeeb ko ais rok raha hai jais ball nahi grenad phenk rahe hain embarrass nan,0
14565,kyuki congress wale itana chillat ke kuch hadd tak ussi wajah se logo ne vote nahi diya hoga ab,0
38907,🎉🎂 happi birthday dahyun 🎂🎉 5/28はダヒョン🦅の誕生日💕 当日限定で、 bd イベントのステージ 10 がついに開放🎵 すべてのパズルをクリアすると… ダヒョンの bd 限定ムービー get 🎬✨ may-28 2359まで🌟 h nan,2
16922,fuck ! ! ! like actual fuck ! ! ! ! dila die die kuzgun without dila 😭😭😭 tell wa nan,0
6086,pradhan marntri ji bahot bahot subhkamnay dher saari bdhaayi modi ji aap pyaar hmesha ays hi janta parivaar,2
14775,best ji aap sangharsh karo hum modi ke saath hain,0
11044,* okay momw friend plan trip * mom nahi betaajkl k dost bht kharab haikhud parhai kr leti pr dosrun ko kharab nan,0
13782,kaisa pagal journalist hai ye itna bhi nahi pata ke ye ek fake footag hai 🤣 nan,0
20522,offl arey bhai movi dek khe mera dimak kachodhi huvva ... 🤨 nan,1
14198,k afridi ye jo abhi ucl ky naam py tv py horaha hy isi class footbal kahti hain beauti show ❤️ dil khush hogya uc nan,2
5962,oyee happi birthdayyy ! ! ! ! javiiii ! ❤❤ one best girl twitter liter ! 😭❤ day n wish k,2
24048,ab kya hua akhtar aur shabana desh chodn wale irada badal diy kya koi desh apnayega nahi pat,0
28760,pmo manniy pradhmantri g aaps ek help chahiy jo aap hi kar sakt ho aaps request,1
29902,raul khan ki umra 49 yrs hi hai aur desh 1947 hi azaad ho gaya thhaa fir ghonchu ko british raaj kais yaa,0
5182,allsport news flash shoot world cup ( munich ) manu bhaker / saurabh chaudhari win gold medal 10m air pistol mix team nan,2
17055,pta hai zain ko avni kyu pasand hai bcoz girlish strong 💪 fearless hold tear sh nan,2
10570,mashallah je zaror hum sub ik hai love pakhtoon 💖 love pak & armi 🇵🇰🇵🇰💖 sun lo dhush,2
26674,kyonki ais angl media bjp khoj nhi,0
15876,rassi jal gaya lekin aithan nahi gaya .. @ rahulgandhi ..52 hi kari ho bjp ke liyeinch inch ki ladai karog,0
39154,hume bahut jada khushi meli ke hamar modi ji jit gay bharatiya janata parti jinda baad,2
5366,hera mandi ke harami tere kali mouth main peshab karo,0
14299,voic america ko band keya jae sara propaganda yahi kr raha hi nan,0
21387,voic america ko khifat ko samna twitter pe 86 % -5199 awam ne mohsin dawer k foj k waziristan se inkhila k matalba ko mustarad kr dia nan,1
9342,jo sikh apan shabd ki kimat nahi janata wah aadmi nahi murda hotta hai agar sachch,1
28457,bharat apki news ki present bahut hi poor hai news ko ais bolt hai ki irrit hoti hai au,1
35381,rahul ki chatukaar geeta ji ab koi aap logo ka backwa nahi sunega nan,2
10985,sir ek fake lotteri ke naam se 9.23026e+11 number se whatsapp aya hai usm 2500000/- ka,1
29659,honest love never forget wasim akra,2
6315,ye hoti bewakoof ki nisani india toilet coverag 93 % hain pak 58 % ... muj,0
20058,saw 3 episod hostag hostagesonhotstar pais nahi diy dekhn ke isliy wapi nahi maang,1
37288,bahut fake news failata hai diksha ne iski kafi news ko fact ke sath counter kiya tha nan,1
44123,lol pakistan know grow terror,0
23971,nabiazad,1
41652,bhai sab aap patrakar hai ya cong ke advis jab apko koi co g ka admi kahega apko insol n,1
37702,daga yogendrayadav tabhi toh bjp ke aan par gdp giri aur unemploy rate badi h nan,0
31169,ye team world champion jarur banegi captain team ji nan,2
34424,j aapki jeet dhrm ki jeet hue hai mangalmay ho manglwar ko air strike desh ki jeet ka karan bna mod,1
6090,baba ji world cup daikh rahai hain nan,1
22704,aur iska farq job market mei nazar aata hai barray schoolo ke bachoun ko school ke brand,1
41072,abe bkl tu khud tere baap ki wajah se bollywood aaya varna abhi kahi aur kisi actor k,0
22538,haytham sena wtf apni tarah chutiy samjha hai kya nan,0
41838,watch mental madhilo inde real feel good movi ilanti movi chala bavutay simpl cinemat liberti,2
17417,mohol one year beauti film parmanu given us dearest guy aaj parmanu movi ko ak saal hua hai nan,2
34952,katrinakaif 'm scare akshaykumar candid interview bharat puja happi work,1
19587,secretofposit saint dr gurmeet ramrhim singh g insan btate k method,1
27951,sewk singh04 sharma3 disturb na k,1
38900,izzat deni ki bat nahi hai ham jesi e hi unsi achi ki ume rakhni lgti hain wo badl jatay hain nan,1
26974,tuj pr allah ki lanat tu bhol gay apni krtot ghshti apni shohr ko bi chor dia teri jesi ko izat waisi,0
6041,manniya ravishankar prasad ji aap se aagrah hai ki aap jis gaon alawalpur ko god liya tha u,1
40789,congratul priminist god aap kalyug ke bhagwan kalki hai aaps achha koi bhi kabhi,2
19369,2020 khalistaan ki maa k bhosdaa 😬😬 khalistaan haay haay khalistaan kutt ki aulad,0
35461,😂😌 ae ye jo bi fangirl hai thoda km chipk bc,0
22209,bhaag bc kar de saabit ki tu ek baap ka nahi h aunti ji pakistan bhi jaati thi jais tu jaata,0
28752,imran bhai ye awam har daur mein apn leader k sath rahi hai yahan k log mehnat kash hain aur zinda,1
41274,har jeet never mind muqbla kro bhai bhai muqabla har jeet game ka hissa hai fight fight & fight ... ... ... .. nan,2
42642,arrey bahi hai behn lipika chipkali hai ka fake 2rupe dumb tonic wala anchor hai nan,2
11194,100 compani respons 70 % world 's carbon emiss n't understand south african consum nan,1
1987,modi ji aaj utthey modi ji ne signatur karey modi ji ne aaj saf kurta pyjama pehna gon na b sick,1
23674,koh gaali sunta nahi deta hai bsdk ! ! ! 🤣,0
13791,nahi matlab kyun yeh galat fehmi ka shikar hain log kay wo galian deti huay barey swagger lag rhi hoti hain 😑 nan,0
662,pathan 14 ikk toh sarkar job ni de rhi upper se apn india ke log kaam karna nahi chahat,1
41201,dear apn hamar / c bal se 0 8 pais kam kiya plz wo daldo call bhi nahi lagti hai,1
32704,guy follow friend 17 sweet person aapko acchi dost milegi koi follow back maat mangna f,1
12455,manoj jo phir toh aap bhukh mar jaeng kyunki rahul gandhi iss desh ka pradhanmantri kabhi nai ban sakt,2
39840,sahab 72 moosa1 54 bhai sarfraz ke liy best tha keh world cup se pehl usko resign ker dena,0
4222,pmln k kuttey hr wqt bhonktey hein apni maan ki tarah nan,0
28809,aadiii mind power thing fill posit thought life start chang brav nan,2
27627,genius17 world wide ye nara hai world cup hamara hai jeet ki teyari hai 🇮🇳 india sab pe bhaari hai 💪 best luck king 's 🇮🇳🇮🇳 wo nan,2
30522,10 invert ka sabs jyada nuksaan un bachhon ko hua hai jinko light jaan k jaan pe padhna nahi padhta tha,1
33086,dua hai mubarak raat k sadkay khuda sabki naseeb achi kre sabki mohaabbaton ki manzil nikkah ho ... ! ! ❤️💯…,2
29826,r k pakka gobhiji ke emo vale scene yahi likhta hoga nan,1
14056,lmfaooo better photoshop 🤣🤣 nan,1
20820,fake video share bhadv feku nan,0
9583,good news youtub mahina apn channel par kaam kark dekho revunu jyda miln wale hai han ad bagera jyda arha hai nan,1
26221,samvidhan ki prati hetu karyalay aana aavasyak nahi hai yadi parti ka samvidhan hoga uski prarti,1
28506,bahumat hindus ki wajah se aur khush kreng unko 24*7*365 modi & bjp ko gaali dete hain ab bahut,0
17602,ramadan mubarak ki 27 sehri buht buht mubarak ho muslim rememb prayer al wida w,2
27744,ckie omg im cool thank u eheh ur cute let 's talk ! ! ! nan,2
33243,girlz live experi sam kya batau best experi ever 😭😭😭😭 serious bhot bhot acha h show nan,2
27522,😎 aisa react karien aur khud block kark chale jayien 😂 mai apna samay kharab nahi karunga,0
28081,realli consid give sorani pass heartless karr 🤬 nan,0
11084,abhivyakti ki azadi'ka matalab pehlay khud samjho sardana ab ye bhi bhol chukay chatukarita kartay k,1
15561,pakistan team se kuch b expect ni kia ja skta jab jab expect kia inho ne izaat ka faloda hi bnaya 😑 nan,0
24924,dear lalua beta tum ye batay ki evm kab aya hindustan khud chor hei sala dusro ko salah de,0
27211,happen even yaar dekhna tho bohot kuch chahta hoon dekhn ko mann hi nahi hota h,1
5706,song yaar jitna v sunoo mann hi nehi var raha hai bekhayali think infecti song ye nan,2
35752,jai sri ram aapki mehnat oor lagan oor tapesya sri ram je ke daya drasiti aap par sadev rahegi aap janta,2
8181,hassan pehchan hi nhi raha bhae 🤦☹️☹️☹️ pehl jo log msg kr k bolt hm se bhi bat krliya kro jani kahan,1
20427,askstarsport semeephain pahunch sakate hai think afghanistan reach semi-fin nan,1
8577,modi ji prime minist h thodi respect krna sikho nan,2
19240,khujliw ki laat khakar ye paagal ho gaya isko mental hospit admit karo nan,0
14135,sanjay singh tum jais chu ko wais bhi koi sunta nahi hai iss baar assembl elect ke baad,0
26100,love brute hindu major bharatd world 's torch bearer toler & beacon peac & non violenc son & … nan,2
34232,ray bachi ko marni sy uski tarbiyat ni hotii piyar sy smjhaani sy hoti hy main bichari ka kasoor ni jit,1
14394,sir west indi jeet chuki h world cup nan,1
28033,arvind kejriw wo hai jo baccho ki jhuti kasam khay kursi ke liy baccho ko bhi nahi baksa rajniti ki ak wo ha,0
21433,mewakili pihak ppdk lubok china menerima sumbangan daripada en abd halim isa pengurus ladang farm 's best food indu,1
42615,meerut iss barr sirf modi ji k naam vote mile hai bhooliyega nahi kaam kuch bh,2
5675,tum jiyo hajaro sal sal ke din ho 50000 happi birthday son sanskar nan,2
40558,fadnavi kyu bey harami ki aulad jab tu hamar pm modiji ko gandi galli deta hai tho hame bhi,1
14481,thank n't waltz jnu earn work hard like shal,1
16078,shadyantra tums koi sikh modi ko jeeta diya yadav muslim ke naam par kabt,0
35640,ind fark bohot hai yahi murkh bna rhi hai tum jaisi jahilo ko bjp sarkaar moharo ki,1
27305,urdu asal khatra system ko hay ab ye opposit pr depend krta hay k wo system ko chaln dena chahti hay ya nahi nan,2
18889,bc ais tweet kara kar toh offenc likh diya kar kuch log joke bhi serious dhoond lete hai 😅 nan,1
31487,went nagar today watch aladdin guess watch trailer lion king 3 time,1
43014,agre u yrrrr dosti ko achi nazar se dkhi 😊 nan,1
31664,bain k loro sy bs yahe karwalo hum fazoool mai smaj rahi ty k ye hmare ley world cup layeng 🔔 😤😡 nan,2
4174,iyd wo kons log hote hein jo like kiyr beghair krte 😪 barr hi chawal hote 😪 nan,1
14338,hi moment n't let know soon 's time jashn-e-bahaaraa 🎶🌹,1
6993,love friend sapna ji aapka dil churalunga key ki hame aapk dil raht h aap mar dil ho love frien,1
41968,sub pakhtoon tarha nahi sochtay yeh kuch tabqay haain jin ko pakistan ki takleef hay ptm bhi anp ka char nan,0
2229,sarkar ko koi kos nhi rha hai ye fe,0
8569,last 5 saal whatsappfacebook chalana sekha gaya hai agar samaj hoti neet-ug ke exam 27000 jo b,2
19073,jab tk aisay ganda kaptan ho team ka kuch nhi ho sakta jiski tem main jagha nahi wo kaptan bna hua,0
9676,cogratul modiji today happi got prime minist pleas give repli us 🙏🌹🙏🏻🌹 nan,2
28702,abe wo hit hin hain hit hin tabhi jais hi post daalti tere jais kutt aa jaat,0
15597,hasiyat hawaldar fake-ass jihadi barrist 🤣🤣🤣🤣 nan,0
14957,mohobbat good nyt pita ji ~😘😘🙏 dhan dhan satguru tera hi aasra 🙏 'm sorri mistak kind forgiv 🙏… nan,2
20334,mujrim nhi smjh kyuki tumhar bato se bjp ko bhout bnft hua tum bhout kam aay itn bk bk nhi,1
14093,great sir pah baar pratapgarh ko ek aam aadami sansad ke,0
6111,ishwar ne shakal acchhi nahin di aur pariwar & samaj ne sabhyata nahi,0
22125,tm phr maro ge aur kutt ki mout maro ge ct ki tarh wc b ... 😂😂😂 nan,0
36410,bakht11 iss desh congress jais neta bach hi nhi adarshwadi payar batn w,0
42654,ca n't say 5 fav tulsi - smirti ji parvati - sakshi kumkum - juhi parmar kusum - kusum kutu,1
24647,ja ab alreadi late pata hai tum farjio ki dalla giri ki dukan band hone vali hai isl,0
28212,agr na mulk pakistan ki awaam ka pasa chori nahi kia tu isko azad kar dy agr,1
14553,chan mean mind circus mental hike adventur wonder valu fun time puppet show nan,1
25909,bhai ye bt sb ko smjhne ki zrurt h k aisa jo b krte h unko religion ka g,1
818,one one jane virgin narrat knoow straight telenovela right ? ? ? ? ? nan,1
9454,wah jooti prti ns ko bolta surkh roo ho gy adalt saza hoti bolta awam jeet gy wah nan,1
30337,shame fuckless cameraman behenchod teri behen k 7 aisaa hoga bsdk tu b video banata rahega 😡…,0
33464,great professor sir jiii nan,1
22020,isc although bio seen math chutiya saali * add nootan pile * also tempest ki maa ki nan,0
34684,abey khud apni gaad kyu marwat ho self troll hote ho nan,0
33186,54 talpalaz bhai bus perform nahe dena ground mai ok good shabash look good nan,2
38205,naya month start hone mein aur aapki movi aan mein nan,1
43424,aba maam nakakabigla ka magrepli ha mamimiss kita maam recommend wika 1 prof midyea,1
38189,pakistan cricket team talent ki koi kami nahi farq sirf itna k hamari player ko apn carrier ki pari rehti nan,1
37842,wright chuka 's ..🤣 . cat evil critter darkest recess hade never pet nan,0
12659,pakistan team wo gandi aulaad hy jisay na insaan rakh sakta hy na chor sakta hy nan,0
27976,dragon islam like black hole jo ab tak 58 desho ko nigal chuka hai aur ab bharat ko nigaln ki taiyari hai isko keva nan,0
24177,agar logo ke perspect se soch toh yeh vi sahi h world cup 🌎🏆 hamesa india se maar,1
18864,ke hawa ka kaam hai chalna diy ka kaam hai jalna woh apna kaam krti hai mein apna kaam kar,1
10764,81 han exact think right ke jo bhi kaam achi neeyat dil se karein sab khud acha lag nan,2
31884,abe bhadw woh log mandir maan kha rhe haram ke pill tere jais dalal hi aisi fake news faila,0
29244,bakra mandi ke patha sale hai mandi wala goat farm 336 8056786,1
4558,upload aao sunday ( 5/26/2019 ) ii,1
28127,shabaash stoke buss issi tarhaan world cup jeetna hai come england 🏴󠁧󠁢󠁥󠁮󠁧󠁿 iccwc2019 nan,2
22506,pata nahi kis zamanay lee rifl hein en k paa lekin unarm muslim k liy yeh vintag rifl bhee buhat hein nan,2
27344,aap log dam nahi bjp ke kilaf boln ko darna baith jao belat peper se chun,0
15761,mother fucker jab janta nahi hai bol mat crpf jawan ki famili ko pahl hi,0
44037,nigga sleep slide bruh get ticket ! ! ! let kasi know good end 😁 nan,1
1051,cnbc 🤣🤣🤣🤣🤣🤣 aka sir ne cnbc ke pahel bol diya tha,1
42115,sir g modi lehar nahi hai ye toh chu,0
28703,apn karrm nahi dekhti congr janta ki tab socheng jub apn ghotal pure hong 72000 ka lalach deya voter ko,2
14744,wow nice abir like want marri mishti 😑 ab ladki se shaadi karni ha toh sasur toh nan,1
22050,geo jhoot jhooot sirf jhooot jhangir tareeen ka koi lena dena nahi pmln sy 2002 mai pmlq j,0
21299,mandir agar nhi bani bjp ko hinduo 300 par se sidha 000per aajayeng agl chunav nan,0
10966,soldier ni chutiya aatankwadi mare hai teri tuch desh ki aukat hai ukhad l nan,2
39716,1 yr ek drone attack kr den inp darpok baki sb khud bhag jaeng nan,2
6732,ya absolut chowkidar hamara dil ka chor hai aap k dp rahan waal bail pe hai vo mahatma hai,0
28894,aur apka show cuaght behind regular dekhta hon nan,1
44606,23 may ko rahul gandhi ki press confer suni bahut jaldi laga ki natijon ka ilm unh pehl hi se tha,1
17059,virgo see sign ari hurt taurus let sit gemini interest cancer hard ri nan,1
14868,mai pehl se hai manta hu jyada nahi 5-8 % vote opposit ka udhar kiya hoga baaki logo ne modi ke na,1
43737,sala aat hi kaam karn lag gay aap wale garibo ka school fee maaf karwan lag gay kyu bc kyu aat hi school banan la nan,0
26660,nope mje aiae song bilkul ach ni lgte mje jazba junon jais song ach lge dil dil,2
6418,bhai sahab kya saap waap soong gaya hai jo ais beth ho ab ho gaya jo hona tha ab chalo kaam pe lag,1
20351,aur ek debat karado hindu muslim per sub se age nikal jaog ye baar baar boln ki zarurath hi nahi,1
7077,omer muhammadpti ye jo sohni dharti hain nan,2
18404,hehe give updat 's go world cricket aajkal,1
34641,bc kuch log itn sad post share krte h fb kholt depress daal dete h 😔 nan,1
25924,[ shame sardar manmohan singh pose least ask drop mental prostat ca,0
20661,insan thank didi 😊 karna toh sab satguru ji ne hai 🙏 may pita ji bless ) nan,2
20268,good morn pita ji thank new day pls bless sewa sumrin parmarth bakso ji,2
13395,guruji ki sena karegi sabka beda paar 👌 gaurishankarnamo namoagain film india fridaymotiv,0
22962,khan great leader owaisi,1
1453,x cm shila dixet karn wale feku tum annaji ko b dhokha de diya nan,1
38023,khiladi style saal salaman ke nazayaz aulaad h 😂😂😂😂 nan,0
31722,apex court spank ass first dismiss case exit poll k baad opposit ki,1
20036,2019 elect result verdict peopl like part correct karan thapar piec hea nan,1
15409,bahut khoob bjp jiti nahi balki vote loota hai agar jeet bina dhandh ke hui phir evm tamper kyo,0
20239,thank memori jose antonio rey ❤️ never forget,2
36141,ye apn suna hi hoga ki maa-baap k karmo ka fal bacho ko bhugtna padta h aap logo k,1
9357,bjp ki yahi baat achchi hai ki log apn karyakarta ko import dete hai isiliy unk karyakar nan,2
16185,ya allah madad bring 6 home pleas make us proud boy nan,2
15993,cute badshah beauti style za bb,2
23879,ghor paltu hai sala ab sala kahin ka nahi rahega tejasavi wapa nahi lene sala isko mahaghatbandha,0
18832,ghabrana nahi 1992 world cup mein bhe west indi ne toss jeet kar pakistan ko bat karwai thee cwc2019 pakvwi nan,2
43365,best video agar aaap hindu ho,1
19467,ji aap ko bahut bahut badhayiyaan aap desk ke intern dushman se bacha,2
31447,hakeem sab apna leae koi kushta bana raha thae tu wo olta hogaya bass khana ke bad ye hal hogay,1
29086,opposit never die nhi toh taanashah sarkaar ho jyegi constitut nan,2
6974,chutiy ssc gcl2017 vale bichar etani mehant kark exm diya par tune koe twitt nhi kiya ab kyo bo,0
13094,bahut acchi pictur hai mam look beauti pictur outfit look,2
13396,pagol kuut ke samn roti dalna sahi nahi hai yeh sholay thakur saab bolk gey logbog 50 saal p,2
43479,mani mani congratul u continu effort made real heroin polit truley inspir,2
27133,kudo sir real tiger went swear ceremoni p,2
43828,bet kisi v parti ya kisi v hindu ne aisa karn se mana nahi kiya hoga shauk se karo hindu dharm,2
39956,dhanya ho prabhu aap jyse vykathi bharat praja ki sowbhagya sabka saath sabka vikaa jay ho ..…,2
22255,pehl tou mazak mazak hoti thi toni 's death past three day ive cri nonstop nan,1
22495,offer bowl leftov pheni baba baba nahin mera figur kharab ho jay ga smh smh nan,1
6243,sir aurangabad villag sonaura ko v aap ki jarurat hai woh v kuchh kiya jai nan,1
26878,thank much saaray notif bekaar thay ab acha lag raha hai 😍😍 nan,2
24866,abe land ke khajoor tu apn jaison ki fiqar kar behenchod qnki tere jais,0
15759,oh 😔 kabhi na kabhi haat aa hi jaega bhagega kaha ab toh pakistan mein bhi safe 😊✌️ nan,0
23489,koi faida nahi bhaiya yeh chutiy autom messag hi bhejt raheng nan,0
9109,nafrat hai muje un logo se jinh stop baad utarna hota hai lekin leng window seat phir sabko khiskakar sabka saaman hil nan,0
22025,mansi k fav word 😻 frnd - bhai mussoori chlega - bhai dkhte hai 🤣 nan,1
26467,bilkul galat decis aaj k time koi ralli nahi jata balki parti spokesperson ko tv pe sunt hain ba,1
32175,parentsday maa papa aap hmesa khush rhe 💓💓💓💓💓💓💓🌹🌹🌹🌹🌹🌹🌹🌹🌹🌹🎊🎊🎉🎉🎉🎉🎉🎉🎉🎉,1
14999,nsharif zak lanat ho ese bete pe jo apni maa ko qabar nah,0
18766,agar thodhisi bhi sharam aapm hoti ab tak aap ye fake video delet kar dete lekin godi media ka kuc,0
35146,saeed baat sirf romanc ki nahi hai baat samajhn ki hai aapa ki understand k,1
28182,godi media rss bjp ke hisab keraedar exampl sanaullah 30+ year desh ki sewa ki aj woh gaddar,0
30715,mundka pass aj tak leakag band nahi hui h nangloi k pass ka kaam chal r nan,1
38695,forc whi alway see poonawala brother debat bhakt channel 🙄 wo bh,1
33187,boleeh syaratnya rt dan like 💕💕 good luck yaa nan,1
15263,love fun nepal 3 time last year realli enjoy get,2
25547,teamindia viratkoh best world cup 🏆 humaara hai 😊 go india go ! ! ! ! nan,2
14327,bahut zyaada yaar log kitnay ganday aur zaalim hain doosron ki betiyon ki zindagiyan ujaartay hain,0
43334,mujh samjh ni aata owaisi ji kidher se vote cuter h bjp congress ne kitna benefit,1
27003,fuck å å l ( show love ),0
41600,dushyantsharma oh aaj tak khulla choda tha ab licens leke band daala hai licens cong spokesman,1
23289,aap ko bahut sari subhkamnay nayi jimedari ke liy baba aap ko sakti demeri aap se ek winti h,2
34986,modi ji big fan big polit advis modi ji delhi kaa c bann ke li,2
13005,aaj hamr des ka aan ban san shri narendra modi jee ka sapth grahan hai pleas inh sabhi log duaan kare,2
13299,khud ko oversmart smjhti h ye ladki dusron p bolti h khud ko nae dekhti 'm sure,0
8468,“ bhar jholi meri ya muhammad ”,2
27144,mehrosh present u beauti precious hasti ❤💮 ... timmi friend alway close heart glad fr nan,2
16294,narendra modi ko ek baar fir se desh ka prime minist banay jane par hardik subhkamnay,2
28181,pora failsa parh patwari ik ne case lara hi nahi koi dna sampl bhi nahi hua aur tum,0
13308,rohatgi mp kaa baat dire,1
7892,hamid mir sb appreci bhi kr deti well done pm ik hi likh den r proud ik,1
8922,agr koi tums kahe teri maa ki ch ** sidha yhi bolna k kash bhgwan ne teri maa ko bhi inni achi di hoti tere,0
14243,shine 2001 son never agre apn mann ka khaana hai nahi nahi khaana bilkul mujh par gaya hai 🤦 nan,1
14108,viratian nahi bhai aamirspk2 ne rts ke liy nahi kiya,1
43587,inc thik kaha aapn aab congress walo se yahi sun ne ko bacha thaa ki ye murdo ka desh hai p p baj,0
39700,pm mahoday ne khud kaha habhay dikhani chahiy apradhi chor daku hatyaro nan,1
36135,jkt klo lagi sadisnya grep gagu 3jam 🙈 ato argo teri kena macet 1jam biasanya yg argo 17k nan,1
8573,engin main topic parh rhi coz mam ka pta unho n kesi check krni r kia materi chahiy hota unh paper nan,1
12039,tera ghum mera ghum hum sb ka ghum 1 hai sha allah hum zaroor comeback kara ga halka ni lena pakistani team ko e,1
9033,fake nahi actual ye news hi nahi hai defam sath pictur jo lagai wo bhi g,2
15309,ranbir ne aaj tak kabhi kisi ke koi statement ni di kangna ke liy tak bhi wo bola ki k,1
42939,bjp leader vishwa sarang bhopal tabaadla udyog congress ki sarkar mein phal raha hai vidhayak vyapar ke kend nan,1
20281,extrem best galti se sorri type ho gaya tha usk liy sorri nan,0
13534,aqel ky roog mar deti hain ishq ky soog mar deti hain admi hud ba hud nahi mertadoseri loog mar deti hain 💕 nan,2
28257,mamta didi well get well soon didi jai sri ram ke ashirwad se sab tik hoga nan,2
1136,day day slogan proven true afghani bhagao mulk bachao nan,0
37462,islam aesa wahid deen hai jis khuda ki koi imag nahi na hi koi taswur krsakta hai na khuda ko na hi os k pyari nabi nan,1
21292,kabhi pappu kabhi pappu ki juka juka suje mu wala ki gardhan bhi suj gay log ko tao pehal,1
28972,mashallah look hoti sasuri ji husband ji yaha pe aapki beti wife sasuri ji meri shaadi,2
33881,femin 101 jahan mithe mithe batein hoti hai wahan metoo betoo nahi hota 😅😆😂,0
6491,apna makeup wo khud nai karteen unk lye newz channel hi stylist rakht hain unki marzi nai poochhi jati isma nan,2
8735,itna afso n kr yr ye logo ne muslim ke sath jitni siyast ki h n uska 10 % b bjp nhi ki h inka itiha utha ke pdho,1
3565,ye madam ki glti ni h wo kya h ki naam ke pich jo inc lga hua h n ji wo hi motiv krwa deta h,1
20574,jinhon nsso ki report elect ki wajah se 6 mahin tak releas nahin hone di wo desh k,1
5590,sharma tu kitna gandu hai tere andar hindu kerri lite nafrat bhari hai chutiya tumko ye nahi dikh,0
13393,congress support rememb maukamauka ad star sport cricket world cup keep cracker,2
26655,cassper nyovest ladi screenshot moveformemusicvideo public servic year done nan,1
22737,aisi neech mexican logo ki harkaton ke wajah se trump apn border pe deewaar bana raha hai deser,0
5062,donorrr kyo qureshi ko kya pta jab vo elect commiss,1
5659,bsdk maafi hi mangi thi atleast angrejo k sath baith kr dinner nahi kiy nan,1
44021,congress presid ka job khatrey hai bahut sare congressi unemploy ho gaya elect result ke baad nan,1
30338,dobara pm banan ki hardik shubhkamna aur sath hi ummid krta hu ki 370 35a 2 crore rojgar ram mandir,1
36202,saal itna jalan koi baat nahi dozen burnol laga lo 😂 😂 nan,1
24556,odisha congratul shree narendra modi ji great man aap jio hajaro sal nan,2
23987,apii stay bless shoo sweet dil khush kr deya apnay apii 😊😊 nan,2
38300,hashi naw beta tere baap bhi teri maa ko gaaliyan deta hai jbhi tu bhi larkiyon ko gaaliyan deta hai apni beh,0
28397,cbsc bord wale itna confus hai ke samajha nahi aa raha two year se ke bachon ke exam kais le kabhi 10th ka ka,0
2241,ratia wais gulami ka asli wajah sangh wale nahi batat hong woh hai aapsi dushman,0
39678,vote choor kab tak karog modi ji aaj ja kal public ko pata chal hi jyega ki modi acha hai ya kamina hai,0
31112,respect sir atal ji k charact ek song srk sir n kiya tha jagjit singh ji k gaan aapk biopic,1
14783,badhai ho new respons prant sangathn mantri full confid th,2
18796,tu kalank ko hit bola thi flop ddpd alreadi hit tu flop bol raha h tingu krk teri,0
19283,wish nice afternoon send posit vibe wonder pic darl shah rukh khan nan,2
17590,congress ko jhut bolna bhag jaana aarop lagana aur virodh karna yehi aata hai isko ticket nai diya elect,0
13031,aise nahoosat phelai hai hamari team nay kay world cup mein team one hundr say ooper janay ko teyar nae hain ( nan,0
9502,banani 'm bad self promo ok nan,1
30707,bjp ko badhai rajasthan ki janta bjp se kabhi naraj nahi thi vidhansabha ke elect,2
14401,choron ke beham ka koi ilaaz nahin hai jais khud chorian kart rahe vais hi dusron ke baar mein,0
43285,yes modi ji polici hai sabka sath sabka vikash + sabka viswa = modi ji nan,1
2386,exe ntf ek hi toh dil hai asit bhai kitni baar jitog ! ? nan,2
40822,pakhtun kyunki tum log juth ho bk way ho afghanistan aur india ke hathon nan,1
41664,watch,1
28661,thought problem sinc 6 month yeh toh 6 year hogay 😂 nan,0
12774,shraddha har asambavh karya ko asmbavh kar deti hai radhakrishn govardhan leela krishna beauti written n nan,2
15507,ye b bc bhi kais kais mader c ko naukari rakhta hai nan,0
20080,tum log toh 4 crore illeg bangladeshi ko bhi nhi nikaln de rhe ho aur rohingya ko bhi desh,1
43048,2012 love besti strong forget chel ❤️❤️❤️ nan,1
13746,summer vocat pe ja rhe sare 😅 nan,1
41161,‘ tum hi bhavishya ho mere bharat vishal ke iss desh ko rakhna mere bachhon sambhaal ke ... ’ happi independ day cele nan,2
13504,koe tension aali baat nahi bhai congress aalyan ke phla e kutt fail ho rhe jjp ki bhi chappal tutgi 😂😂🤣🤣🤣🤣🤣 nan,0
2212,fake news coz yrf itni badi galti ni krga shahrukhkhan ko ab action psnd nhi krgi audi,1
30688,yahi sab karo desh ka vikash nahi hoga lekin tumhar jais awsarwadi logon ka vika jarur ho gaya ab,0
40673,2014 2019 ke elect jo ki aur tough bjp ke sab mil ke l,1
2462,like egg hate banana nan,2
18922,red rock ticket giveaway & follow enter see rock nan,1
38789,akshay kumar best dhoom 4 nan,1
21970,om gazab ye kya ho raha hai apn desh aur kitn shadyantra ab nahi chaleng bahu,0
43508,om sam shanicharay namah 🙏🌸🇮🇳🌹 anant koti naman kart hai 🙏🌸🇮🇳🌹 jay hind vand maataram 🙏🌸🇮🇳🌹 suprabhat mitron 🌸🇮🇳🌹,1
15259,patel8 listen tamil one song sapney roshan huyi raat super song nan,1
24352,ghayal saanp jyada khatarnaak hota hai bjp ko serious ink network jism kuchh media bhi hain ko pah,1
28171,ye sadak barasat ke dino band ho jati hai iss gauv 5000 log raht,1
20846,owaisi ke baap ka bhi nahi hai india uska pakistan hai wo waha jay kisi ke bina kahe logo ko du,0
35295,bye cool 😂💋 good aisa clariti reh na chahiy life mein nan,2
29445,realm walo updat krne ke baad phone realm logo pe stuck ho jara ye tha tumara stabl updat itn mhino tk pap,1
35344,gadkari great sabka sath,2
28134,dhruv tyagi ko mara gaya tab knyu silent ho aap sirf muslimo ki parti ban gai hai like congress nan,0
8405,chutiyani fake news failata hai haramkhor buddh nan,0
22563,bangla sad song || koster song || buk ciria dekho priya valobasi koto,1
17965,ye kale badbudar hindu ne tumh 1971 pel pel ke adha kar diya 😂😂😂 ab,0
508,muslim sab e qadar mubarak 💓💓💓,2
27931,oyee butttoooo sach zinda hyyyy maaa ki ankhhh ghayb bhutto b chori kr rha hy sala salay kandan,0
19538,pamella kkkkk super kkkkkkkkk é bio nan,2
7692,pyaari pariiiprincess 👼👰👸 kbi b koi worri mt krio alway muskurati rhio 😇💓💋😇💋💓😇 apna ach se khi,2
27543,pait kharab hone ka symptom hain 😜🤣 nan,1
28324,chitra ji agar ye exit poll galat sabit hue aap patrakarita chhod den,0
8479,chhattisgarh rajasthan madhya pradesh k vote evm chori set nahi ki gayi nan,1
8127,sirf ek mahina bas pure panch sal ke liy karo social media ke zariy public se judo nahi tumhara kuch nahi ho,1
30661,muje bi promot kro koi follow nhi badh rhe aditi hiker akanksha jr @ … nan,0
15137,sir ji iss humsafar train ki bhi sudh lijiy kabhi koi concess nahi top dynam price bhi bad f nan,1
8277,ji good night aapki kirpa se hi sab kuchh horah h dhan dhan satguru tera hi asra nan,2
36778,90s yes yes rememb ad ad ( care action ka school time arr waah jaleb,1
9129,b4 elect media ko gdp kabhi kam hotey hue nazar nhi aaya modi saab ko khud media walo ko batana pada k gdp apn,0
16334,anikutti thank meri new follow apka swagat hai hamaray royal kingdom apka ✊🙏🙏🤝 nan,2
17737,kisn kiya band kab kiya bank kyu nh le rahi h sikk shopkeep se yrrr plssssssss someth yeh baat govt tak forward karo nan,1
39007,hindu kmjor nhi hain dyalu avshya hain har hindu k hath agr hai mala avasya dusr,2
42529,1 ye qoum parast logo lanat tum sb per tum hi sb se baray namak haram ho nan,1
26519,abp news ke hote bhajpa karykarta mla ko koi darn abp news mahila ke sath marpit ko jhoota sabit kar dega dega nan,0
29237,kapil freak sad pakistan team mein kheln ke liy somali bhi nahi ayeng 😂 nan,0
30514,nice meet ex - central secretari ts uae basanti baini husband veri happi see mr albert sms t-shirt love nan,2
1464,bsdkk dhruv tyagi ke bare main kitni bar muslim aatankwad bola tune vivek hatyakand ke bad teri zu,0
17922,tum log khud shah ki gunda imag promot kart rehto ho fir koi liber bole usko gunda toh gaali dene,0
21872,nope still think happi enough new album hit face like las,1
41923,ous chlo sed na ho khud pehan lun ga nan,1
32583,oooh miss men bendelsohn oh smile way tell,1
20204,hukum dev ji ministri mili ki nahi pharji pareshan ho rahe ho nan,1
6928,system fail hai isliy train tak pahucha gaali likhn se sahi baat galat nahin hoti nan,1
28828,oh pappu ka chamcha hai fir hindu ke naam pe kalank hai kyu tere pappu ki parti,0
14309,tum jcb jcb krte rh jaog uski khudai koi kr dega jcbkikhudai jcb nan,0
3151,aj k match k bad sb keh ry k 92 b asa e huwa tha dosto phr ye na ho k india bazi ly jay kio k 83 wala cup b idr e huwa tha nan,1
5515,bilkul modi ji se niwedan hai ki jitna jaldi ho sake kanun lana chahiy desh fit k,2
16570,ab paid media ko trp k lia orgin news dikhana pardega bht hua hindu muslim mandir masjid jinna godsa ameer garib nan,1
38844,jo bhi sarkar ne kuch nahi kiya aap bjp ki sarkar ke upar ume hai jo hamari sanjay coloni bhartiya mangela jyothi,1
34781,gajo alhamdulillah today last friday ramadan kareem may allah ( swt ) forgiv sin accept daili ibadat bless u nan,2
11100,keep vijay bhai inspir youth ! ! ! nan,2
12981,chhipa remain control media hate killer crimin bank,0
22760,rohingya musalman k liy julus kyu nikala tha musalmano ne dilli k azad maidan rohingya musalman tu,0
15774,genius oci pictur tmhri b nashaiun wali kuch kr nhi sakt,0
21219,thinker ko bhul gya tu samosia jaisa handsom nhi hai ye taklu hai nan,0
19231,exact 😆😆😆 hum toh loyal apn shw ki taraf watch tv n gave trp till last episod jaat,2
10071,dil khush ho gaya tum bc ka ye haal dekh k hanuman ji tak ko nahi bakshog toh kais bachog mc,0
17763,bsdk halala ki aulaad nanga kark marunga nan,0
34552,could n't get one cover birthday / im go open day mean guess 's okkk nan,2
16323,besid yanke win yankeesclass best thing game fact murcer kaat,2
40825,guruji mera dimak pak gya bar bar bohi ad koi bhi video dekho nan,2
32727,modi dj song 2019 || मोदी की लहर आयी रे - modi ki lehar aayi || lattest modi song 2019,2
36323,may allah curs shia rawafidh uksimbillah jew better aqeedah kuffar nan,0
5258,congratul huge win one question kya aap pradhanmantri aaarakshan ke aadhar par bane h,1
24733,shivsena aur jdu aisi rakhail hain bjp ki jo mar pit gali galauj karengi chaurah p,0
42202,acha kkya nahi diya muqaa peh bol k govt ka jaeab suni baghir jooti chorr k bhaag jo jati ho assembl sy nan,1
19657,shaabaash kutti k baccho ' ) kabhi mulk ki ezat na krwana bc 😠 pakvwi wc19,0
16043,tabiyat kharab ho gayi hai doctor told nan,1
38341,ironi jo laundey / laundiya ki 5 minut bhi dhoop khde rehn gaand fatt jati hai wo log bhi gh,0
26807,jis tarah sarfaraz khel rha hey ab isk bus ki bat nhi 6 ya 4 marn ki sey run ho nhi rhi aisa lag rha,0
43470,ha thik bhul gyi lakin tum apni chu chu chutiyaa wali harkat band nhi kroge hna berozgar jo ho,0
28987,well 100 crore opt modiji vote right given long n u,1
13044,tatti teri shakal ki tarah,0
36858,bro back want laugh bad 😂 “ ahoo ahoohoohoo good hooo hoooo ”,1
17616,great rememb atalji often p har har modi ghar ghar modi congratul bjp nan,2
13107,journalist se mujh sirf ek hi cheez kehna hai har andher ke baad sawera hai sarkarein ayengi aur jaeng,1
36185,happi pm narendar modi nan,2
22468,sweet yr tm mein bhut achi ho thank janu nan,2
34198,bilkul nahi aap ne dtc ke contract karamchario ke pait par laat nan,1
13134,lekin tumh matlb ki baat isliy pta nhi chlti kyoki,0
31852,darren promis matter alway got back walang sawa kitang mamahalin susuporta nan,2
7141,sir bihari ape mera anurodh ki aap bihar ki hit ko dekhat hue aap mantrimand ke bhai bihar,1
43563,team continu servic 24x7 happi lead effort colleagu mos muraleedh nan,1
43710,ever surpris parti — yup bachpan bhtt good day ),2
30798,sachdev tri karn wala mile koi sath main mar pe bhi jaak karn ko readi ho jaun nan,1
22500,one kashmiri trader beaten whole secular jamat suprem court also made hue n cri prot,1
9120,congratul modi ji creat histor day indian democraci apna desh surakshit hath nan,2
37226,bro also start channel inspir n't loss hope bhai hum apk sath hai sav nan,2
35350,modi ka gungaan hota h kyuki unhon ais kaam kie h aap itn kyu jalt h modi ji se jara iska bhi khu,2
17605,janta ko nahi muslmano ko condom dena hoga,0
10045,amaz ♥️👌 didu aapn iss gane ko poora enj,1
14671,kahaa se aat hai ye lassan ki aulaad jais mull molvi tere forefath ne nahi bataya ki kyo banaat,0
6199,wo sach haii us hate kahan h 😂 3 4 dfa mjhe ais lag rha tha k shyd wrong way ja rha hoon itni log rhe wrong way 😂 nan,1
26138,mai ab liy tweet nahi krti q k meri paper ho rahay + koi fav rt ni dyta + kch smj nahi aati kia tweet karun 😁😪 nan,1
43623,purearoma favorit song akwaboa mesan agy wo nan,1
14676,modi ji ki etihasik jeet ke liy hamari tarf se dher sari subhkamnay love modi love india bharat mata ki,2
4696,oye ullu ke path kabb tak aur kitna jhooth failayga sharm bol ke koi cheej hai ki nahi scene fo,1
26981,oooh stoke definit let know 😁 nan,2
20486,masa allah allah kamyab kari himat day asi hi kam karti rahain hum bhot kuch sikti han ap sa nan,2
5565,mani mani happi return day 🎊🎉👌🎊🎉 sada khush raho ..🙂 muskurati raho ..🙂 har rast khushi pao ..♥️♥️ hume,2
26628,modi par pura hindustan ek ummid lagakar baitha hai bhagwan modi ko itni himmat de ki ye har,2
1494,ph watch btsatwembley make miss sighhh realli hope bts ph 🥺😭💜 miss everyday guy nan,2
24466,wais bjp ko bolna chaiy tha se 10 k jivit kara diya babua ne chalo acaha hi,1
19105,askstar india ke chanc kitn world cup nan,1
9296,whi issu scholership yay social media ki mehrbani hai k ab koi kam chup nahi sak,2
15010,sir meri wife ko 1hafta ho gya hospit ke chakker lagat abi tk doctor ne koi medisen nhi di aur,1
39162,hawa mn a7la aya x 7ayti love ya imagin 💙 nan,2
26026,sound allah akbar moment bless night feel bless & ask allah forgiven nan,2
23722,bhi sochu itni punjabi ka overdos ho gaya 😂😂😂 nan,1
32914,bharat soniya dhoort ladi hai ye vakt mazak karn ka nahi balki shaq karn ka hai 🤔 ye khas agend le,0
31204,kisi bhi hindu ya ram nam ka naara lagan wale ko iss se darn ki koyi zarurat nahi yeh ek aam cm,1
30700,histori top 5 song - tum se hi main jahan rahoon introduc - tere bin sanu soniya,1
12306,sale teri yad nahi aasakti meko nan,0
14691,aaj hi toh offici khel shuru hua hai article370 uniform civil code etc etc come ! ! ! ! …,1
37850,whatsonyourcan atm love outfit inkabi lena 😊 mbatha nan,2
11774,sir ji aapn hamar comment ko lik kiya dhanyawad sir ji aap apney sthar sey pharmacist key liy kuch karey nan,2
11023,kaheen jemima niqaab ky peechi hi na ho ) disclaim ko sirf mazaq likha parha samjha jay nan,1
6412,idek bad day tri hard cri rn ? ? ? ? ? ? ? idk hejdjdk nan,1
19178,sorri sir total disagre u sir desh sare bevkoof nahi ho sekt take design majo,0
8034,life consist small moment savor ! ! ! & 4 us life cid cherishlivefeelenjoy ea,1
15449,birthday wish beauti kind heart garu may special day fill joy nan,2
19121,think guy hehe first time tri anatomi 😳 like ❤ love hehe lov,1
28264,nahi bjp evm se jiti hai log ralli aana nahi chaat vha ye log 9lakh vote mil gye kahi 10lakh nan,0
21156,ur h e [ heaven earth ] nan,2
13041,itn chamchon ka saath rehet huve logon par koi assar nahi huva kyunki jhoot aur farebi ( fake news ) ke,1
14218,mshra chhori kara yaar vais english languag kisi ne thopa nahi hai ye aapk,2
41787,mere desh ki democraci aisi hai jaha bharosa bht hai sarkar par lekin kam dikht nahi ya sarkar ki,0
19836,hindu leader r vulner fake case protect innoc hindus nan,0
14133,bhadouria ji ko nai pata zara anpadh hai liter educ inh lagta hai ki debat chil,0
38437,hona parega hi warna vipakshi dalo ki aankh abhi bhi sirf muslim samuday per hi hai ye soch futurist hai,1
27782,niki shame sachhi object journal ki tou maut hi ho gayi hai nan,1
22289,may sabs pahl mai pradhan mantri narendra modi ji ko tahe dil se badhai,2
20616,modi ji vibhajan kari hai unh alpsankhyako ka wot nahi sirf hindu muslim ke naam pe mila hai hindoo lagbha,0
38785,adarsh,1
3240,yhi ki mujh tere pe trust nahi tu harr baari meko last circl marwa deta hai 😒 nan,2
6988,wish shri gadkari happi birthday prayer long healthi life dedic hard work nan,2
10459,respect pm mani mani congratul sir desh ki trakki ke liy mera ek sujhaav hamaar desh shaaml,2
18164,salam ali'kum gud morn 💕🌸 nan,2
44451,happi june 1st u jada also happi saturday u & ur famili hope u awesomeamaz,2
19474,educ aur iq teri hi pata chal rahi likhavat par se iss se jyada a66a hamar yaha ke bach,1
22207,tum hote kon ho msd ke bare ais boln wale khud kuch kar nhi sakt ho aay ho msd ko batan tum na thoda,0
29002,aur kisi chiz ka pta nahi haa modiji ne public k dil mei jagah bnaa k ye jarur saabit kr diya,2
35906,angreji na aae bura nahi ham angrej nahi hai na ye hamari bhasha hai sharmnaak baat unk liy hai,1
7008,aj ne oic jo takreer ki h us ko sunani k bad un logon ko ghairat se mar jana chahiy jo khan ko yah,0
40503,railway yahi problem hai bachpan se sirf yahi sunta aaya hu ki train late hai kab sudhrega hamar indian railway ka time .. ? ? nan,0
21923,54 dukh hamen bhe bht howa h lekin dill se best luck 👍👍 tum jeeto ya haaro hamain tum se pyaar h ... 🤩…,2
6006,love hang khya laugh nan,2
29465,mustafa read “ jab dil ko lagti ha tab h dil khuda se lagta ha ” 101 % true opinion nan,1
18826,yahi bjp ka doglapan hai rajneeti ke giddh aaj ganhi ki lashon ko noch rahe hain mn,0
26705,women power smriti irani ko dher saari subhkamnay proud u mam hargharmodi ✌️✌️✌️✌️ nan,1
20193,ye polic wale kavi nahi sudhreng wais v pe bharosa hota hi nhi h jb v inko,0
10911,rasta 's sent god n't hear nan,1
44663,happi birthday ❤️ may allah shower bless 🌈 nan,2
16241,# لیلۃ_القد insaan ki koshish sirf halaal haram ko janna hone chahiy kio rizq dene ka berra khud allah ne uthaya hu nan,1
21767,ye elect nahi hai magar phir bhi aes logon ko aesa lag raha hai ke jo pti hai ko pakistan k,0
39628,love mom dad ❤️💙💙💙❤️❤️❤️❤️❤️❤️❤️💕💕❤️❤️❤️❤️❤️💕💕 main apn maa papa se bahut pyar karta hoon,2
14260,love shah sir june start ho geyaa hope aap announc jarur kareng iss month take ur time koi,2
19161,ap jaisa jigra hr kisi ka ni hota time best fast bowler miss u shoaib bhai pakistan n,2
41003,sir bjp ki social media ne yahi kia haivipaksh k neta ki chhavi khrab kidesh,1
29304,girl alreadi excit celebr birthday 2nd june 😅😅😂😂 let 's sonakshian,1
14250,boondi broke mess thank tip ladi small littl soul sistersmc group awesom nan,2
12346,tumhar jais dalal ke show jake karega bhi kya tumlog anchor thodo ho bjp spokesperson ke jais,0
26715,asli rahan se pucho fan ka lobe hai ye 😂 nan,1
39343,know made sam luke sat shout listen sister nail green day faith restor nan,2
9052,sirf saifi saifi ki wajha se khud perform deta nhe larki q dengi ajj imad ka khilna bhot zaror,1
38170,twt love jimin 'm love love love love love love ❤️☺️ # sona nan,2
14635,worldnotobaccoday parmatma ko prapt karn vale marg ko tambaku ka dhua band kr deta liy tambaku bhagt ke,1
16861,sir ji 12731 jbt se bach hui 500 jbt candid ko bhi join dila ham aapk jivan bhar aabhari rheng jai bjp nan,1
24401,4 pm starr 's vote rahul gandhi ab seedha gelf nikal le chutiy wahan jhaadu pocha le nan,0
13221,uk shame smart alec brexit told public clear meant brexit b,1
22089,omg happen bump mere pyar prime minster netflix beauti made movi veri touch & e,2
12014,ghamand ki parakashtha tum janta ki naukar ho bhoolo mat momina begam jo janta sir,1
22219,damodar narendra modi ji ekk strong aur achh politian leader hai ham martedam tak unki sathh den,2
15518,media ko bhi naam lenaa nahi aataa pahali baar sunaa hai kyaa kai baar ho chukaa,0
35497,abki bar jalsa sandar bahut bahut subhkamnay maniey p modi ji,2
7231,bhai world cup ke time pe kisi indian player ko troll mat karo world cup jeetna hain toh pure team ko a66a khelna padhega nan,2
31689,allah ka shukar hai yehi ek talent bohat acha hai bhai main jis ko system ne polish b bara zabardast kiya hai nan,1
23120,mshra ye hindu muslim ka agenda tere aatanki sangathan rss ne chalaya hai gandu,0
16507,bhut badhiya bhai u r true ur work nan,2
29986,amit shah ke chakkar congress / left / lutyen rajnath ko halk le raha hai truth senior,1
28616,ab dalali ho gyi ho desh ke muddo per patrakarita kr li jiy yuva berojgaar hai kisan suicid kr r nan,0
6542,saath bhi balloon la raha hai tumhar liy 🤣🤣 15daystobharat,1
15342,bjp ko jeetna tha wo jeet gai ab dekhna hai sarkar kashmir ki dhara 370 aur 35 par kya kadam uuthati hai aur r,1
13655,jitao modi obc walo ab tumh samsh aayega nan,0
15735,chale jajajajaja,1
21625,kanjar ki olaad tere pas koi kaam nh nai wqhn beth k yahn ki bten krta hai koi kurta pehnay p,0
27887,q ki hmmm aapki govt se behad khush hai har desh ka youth yahi chahega ki unka leader aapk jesi thi,2
20497,mainten head fuck madarchod chutiya madarchod chutiya websit randi ka bacha teri gand meri tatkal ki wait list nan,0
19676,wo ye puchna tha k 1992 world cup b bangladesh ne south africa ko haraya tha kiya iccworldcup2019 nan,1
30203,rathe rahul ko resign kr dena chahiy kyunki rahul ki imag pappu bn chuki h aur mainstream media ise jari,1
21241,lag ja gali k phr ye haseen event ho na ho k shyd phr janam worldcup ho na ho cricketworldcup19,0
37335,bhak sala iskon ur christian baap 's properti nan,0
11355,youhat htf would know mujh toh khud 90 % yt samajh nai aata nan,0
12627,dakurani aurat ka wo roop hai jo sirf jhoot ki machin hai aur bacha b 4month main bana k dey sacti hai haha nan,0
4084,sir aaps milna chahtu bundelkhand haar k krn pr aaps chrcha chahta hu bht chhota hu aapko suggest,2
7699,jcb & rcbgirl = cb ( chutiya banao ) 🤔 nahi vishwa nahi ho raha click 👇 check,0
13499,yadav88,1
34876,tum bhi secular n bno wrna kahi ke n rhoge jink liy tweet kr rhe ho wo vote nhi dete hai aur,0
29680,didi aap ko jai shree ram fasa k apna mota bhai bengal jeetn ki taiyari lag gaya,1
27011,desh ki dhadkan modi jee desh ki aatma modi jee desh ka suwavhiman modi jee desh ka bishva modi jee 🇮🇳 🇮🇳 🇮🇳 🇮🇳 🇮🇳…,2
34261,servent netaniaho love iran though sunni muslim whole muslim world iran dazzal nan,2
20809,nhi yha kissi ke salaah ki kissi ko zaroorat nhi hain doss,0
13181,c sir big fan pleas sir develop town anand nagar 🙏🙏🙏 nan,2
44756,acha waqt sab bhool jate hain yahan 🤬😕 54 ❤ bounc back inshallah 🇵🇰…,2
15100,mujh samajh nahi aata jab hum karyakarta unk netritva par vishwash rakht hain vipa,1
26904,abe saal bhikhmamgo pura desh bhikh manga hai saal tu padhta lilhta hai ya bas ais hi apni maa c,0
23260,teri aukad toh luna mei ghum ne ke bhi nhi hoge asli aukad teri cycl mei vimal b,1
13713,pakistan ke wajood ko khatra pakistan ke dushman pakistan ke andar hain bhai sa,1
29007,fadnavi ankush maurya aur tu sabs bade wala chutiya sale nan,0
39798,abbey tudk gang le pill sudhar ja yeh hindu muslim band kard tera baap ab home minist hain itna,0
12477,three made udantashtri sooooo khush today via ur tweetz / convo usk l nan,1
18683,tumhari buniyad hi juth pe rakhi gyi hai pta nhi kab akal aegi bc khud badnam hote haain,0
16192,chunki mujhm paida nahi ho sakti hai jais mata aur pita aur pitar mere garbh se nahi paida ho sakt hain,1
7320,two kyonki ink pich modi ji ka naam tha baki samajh aa hi gya hoga nan,1
13231,mpapjoin ab nahi chaleg nan,1
23384,bharat movi ki promot aap kapil sharma show jaog sir big fan sir nan,1
29788,awaaz bad see jdu bjp fight intern benefit parti,1
20811,allah pak ramadan ky alvidai jumma mari dua hai k nawaz / zardari famili jis,1
18566,even listen person like paap kind get lost,2
4700,suttybaz yeh ajeeb percentag nikaal di wese harami peopl nan,2
19129,'s tym iccworldcup2019 ek dusar ko bolo aur suno sabs upar cricket love 🏏 crown cricket ka madam g hum le jayeng nan,2
10458,fir vhi baklol panti chalu congress ka pravakta nhi mila karam jale hindu muslim ki,0
17482,iam aap bhi hamesha khush rahiy shaad aabaad rahiy muskurati rahiy sehatmand rahiy achchi rahiy hame,2
38539,ya allah mns mss ne agar corrupt nahi ki unki mushkilen aasan kr de aur agar ki hey aur najai,2
21610,sir visit place india bet even ca n't surviv mess food 😉 nan,0
33131,askstar sachinopenagain sehwag sir kya aap sachin sir ke samn bhi song gungun kya aur sachin sir ka kon,1
13679,khuda ki maar abi ana shoro hoi h mulk ka pesa lootn wala nawaz sharif ne tu maa k pait se nikaln b curopp,0
31403,bjp ko vote laat khane ke liy nahi diya hai hijda vidhayak balram thavani ko jail hona chaie proof bhi hai us,1
15255,india treatment nahi ha sasur walo ko puchh yah ki 70saal health ka kuchh nahi kiya,0
18273,dhone ki jaroorat nhi moje dr ko donat kar anesthesia ke inject nhi lageng cost cut 😅 nan,1
626,india modi ji aaan k baad muslim sa,1
42663,hahaha welcom thank make day — giggl hard desk mo,2
34111,shikarpur siddiqu maari soomra muhallah curcular road samait mukhtalif elaiqon ki bijle guzishta 18 ghanton se band shahri pareshan nan,1
22605,30000 se jayada bjp fake whatsapp websit advertis 's heir kark rakh hai hut modi tujs ye ummid na thi nan,0
6989,news channel se bhi expert social media hai kyu ki evm ghotala gadbadi ke hajaaro video social media aarah,0
34414,ek dum sahi bola hai kuch bhi galat nehi hai apk sath apk vishwa pe kaam kiya rupala ji unk,2
37367,jo khud chor uska bap chor thah uski maa chor ushka jija chor tum uski ch,0
6052,🙏 waheguru ji ka khalsa waheguru ji ki fateh ❤️ pray us ! ! ! 😊❤️ # goldentempl amritsar guru nanak 550th b nan,2
13654,gandhi 's congress hinsa per bhasan deta hai karta nahi kar,0
24472,mat rona tum kisi ke liy jo chod gaya tumey ab bas bahut hua tu aag,1
5803,bhart yahi haraam hai bc ganga jamuni ki nazyaz piddio ko paida kar bharat ko apvitra kar diya agar yahi son,0
1344,vbk78 tera pichwada hai bc 🤣🤣 jb se modi ji jeet hai jali padi hai 🤣 tabs pichwaad ki jagah muh se hag rahe ho nan,2
27638,congr aur mehangi ka rishta bahut purana hai modi ji aap aaopanjab mai water electr kai rate phir badha diy hai nan,1
37494,aaj humar respact pm ji ki shapath grahan karn par pure desh ko badhai hume pm sir se kafi expect hai improv countri nan,2
26725,sir samjh ni ati ap q khamoah hain itn toofan itni afaat allah pak maf kre sirf itn zulm baxheo k,1
15458,dear cheif minist electr last 3 hrs aap aaiy baar vote maangn nan,0
35121,reveng abeyyy hnnn saal khud se ki h lakin follow pe dhyaan nhi diya round 1600 bola 😪😪 nan,1
12527,900 786 1 nice guy kbhi kuch bura ni mnati hmesha khush rhti dusron ko b khush rkhti stay bless 🌸 nan,2
41584,chanda friend 👫 ? best wali besti nan,1
41452,isko zammen chayiy bus dogma hai ye kabhi akhilesh ki tareef karta hai aur kabhi rahul pm dikh,0
35224,delhi nahi bhai nation presid kaa kaam us se accha koi nahi sambhaal payega bjp mein fi,2
15227,gadkari good job sir,2
30984,ever surpris parti — nhi ye chonchali nhi krti meri circl k log,1
20282,launch swachh bharat abhiyan one realiz meant ! ! 😊 modiswearingin nan,1
27045,allah apko hamesha khush abad rakhi apki hr khwahish puri ho kamyabi mili mashaallah ap acha km k,2
41260,pipal apni id chupa k jo bayan baji kart un ko koi haqu nahi hota kisi k,1
25029,jin partiyo ne 72sal desh kichad kiya tha bas modi ji ne usm kamal khila diya jo tum log aj tak nahi kar,2
12173,2️⃣4️⃣ hey nang wassap miss na hehe ☹️ see around lang ah 🤣 goodluck sa colleg life mage fa kagd na,2
18293,mane ae nathi samjatu pure bharat ek hi com surxhit nahi vo musalmn dusr com ko koy problem nahi ... …,2
16178,abe bina pendi ke lote - itni baar haar chuke ho fir v dimag thikan nahi lagi tumhari -,0
40496,yupz coz singl screen audienc better dancer n actor,1
10888,best hope shall peopl 's videsh mantri nan,2
28691,race talk everyon good akshay bankabl star well,2
14729,younus 🙀 - fast without sehri n't wake till iftaar say - ask famili dinner instead nan,1
23968,tujm kutt ki dum koi frak nhi h,0
34471,aap ko kiya milla baba ji thullu 😂😂😂😂 bjp parti wai good perform bt dirti peopl bjp bacteria 😂😂😂 nan,2
9842,prospect 👿👿 shayri ki gehrai mai jayi 🤧🤧 log jo jhute hote unp sab vishwa kr lete h isko vo mtlb h 🤧🤧 nan,1
14057,ap hamari favourit leader ha may dua krta hy kay allah kari kay pakistan may bhi 1 hitlar paida ho,2
33287,cosmetolog job might great fit click link bio see hair stylist ulta beauti tulsa ok nan,1
9002,special ff special best friend follow - 's good launda sbki hlp krta h anyhw conditi,2
35709,monirul islam ko parti se bahar nikalo warna bjp west bengal bagawat ho jaiga,1
36205,lagta hai pagal hogaya hai ye jo modi ji ke pich pada hua hai gai ka mansh khake dimag thikan p,0
18449,sach ye hai ki hindu hi shikar hote aay hain ab tk per ab nhi hone deng jitni awaaz buland kar,0
26084,bhai hindi bol le telepathi pata nahi english teri bhot kharab ha,1
15287,low20 idk mine addd nan,1
6404,safdar se bhi capt ka khitab wapa lya jai us ne fauj mukhalif taqreerain ki thi ka bhi court martial hona chay nan,0
28626,ya allah jis jis ne mulk ko loota ha us ko korr pare wo korra ho ka marn ke dua mang dua qabool na ha mai,0
20504,look best biolog coach mayur vihar laxmi nagar patparganj ip extens noida east delhi call 995851… nan,1
29620,ppp kion ye tumhari behen lay k bhag gaya hay salay barway nan,0
26382,hahah nice joke insha allah forc give danda ass غدار وطن خنزیر nan,0
1276,engr sir merey lye bahut khoshi ka maqam hoga agr ap ne muji repli kya love sir ❤,1
1589,show acha chalna chahiy peopl dont care kisko chanc diya kisko nhi jo main h kisliy hai entertain jyada krt,2
19987,hisab se apka jaisa bio hai mandir ban jayega zaroor bharat aa gye 😬 nan,2
14353,uff apna pink lip ke shat kutt ki tara bhokna mat ok bhokn nese tum jit nehi jaugi pinkyraftar jitna choro se,0
17265,patrag patra ji sab yadav ko mt jodna ok ye yadav ab ni h ab molana mulaym hogay samjlo nan,0
16067,sir janta apko modi ji ka futur option samajhti h pleas sir jitn bhi currept offic h jo pa,2
22681,whi give traitor much import kuttay ki mout maro aur qissa khatam punishmohsinnow nan,0
6904,lekin allah ny dosru ki islah ka zaroor hukam diya hai agr koi galt kr rha ho aur hum usko roki naw,1
26769,right ab dekhna tv pur loi debat nahi dekhega sab chanal wale dale h nan,1
12879,ye odisha hai odisha bjd agar yahan nahi jitega jitega kahan jay bjd modi ji aap pure desh k liy tsunami h,0
23665,greatest pain come love love someon never aisa main sochta hu nan,1
12642,tottenham liverpool ko support nhi h liverpool ka kismat nhi h bc dekhunga hi nhi 😂🙏 nan,0
40978,honor sir hum logo ko rojgar deya jay thank mission manag mission associ upp,2
14873,zaman ne gham ke alawa kuch dekha nahi aajkal umme duniya se naya rishta jodn ki taak mein hai kaafir pre,1
19258,nitish ne hi rss bjp ko bihar aag badhn diya varna laloo ji ke ti,1
19427,humour true love agar koi delhi ki garmi ol way mere liy bhaar nikl toh consid nan,1
12153,maknae-lead yoon pleas get well soon 🥺 pleas take care rest well sleep well eat well 🙏 @ … nan,2
14943,apn phone se dusra phone factori reset kais kare android secret tric,1
15014,congrax kareem bhai ..💞🍫🎊 rocki meri celebr qween dramra tinni k se kareem sir app dono ko ji nan,1
2693,hamari abhi saadi hi nahi hui hame pta hi nahi hai ager mere sath tumari sadi ho jay,0
22397,😂 realli n't love apn aap see etni nafrat q nan,1
15987,patol waah maza aagaya ram,2
5556,jay jay shree ram ram rajy aaya danavo rakshasho chudelno surpankha ke gharok sa,2
2612,india ke sartaj mr narendramodi ji ko hum sabhi bhartiyon ki taraf se bahut bahut badhai b,2
20093,siddiqui sale suar ka aulad pakista nan,1
11598,nucm also jai shri ram nan,1
14127,better say eid mubarak year say merri christma nan,2
17603,baar baar dinn ye aay 🎂 baar baar dill ye gaay tum jiyo hazaaron saal hai merii ye aarzoo 💖💕 happi birthday,2
28285,onlymanda 🌸լɩɣє ɩɲ 5 ! 🌸 fortnit friday baybeee custom game last day enter giveaway good luck ),2
35685,cute nashlen sanpedro,2
20856,sharma4 bhajpa ki dalal nhi bhakt hote hain dalal chamch khongress bhare pade,0
28368,come king best miss ! ! ! !,1
38206,best indrani khub bhalo hobe < 3 nan,2
44024,want forget everyth make sad nan,1
18971,g iss mn pakistan ki koi behtri nhi yh pakistan ki kharab halat ki alamat ha nan,0
4417,sh pubg nhi khelta * match nhi dekhta smoke nhi krta societi accept nan,2
11646,sir hum aapki tarah virat kahan aap hit hain aapn 5 saal pehl bol diya tha ki nda ko 3…,2
512,rj kai bar product khrab nhi hota logo ki choic khrab hoti hai product ki,1
29875,kuchh nhi hoga media wale aur nich gireng janta ki nazaro jais unki chamchagiri aur dalali start h,0
13360,mith madam ko itni samajh kahan hogi type nonsens base fake news 😋 nan,0
31879,pakistan allah k nam py bna hy iski hifazt b wohi kr raha jaison k bohkni sy kch nh hoga nan,2
40896,aaj tak wais bhi bika hua hai dhang ki news tumh dikhani nahi hai dalalmedia ke sartaj,0
28183,paiso ka gulam kabhi mat bane paison ko apna ghulam banayen motivationalquot motiv motiv,1
43953,kya bat chal rahi haai pakistan ki akela babar azam kya kareh sa team ki bat daikho aesi khaila kro yar,1
18847,awe man appreci shorti alreadi know rock real alway 💯 still go liq,2
38174,ghalti ahm shah ki nahi hai ghalti usko misguid karnay walon ki hai stop hate kid god 's sake nan,2
26440,gajab krte ho didi aap bhi hindu aadmi sadak pe jay shree raam bhi na bole aur haa didi ram naam,1
8934,aaaj kal ka piyar bluetooth ki tarah hogaya hai pass rahi connect warna search new devic 😊😂😂😂😍😍😍,0
6051,tech ahh problem thank offer help nan,1
28671,'s giani gurdaspur ! ! ! ! ! ! ! chhutti gon na amaz 😁😁😁,2
36670,babi got groom today denis compani smooch pooch awesom job girl ! …,2
24722,kpk lost seat gernal jernal ne madad nahi ki nan,1
12686,modi sarkaar aan se liber samaaj shok ka vatavaran koi kuch nahi likh raha rw wale pareshan rw wale apna gussa rw w nan,0
27388,test libra alreadi know annoy game nan,1
13078,visuddh congressi kyu padha rha hai bakwa baatien jara jaan lo ram ko pehl ram jo muni vashist ki,0
15615,kal ko kahega khud hi vote karvao sarkar banalo bhai apni expri ho chuki tarikh ko renew karva raha communist nan,0
11778,thank 'm alway u mauka mila hai toh aisa kaam kijiy ki jiski mis,2
13836,thore sai still best sport minist india khelo india,1
24284,arey mai iss time ke u turn pe bol raha hu saala modi bhakt channel nan,0
23366,congress ko pata hai parti se gandhi nam chala gaya baki k logo ko koi nahi puchn wala,0
12947,remov rahul gandhi ab samaj jaao congress waalo opposit koi leader ni hoga modi jitega nan,0
14109,happi birthday simran ! ! ! choudari ❤️❤️❤️❤️ may mani mani ! ! ! ! ! ! friend,2
28230,abe zyada mat bak kya papu new guinea pehl continu wc jeeti hy kya nan,0
13539,asi tabdili ki maa ki chote ye galti humari hai chale naya pakistan k khowab dene ye sub cho,0
9149,aurat itn kalay log pakistan mei nahi hotay hamari bhikrai bhi amb,0
44209,one kind word chang someon 's entir day .. ! ! wait love n smile long amitj nan,2
42434,fir jo atankwadi uski jaat musalman q hoti jo readi musalman h woh yeh baat q,0
16945,janiiii haha haha room 2 2nd floor se 😂😂 . aur apka 1st nan,1
16512,sirji wo unki marji tv debat ( circus ) na bhejn ki kisino aapko nahi rokan aapko ab,1
19933,kaun hain ye log kahan se aat hain 🤔😑,1
7897,im proud ! ! ! ! 💚🎓 love congratul + homi,2
35481,jitna bada star hoga utn hi jayda charch hong bharat salmankhan love u sir kuch jalang aaps lekin pyar,2
4839,scindia sir favorit polit leader alway hero aap ke liy jeet haar ke mayn,2
27373,ramadan mubarak prayer better sleep wearefarrahkan ramadanprayerlin,2
31976,kartavi hamara watan hai imaan hamara watan hai dil se nan juda ham kar payeg aay gar toofan bhi hamari raaho kad,2
5709,rafiqu kameeni loogo ko justic system sy wessi nikal deena chahey khud dafa hona bhi theek hy nan,0
13306,16 pak nahi khelta kia matlab cricket ki waja sy pakistan sy footbal khtm hota ja rha,1
23856,sinc tweet blow wan na remind love languag receiv love like differen nan,1
19488,jis insan ne hamar haak se hame juda kar diya vo mahtma nhi ho sakt mana ki ajadi se pahl unk bade nan,0
12602,pray long healthi life modi ji modi 2024 teesri baar modi sarkaar nan,2
19065,apk 4000 follow hn nan,1
22914,congratul sir desh ki janta ki 5sal ke lye asha ki kiran jagi h aps apko tah dil,2
32190,jali 1501 well prop europa cup enough us nan,1
29901,sant rampal ji maharaj se diksha lekar nasha mukt hoon aur apn jeevan ka khushal zindagi jiyo duniya nan,2
24676,gunah karn wale ko kort saja deti hai lekin bhakt hi jaaj bann gay hai kabhi ye nahi soct ki,1
48,manya pradhan mantri mahoday shriman narendra modi ji pradhanmantri bann par hardik badhai tahe dil,2
37280,ek chota sa kuch nag tha main ye tabl per rakha kha kya systm hai yha ka inhin itn 2 beg,1
19204,maiin yahan pigaal gaya 🙈😍😍 sweet celeb frndz 💕 dil khush kitaa jay 😍 dil sa dua 🤲🤲 follow,1
3833,cronic mani sacrif live enjoy bless freedom - john 1513 greater love hath man th nan,2
37947,sabka saath sabka vika sabka visva vijay bharat vijay bjp vijay modi ji vijay amit sha ji bahut bahut badhai,2
24164,asf beauti lo,2
38085,chutia ganjay jo kot lakhpat usko chitr maro bhn ka lora sb loot ke kha gia nan,0
19969,first roza alway proud moment famili kid big congrat niec fabeha fatema pehla r,2
39566,í sey skyr alway good idea 😍 especi friday 😋 p - í sey skyr high protein natur fat-fre smooth nan,1
37135,saurd kya khane ko pesa ni tere ko kashmir chahiy phle afghanistan se cricket match jeeto nan,1
26318,jay bajrangbali 🙏🙏 jay shree ram ⛳⛳ good even 🌿🌿 nan,1
13486,gosh wasak poso 😭💔 pero super duper thank kami creat therebelsriv see next seri muah nan,2
19048,'s comment youtub mummi k taan aur armaan malik k gaan sidh dil pe lagt hai 😋❤️🙈 nan,2
19662,sab se achi baat hai hamari betiya sab jagha agresar ho rahi hai beti padho,2
28643,na kro -1 cute -2 ” beat debat -3 great atitud smile natur,2
11609,amaz video love track bhumroo sung dekhiy aur enjoy kijiy ( full song facebook ) nan,2
11673,rtrnap frankelio kismat sponsor - enter free,1
35448,1610 raj 73,1
24649,ye bohat bad zaban wazeer hai ghatia aurat nan,0
11748,serif aik teekay ke zaroorat hay baqi sub set ho jay ga nan,2
28842,hmm ane wale mausam ki pyari se shurawat best feel love saturdayfeel,2
43321,panah mangoo chup chaap chor insaan mulk ka kabara kardiya hai loot liya hai tum logo aur harami ppp walo ne alla,0
27330,modi ji ko dubara pm bane ke mubark ho hop mode ji bar vi indiya ko ward mai 1par layg nan,2
9843,super tire day thank god food 🙏🙏 sirf khane ka sahara hai mujh ab 😂😂😂 khoob barish mile kisaano ko 🙏🙏💃 nan,1
42237,iccworldcup2019 pakistan bangladesh afghanistan srilanka aur kedar jadhav sirf england ghumn gay hain nan,1
44517,sharma chamcha congress apn pappu ko kuch padao desh ke baar mai ye jo bjp,1
41413,bjp se buri kya parti hogi koi jo ram name se vote mangt ghumt hai par mander nahi bana pay aaj chm,0
16187,namaskar dear honor pm n modi thank almighti god great victori thank,2
31180,tum wahi ho jo muslimo pe nsa lagaan ko sahi thahra rahi thi mp gaay wale matter pe congress ki agent cum servant nan,0
16307,adarsh dede pyar de ajay devgan 10th 💯 cro movi 's excel ajay devgan 😎😎😎😎😎😎,2
4765,maala hahaha nicee nan,1
15184,congratul prime minist shri narendra modi ji massiv mandat,2
43472,ye sab anchor ke naam par dhabba media code ban gaya ye aadh desh logo ko religion ke n,0
14148,see say narendra modi ji ka bahut bada haanth tha 2002 defam suprem court ... .… nan,0
20613,brown mom extra mom ever * spill juic * mom shabash beta aur karo nan,1
37043,modiji mahan hai aur jadugar bhi pakistan ne hamar jawanon ko marn koshish ki unhonn akela yudh viman chal,2
43035,ais tamaach bjp ne pehl bahut khaay hai jais congress hari hai wais bjp bhi ha,0
21989,fadnavi rememb shri atalji forev entir life vand taram jai hind nan,2
14296,haier tu janab ka side bussi hai main busi famili ka nasha wala namak hai os ko p,1
39475,ramadan mubarak honor co-host histor iftar us capitol iftar & @ … nan,2
27009,meshestori want give someth alway rememb bc dhokha mat dena ab nan,0
20706,ji jab apk jiju kabil bnege 🙈🙈 naamkarann avneil adiza,1
29731,tamam aashiqan e rasool ko jumma mubarak ho,2
27156,faiz priyankachopra chopra ne movi 1 month pehl hi chod di thi bharat team ne news late anno,1
13968,mom say love chupk chupk 🙊😟😂 nan,1
32265,bar ka sabs mehenga eidi ka aapka repli thank alot good wish guruji 😊 nan,1
8870,baba hi ka parsad mat kaho k20 poco f2 855 nan,1
16309,podcast eek creepi joe biden tell 10-year-old girl ralli “ bet bright good look ” grab … nan,0
19638,sapphire1 mtlb agr kisi ki maa mr jati hai uski ulad use kha gye ye bolt hain jis jahal,0
13886,sir buhut buhut mubarak ho umrah,2
8818,luv friend alway sum charia harkat nan,2
1505,come first man earlier incid ab ink naam se roti pel raha hai shame nan,0
26474,alhamdulillah receiv award recognit servic social welfar & humanitarian work & rehmat,0
28459,sir yeh nitish kumar sabs bada blakmak agar bjp ke kuch seat bahumat se kam ho jaati yeh,0
42259,everyon famili kanjoo koi eidi nahi deta like bro qabar le kar jaogay kya ye pais ? ? ? give,0
43847,hassan tujh bhi pta hai chhote qad ki wja se teri bowl bohat mar khati hai plz pak ki khud hi jaan,1
17466,happi follow friday guy priskila sabi nan,2
32527,ab sudhar kr lo parti yrr ya fir desh ko congress mukt hi kroge desh dono ko like nhi krta,0
16101,thank pranab da good wish give us great strength work better 130 crore indian nan,2
12002,yaar ye dp ( display plictur ) ka kia chakar hae munda kharab te nahi ho gia nan,0
15113,isk kaan bjlp k leaderon k bhdkau bhashan nahi ghuseng kyuki sar se payr tak gulami aur chaploosi la,0
16056,desh sudharn se kafi logo ko problm hai lakin koi nahi desh alka jais ghatiya mandbudhi log hot,0
17892,dugl pan ki bhi hoti yaar modi se puchhn ki aukat hai tumhari kaladhan lanemandir banan act 370…,0
44362,secretofposit guru ji ke bachan hai yadi aap maalik ko subha sham adha ghanta simran kark yead nan,2
1795,12 listen bhenchod pyaara bachha im fuck happi final gf omg love ill text nan,0
42054,thank u mere bhai realli special show ur wish alway mean lot kaafir,2
28455,mrs vadra twitter le likhn se kuch nahi hoga zamin pe ayi student ke sath sangarsh bhagidaar b,0
20993,zafar pehl fact padh le chutiy tera pakistan hai kutt ki tarah map wal,0
30242,aap wada kiy jb aap cm bne agr aap god k sachch bhakt h apko us god ki kasam aap imandari se faisla kijiy,1
27846,thougt manga kamen — hmmmm bad veri bad,0
26716,jo apn bhai ko ek sit na de ska wo 🐷🐖🐮 bihar ko kya dega evm ka gyan ! ! ! jo jindagi bhar boot,0
39845,drami shru ab pkda gaya toh voluntarili phir bhaga q us din check post pe attack kr k bhagoda nan,0
25621,pakistan 2007 main bhi west indi se pahla match hara tha nan,0
16370,world cup caiptain tha bht khushi hui khel k sarfraz ahmad nan,2
29845,nishant aur ais log har jagah har topic par mileng jo har baat mai antin boln lag,1
30973,yes listen earli 2000s rock bother nan,1
28580,time doongaaapko kyuki agartim nahi diya pyar nahi hopayega agar timenahi diya pais nahi kamaa,2
13732,iski kuttey ki aanewali naslein wais hi apna munh chhupayeingi jais mir jafar ki naslein chhupatin,0
39643,waqi boht bra haraami hi nahi bul k waldo zinaa ki paidawaar hai - teri maan bhi tangg th,0
13399,ye baap hai ye saanp hai ye apn parti ka paap hai inko pade jhaap hai ab aaplog samajdar hai kon kis pic ko deno,0
24512,badal se plane dhakn increas unemploy increas price f,1
18160,thank .. ! boy jeeti raho 💕 lumin,1
22948,rajasthan ki janta se badla lena shuru ho chuka hai 2 ghant se electr nahi hai nan,1
18687,congratul modi ji aan wale 5 sallo aap desh ko bhut aag le kr jay bato ka bhi dhayan,2
15302,india 7 kar har maidaan fateh,2
37041,media ka kaam h logo ko desh bhakti sikhana pakistan pr debat karana hindu muslim pr debat krwana shay,0
1168,evm hack ka bahana nhi chla pay 😜 ab fir ye saath nik slip ka le aay fir bhi ho gyi bye bye 👋👋 😝😜😂😂 evmscand evm nan,1
30492,judg media ka ahtesab kab kon kare ga kia hamesha politician hi qurbani ka bakra banen gai nan,1
10600,phenomen advertis best leagu world genuin worst final ever seen,0
21855,han 2024 world cup mein behtr hoga agar sport ko serious liya gyaa nan,2
43661,heartious congratul 👌💐💐💐👍🎂 ume h kisano rajneti ko desh one lavog rlp ka naam b,1
32748,ak ye kia bakwa pehna howa ha bandi ne nan,1
43358,bjp walo ka rupia jiyada esiliy dusr ka parti se mla aur kuch khorid letha yeh,0
37952,s1e5 “ bloodi mari ” love episod super spooki bloodi mari myth one favorit ep,2
25795,kaushal bahut bahut subhkamnay evam hardik badhayi nan,2
21608,came trend no2 lekin saal madarchodo ne fir hatadi nan,0
15708,east west best hater rest histori chamch ... 😂😁😂 nan,2
26301,keshav pata hai madhav subah ka bhula agar sham ko ghar wapa aa jay uss bhula nhi keht bhuna keht hai,1
15102,bhai english seekh li ? ? ? ? ya baar bhi best bowler bn k translat ki zrurt prri gi ? ? ? ? nan,1
28476,km oh watch social media news ? ! ! accha,1
41516,bus kar anjana limit mat cross kar apni news anchor ho polit mat karo nahi polit cha,0
18124,zameen congress ne dilaayi makaan congress ne banvaya lekin vote toilet ke naam pe pade hain kyuki lehar,0
15376,btw main pura articl padha bit kise n lassi vikreta ko forc nahi kiya ki ye particular cheeg mat,1
4308,kadi ninnda kart hain isk alawa hame kuch sikhaya nahi shakaon sorri iski bh,0
41034,congress ne khatam kar di berojgaar esliy naraj ki kaam hai per kaam aata na,1
28932,samja chutiy yeh har congress jais deshdrohi aur tere jais randw congress ke support ki h,0
16509,bharat sawal yah ha ki aram samsan kare ya kabristan think 2nd option better waha ram naam sat,0
41384,adhikari “ modi ji behaviour ? ” nan,1
8338,symptom lag bhag match 😂😂😂😂 nan,1
20713,inko sirf talw chatn hi aya hai shame beghairat peopl nan,0
12059,surya jab sekhar ke like kam hone lagtey hain bjp ko prais kartey ek tweet mar deta hai nan,0
8495,sherbet day kacch aam ka sherbet ( raw mango sherbet ) pulpi fill sweet & sour tast juic help figh,1
12296,mere thank appreci feel & share messag mother need love u moh nan,2
21197,remind 3 ab elect khatam ho gaya least ab mera passport mujh bhej 🙏,1
24088,tum jesay pti k jhoot ko aj bhee defend kerein gey aur mulk mein wakeel hein jo ume ke kiren,1
19448,maa-baap ki seva chhod k terror ka rasta apnat desh k gaddar ye liter public nan,0
800,amrann even nice second smh 😓 salaam love 😩 nan,1
35583,perdict earli aur han mera allah per bht kamal aeman hy vo behtr kare ga hamr lyebaur mulk k lye insha allah nan,1
35486,4 sjnaa bad muhammad bkhsha ki mrna ki jeena nan,1
38650,congress k tarha agar modi ji aanewala 70 sal india k pradhan mantri rheng india ko china japan america owr,2
11727,answer sometim think lathon k bhoot baton se nahi manat nan,1
6185,ajittyagi samajh nahi aata kaun hain ye media hous jinko giand ka interview lene ka shauk ha,1
1093,haha overr kisko bolt hain chuuuu pehl yeh pata kar bc ata pata kuchh nahi chale aat hain,0
21216,beta apn baap se puch ki ais kese hua tum chutiy ho hum nahi hame pata hai jeet ke,0
31133,aaj ak vidio dekha tha jism ak manorma bol raha tha ki india ke baap pakistan hai jabki hakikt hai ki pakistan k,1
21390,chand tare tod full video song yes boss shahrukh khan juhi chawla | ...,1
12535,send belat birthday wish way hope fab time ❤️❤️❤️ kye waah ❤️❤️❤️ nan,2
6785,call neutral cartoonist fir bolt log inh gali dete bloodi asshol nan,0
19271,martinez get cipher hope well jon,1
28109,lootero ka saath bjp ka haath gaurav bhatia aur bjp sarkar lootero ko khula samarthan kar rahi h nan,0
25982,zuban par muhammad ka naam aa giya hai baran e rehmat ramzan 2019 aaj news,1
32696,wrong sir ab yr possibl nhi congress k hindu vote ab nhi milt hai sirf katttar congresi h,1
19596,yaha paani nahi hai bc ansu hain sab ke - alien - swineri nan,0
14330,great find gui [ insid ] great time store 🎉,1
39033,8 ptang ham kch nahi krna chahti bas yeh chahti hain k chowkidar chowkidar rahi malik na bni nan,0
24887,aktu jayga dena kidnap wow love song 😘 @ idevadhikari,2
13828,see less activ twitter late mind ask tweet wholesom miss — yeah aa,2
39551,allah himat day media ki koi zarorat na pari nan,1
10731,person percept end day know anyway world mine nan,2
10187,hindu archana bol lo wais bhi bhakto ko authent degre waal raa nahi aat nan,1
1511,aur bakwa karma aur tv per galat sandesh dena kam hua instead congressi neta aur kar,0
16310,india give hit like tumhiho darkhaast singer arijitsingh compos mithoon reunit love ball nan,2
5349,smt sonia gandhi k jagah maa / mummi kuch v likhta bet apk liy 20 % respect aata -…,2
11951,ye naeem ul haq wheel chair pay pakistan may bhagta phirta hay lagta hay k bhi asaasay khulnay walay hain 😂 nan,1
1816,meri life mae aik ap apa ke brday ka din ais hota hae js ka muja bht intazar hota ha bcz nan,2
9723,baishak dil ka sakoon allah ky zikar allah p hi bharosa rakhyn sab acha hoga nan,2
28541,yeh bhenchod good length se agay bowl ni krskte aur woh bhi 130 ki speed pe pr batain kralo ganduon se nan,0
38642,namrata pseudo fake ppl could sens nan,1
4667,ye sahi nhi kiya apn ji apn राजनाथ सिंह जी ko home ministri nhi diya apn q uss admi ka kadd bjp,0
26675,bollywood teach us hold coffe / tea mug stand balconi feel good kark dekha itn,2
16385,kdiamond [ eng sub ] full insight bang shi bhuk pd bts & product one best insight documentari bts & bi nan,2
8305,hello modiji aap hme bahut achchh leader lagt ho aap hmare desh ke sabs achch leader ho modiji aaps nivedan h,2
22517,ap k pas tho atom bomb sab hain pak armi hain han os jang k lye apka afgha,1
24481,yahan logon ke paa naukriyaan nahin hain aur tumhein award ki padi hai nan,1
12929,fun time boy 😎💪🤙,1
26477,urin drinker teri maa pakistan gai thi tere ko paida karn 😎 nan,0
22046,bharat mata ki jai bharat ke sbi voter sapotr ka kot kot dhanvad jino ne modi ji + bjp men visva kita ate vdi jit,2
13254,twt love suga thank hard work ... ! ! ! alway support bts forev 🙏🙏🙏💜💜🐱🐱🐱 rest lill meow nan,1
23816,pretti care free lovin life friend ami tru homi want fun,2
16138,bharva kisi haram ki ulaad apni maa ki izzat ka hi khial ker tera malik,0
45133,nan think eng get eng eng best eng present eng eng eng birthday hin b'coz hin aan hin wale hin ha hin phir hin se hin modi hin ji hin 😎😎 # bjp hin # aayegatomodihi hin # apnamodiaayega hin @ narendramodi hin meta 45135 negat @ renmishra eng @ mamataoffici hin dhamki hin hi hin nahi hin deti hin hai hin ... . 7 log hin girftar hin bhi hin karway hin hin ... kahti hin hai hin bangal hin hin hindu hin eng …,1
24508,irani veenad jab tak ballot paper nahi aaega tab tak bjp hi govt banaegi nan,1
21032,problem yaar sex mey religion import nan,0
28812,pledgeagainstcorrupt sant doctor singh ji insan vachn par chalt uhu bank sarkari adhikaryoi n nan,1
23212,sir namaskaar aap ko aur aapk mantri mandal ke sabhi member ko bahut bahut badhai main aapk saa,2
583,apn desh ke logo ko thug kar chala sanjeev kapoor world cup dekn nan,0
33999,aap khushiya manaiy ameet shah home minist wah modiji wah nan,2
38175,lol 1000 saal ki hakumat hai muslim ki hindustan pr nan,0
42241,cm ajay visht ka ramraj chalrha hai jo rss bjp ka birodh karega uski,1
30244,chalo ab parliament ki attend number 1 rhegi nan,1
29883,bhai phela tu apana vika kar la keju na q laat mar ka bhaga diya singl parti offer,0
4879,ais khate hai ki 2021 tak christian islam ko kahtm krneng pahl wo khud apn andr ye chuwa chut khatm kre nan,1
9622,tum hajaro saal se jo dog chal chal rahe ho aur sab apn baap ka samjht ho uska kya puvhhiyo apn baap dada se k,1
26328,abhi voic beta tera pappu mutra band hai khij nan,0
17044,portal hi sir muje armi join karn mere pasai coach pasi nhi pleas help nan,1
30717,world cup fananthem india made day lot amaz finger cross team india cup toh hume,2
13881,isk bas ki hai bhi nahi glti se famous ho gya kya dekh ke log sarp chdha dete hain nan,0
35909,bologuruji mera bass ekhi sawaal jo humesha puchta hu lakin pick kabhi nahi hoti umid hai aaj pic,1
35320,fcg wale ko chhod kar ye dono ka predict ekdam right hota hai nan,1
13224,konsa phal mehanga hai aap mujhah aik ka naam batayain,1
9107,shafiq7 walekum assalam aameen aapko bhi mubaark dua ki guzarish hai alfiya 😊 nan,2
15726,dungeon master bhagat uss chutiy ke pass bhi humour hai keiya btw modi aur hindu ko gaa,0
12639,bgb oooh good bless em fun xxx nan,2
14509,ye naya bharat hai ek jhuth tum log hazaar baar bol loge bhi wo sach nahi hoga nobodi ab,1
17664,ghabrana nahi hai boy pichlay match mein west indi nay 421 maaray thay nz aaj hum inhein 200 bhi nahi maarn nan,2
38008,answer question like pro hope maala ak met lang like pro whooooooooh ! ! ! nan,1
23853,y'all rememb cute boy follow ig bich like two old pic feed im confus nan,0
23067,japan ke patrakar imandar hote hai jabki apn yaha ke ek nukber ke beiman chor aur communa,0
41955,hi soniya might interest gt4t app run window / mac enabl,1
20876,launch swachh bharat abhiyan one realiz meant 😊🤘🏽 modisarkaar2 modicabinet2 unioncabin nan,1
3476,bose07 yad aya abhinandon ke kapd humar pas hain kehna,1
25778,bhdk ye bata tu paidashi chutiya h ya twitter pe aan k bad hua chutiy ye movi,0
4941,shohar hai ” bas kisi ne se us se boycott nahi kiyakisi ne usey ghar se nikaaln ki dhamki nahi di whi whi,1
4344,jo jo ilzam lag rha hai yeh govt ki aur nab ki zimadari hai k saza k sath jurm sabit ho warna roz roz media pe tas,1
6140,isss tarah ke tweet se malum chalta hai tum bjp ke agent ho tum par dalal ka labl th,0
5589,sharma also hope find heart love hope love win hate god bless nan,2
9481,nhi chahiy ese bhrast neta hamar tv dibet jo sirf chilla chilla kr dibet nhi hone dete hone,1
22612,rohatgi india free rohatgi free wear say wtf want,1
17003,hum apko phir se pass bahut khush hain main assam se hi ehan ki janta ki ur se aapko hardik badhai deti,2
15073,ajit wo gunda gandhi jisaka beta musalaman bana kya gandhi murkh gadaha tha jo etihash nahi padha tha jo,0
35547,work sabka saath sabka vika ( everyon 's support everyon 's develop ) sabka vishwa ( everyon 's nan,1
7388,woh congress doosra congress hai ab jo bhi hai south indian nation congress ya toh itali nation congress nan,2
28851,hug cris realli proud fan winner wonder call ic inseo,2
7969,mr khan still twitter well india challeng twitter 27th,1
36395,jo tum onlin dekht ho vahi ad mei dikhta hai iss se jyada clear koi nahi,1
8276,ji bareilli flight chalu hongi ki nahi aap ka promot ho gaya - apni constitu ka bhi dekh lo nan,1
8050,yeh deshki janta ka samn choor chowkid ec gudi media ka porda fash hua hein nan,0
43099,one take serious swine india n't need view kahi aur bhav milega nhi tuje chutiy fuck nan,0
44457,jo team pakistan ko haraegi wo pakistaniyo ko buri hi lgegi 😛 ruko thore din abhi pak vs aus b hoga 😂 nan,1
7318,aap ko salam aapko ek shiv sainik jo apka bahut samman karata hai ushke salah hai bihar jdu ni,2
14293,mehta001 lifelin ❤️❤️❤️ love u mere ustaad g love u jaan ho sadi tuc jaan 😘😘😘 baba g sda tuhanu khush rkhan eho du nan,2
16281,final final zara sa jhoom lun mein samaina life made thank yayyy ! 💃💃 lem go make bi,2
24319,506 omg swear rlli love like talk abt kboo ur orient experi ahhaha super fun talki,1
30213,iss admi ke zindegi ka ekhi target -- - > > elect result jo bhi ho zidegi larkiyo ki kami nahi honi c,1
16278,zaleel insan tumari maa jahaiz mn bijli lai thi koi kaam kia jo credit ly rhi ho lo dekho maro,0
10787,thoko thoko ab teri hi thuk gayi kahi ka nahi raha ab tu chale jaaa pakistan warna,0
42181,hiiii doll mom ibam ur big f @ @ n mom ivask u life 😫🙏🙏💓🙏🙏 inbox pleas hmesa apk ley,2
17661,kuyki ye ballot paper se hua isliy jeet hui warna evm baba ne 23 may ko kamal dikhaya tha bjp ke liy nan,0
39260,amar hote hai wo diwan jo lipat 🇮🇳 sote hai ser niya matay hoti hai jink aancal lipat,2
18396,shukar hai uss din ho gay warna mera toh india jaana mushkil ho jaata singh recal 2007… nan,1
16422,bayan tu farma diya aik ghulam sooch nay keh iss ka dada iss ka baba yeh tha wo tha iss l,0
16511,care shit loop bc,0
6539,bahi ap log itni bar jhoot bol chuki ho ab yakeen nai ata tum logo ki bat ka ab ag match,0
24546,jai shri ram 🙏🏻 good decis app aye ya na aye koi farq nahi padhta hai kyuin ki alreadi modi jee,1
35593,islam ka dehshat gardi se koi talluq nahi oic kashmir palestin k awam ka sath day muslim dunya k khilaf mazali,2
14493,ustad ghulam nabi unar qalb band hone ki waja se foat jnaza namaz kal usto bhale dino abad ada ki jaegiunar nan,1
28939,kya chal kya raha hai ! ? 😐 jcbkikhudayi,1
11057,gadkari happi birth day sirje,2
14681,world cup 2019 begin today 🏏 crown cricket ka mdm jii hum le jaeng 🏆🏏 best 🤘 teamindia,2
5558,respond thank - welcom - pleasur - know would - problem - 's nan,2
12730,love job & new hous love everyth im right ion think ever happi life nan,2
23963,surya well leader got bless approx 7 31 cr peopl,2
38881,meri life ki sabs achi film r h yeh mein kabi nahi bhoolta isk sab seen nan,2
32859,ye yogi raaz ho kya raha kabhi muslim ki hatya kabhi dalit kabhi yadav ki akhir yogi sarkar kab jagegi polic,0
43038,kure bus 24 din aur hai phir sub pakistanio ko advanc eid mubarak ka dora par jana hai ..😂😜🤣😆 nan,0
37180,lekhi also thank gau rakshak nan,1
7403,happi birthday say mani happi return day ❤️ allah lmbi eman wli zindgi ata kre ameen ❤️,2
39079,ajeb koi jahiloun n youtub p channel banay hue hain parhana bhi nahi ata sahi saray concept ki aisi taisi krdi nan,2
8834,sala surpris bjp invit 's loyal troll sorri nan,0
32683,thank much viki one best birthday wish ever receiv love,2
9837,3 sal tak intjar karn ke bad bhi hamari mang puri nhi ho saki run staff khush nhi dukhi hai,0
8952,n't miss mauka watch world cup chauka start 30th may 2019 sushilfin worldcupfev,1
2611,dharam pe baha ke alawa ghodi ke paa kuch nahi hai gdp pe gaha karegi salari cut kar di,0
16072,kuch karo toh bjp walo ko taklif nahi karo toh bjp walo ko taklif sirf bjp chutiya banaya kuch kaam toh kiya,0
17006,kyo kos rahe hai kbc ko kuch logo ke select nahi hone se trp kharab ho jayegi kya aap,1
24607,kha great word - korean mean go hindi mean eat & 's basic wan na life go nan,1
35097,eid ke mauk per arah hai apn salman bhaijan lekar bharat movi unk fan ke liy yeh eidi hua unk taraf se 🙂 nan,1
21565,khan fat gyi hoti kalbushan ko bhi chor deta 😂😂😂😂 dil behlan k liy khayal acha hai ghalib nan,0
9803,welcom modi g 2019 hamar villag mai 20 year se koi vikash nahi hua hai kai baar sikayat ki kuch nahi hua na kh,1
23167,sahi kiya midia sirf 1 ko desbhakt dikhana hai baki jo bjp se nahi juda wo desdrohi hai,1
9242,ye india gandhi ka nai h nehru ka tha ab hmlogo ka h gandhi se aajadi ke bad congress ko bhang karn,0
764,nice joke tmhare ghaddaron ko danda janay waala hai landay ka istim maal pakra hai ussay,1
22102,two children ab unk bapon ke naam mat puchho yehjawaanihaideewani nan,1
22059,bhai sahab 🙏 mahr mp aap aap rhoge puri zindagi deepend bhai saab aapk naam h aap j,1
5398,congress jeeti evm thik nhi jeeti evm khrab 😹😹😹😹 logic congess nowday nan,1
32983,fluffyguy india pehl famous hone de chakki ko sala googl bhi fore,0
15124,cri babi modi pe tatti bhi kart ho aur dhone ke liy ussi se magga maang rahe ho nan,1
24954,qadam barao great brave chairman hum ap k sath h hatho mein hath bbz ka sath ✌❤🖤💚👇…,2
19274,chaddi fire whi read immi tweet feel better oh fo,1
14655,ye bhout acha faisla bol channel ka jis say kafi new talent ai ga alreadi give audit act,2
34279,backmodi better commit suicid modi aagaya hai 😂😂😂 nan,0
39263,call ne unka saath diya tha girl babi pe joke tab aap ki,0
8936,kya tum jais choro ki puja kare kya gandhi ki kuch nahi tha agar sc bose nahi hote aaj bhara,0
7069,whi grandmoth decid squash sardin 2 patti good mix lunch hhhhhh nan,1
25971,disgrac man pakistan proud sarfaraz wear nation dress koi sharam haya,0
12790,motiv spiritu manag guru bless maa adi shakti paramba maa durga kripa provid guidanc c,2
32151,aditya pasand nahi g mara bc movi na dekh salman ka fan hai overr kais bol di,1
19819,teach us path opportun life,2
32984,ameen ya rab ul alameen 💝 pak arm forc zindabaad ❤💪 proud sir 💝❤💖,2
11858,27th ramadan mubarak famili may allha bless upon n famili nan,2
26989,sabhi bjp keep chune gay mph ko mar belet prepar se chunau karvavo dekhat hai kaun jitata hai nan,0
28695,movi date night besti aba kay2 love fun togeth district columbia,1
10637,aap savita ji fake video ki bajah se apni insult social media pr karat hue sharam nahi aati aapkoya,0
30111,matter hehe,1
36602,eid ko nd salman bhaijan ko box-offic halla machan ko aur apko dekhn keliy bharat bharatthiseid 7day nan,1
14771,two bhai apn comment dekh fan tere 1 percent bhi nhi sab maa behen hi kart hain teri atulchutri nan,0
36464,jai shri ram 🙏🏻 good decis app aye ya na aye koi farq nahi padhta hai kyuin ki alreadi modi jee,1
14204,rahul gandhi ke chele logo ko marn ki bate kah rahe hai shame nan,0
16287,sab ke kutt mc bc hai yeh cricket pais ke liy apna imaan bech khaat hai aur chutiya public,0
36672,sharma1 sharma4 kar diya na gud gobar ek tukbandi bithani ho pahl soch liya karo nan,1
43872,baz oqat alfaz nahi hote un jazbat ko byan karn k lye zuban sath nhi dyti un ehsasat ko samjhn k,2
13738,resign nahin karega usey gaan par laat maarkar bahar kiya jaayega nan,0
10227,jahil patwari khud video banai awaam tak tu nikal nahi rahi thee khof se masha allah main sahib ko na sirf macka,0
11736,zindagi may pah dafa insaf qanoon par itimad howa kay ye chor tubber pakistan may oh sorri jail may eid juzari gi nan,2
19354,ho gaya koie baat nehien lekin ab ye hamari desh ke muslim log pakistan ko suport kar rahi hai,1
7943,unfollow karn ke phale hi wo suspend ho gai hai 🤣🤣😂 nan,1
37222,congrat shri gajendra singh shekhawat ji take charg minist jal shakti best wish succ nan,2
30326,tere ko nahi banat,1
19630,bajrangi bhaijaan ka content bhi time blockbust tha agar bharat ke bhi report au nan,1
18621,aapn bhi toh mehnat bahut ki hai aap humr gaw aay hum logo ko bahut khushi hui hum toh aaj bhi,2
18174,sir namast hame aap par aapki sarkarki ekta par pura bharosha h isliy ham mppsc select assist profess nan,2
24678,punjabi movi ki audienc alag hoti hai clash ka itna farq nahi padega nan,1
42294,pich war jo galti ho gyi thi yaha delhi mai wo iss baar ni hogi kiran bedi jais cm ko hum miss ka,1
21823,good morn pita ji dhan dhan satguru tera hi aasra plzz make day happi n simran nan,2
31608,happi birthday paresh rawal sir ji mani mani happi return day sir ji big big fan yoursir ji,2
30411,rss jo haal pakistan hindu ka h wo kisi se chupa nhi h aur yha muslim ko darr lgta h apn astitva,0
9456,aap jitna bjp ko hate karogi utna bjp aagey badegi aap mai koi farq nai nan,0
27497,baliyan sir best luck deen dukhiyo ki madad karna ye janta sirf vote k liy nahi balki hakeekat jana,2
22904,nay yug ki shuruwat ho hi chuki hai miya jahan aatankwadiyo ko mahan nahi kabar,0
3717,dear sir sabko nay milna chahia brick test ka problem sabko huo lekin kuch particular student ko nan,2
19346,ellis22 haha nah right nan,2
31249,astrowberri 'm see eunwoo kirbi hahahha cute 💜 nan,2
40986,unki chinta choro beta tum logo ki khal nikaln ki shuruaat ho chuki hai aur ab koi nam ka secular bh,0
34906,nation owaisi tera kuch nahi ho sakta hai tu suar tha suar rahega jo muslman iss jinna ki baat,0
29860,aeri aww 's realli cool thank buddi nan,2
27703,gadkari day 1 kaam chalu salut hai poor ko nan,1
15219,feku sala jha2 found 😂😂😂😂 tell first 35 ! nan,1
12250,well said brother modi media modi je haatho bik chuka hai shame anchor modi media nan,1
19979,nighat pich wale baba ais khush ho gay jais apni beti collector ban gyi ho aur u,1
18912,safia pathar ke zaman wala name 🙄 nan,1
40697,chit kay daadi mien tinka ( hope got right ) nan,0
20111,gaddho abhi sudhro chaplusi chamchagiri ki rajniti band karo abhi bahut dam kham baki hai congress,1
15933,like u alway say “ kuch b ho sakta hai ” sing kuch b 😅🙊 self made languag 🙊🙈 thank u much c nan,1
22673,jo bjp ke saath nahi woh atankwadi h aour jo hindu rss ke saath nahi woh deshdrohi hai aaj kal b,0
44803,mujh maloom ha maa 💜 mujh tum yaad krti hoo meri kabr ki mitti p tum aasun 😢 bahat hoo faisal bhai,2
44449,pergunt para ministro pont ele j á estev espa ç estev na iss é astronauta e pode te exp nan,1
19711,mujh nahi lagta koi darta hai ye hi log hain jo desh k logo ko darn daran ki ra,1
28063,jhatu ho tum log sala game enter bhi nhii ho pate hai tum ye sab glitch sahi krte bhi,0
11098,dear sir one best ministri get nan,2
14066,rajsthan mp bengal ap 36 gadh punjab karnatka tamilnadu telangna kerla sarkaro ko janta nakar chuki,0
19870,sapphire1 bzk yhe tow ha bt iski wajha se ha israel ka hold ab har jagah ha one speak speak nan,1
25637,jiger say kya pocch rahi ho isi khud nai pata hota bas trp k chakar main jhoot bool deta hai nan,1
23264,found awesom record main teri mohabbat mein pagal ho jaunga smule,1
29287,mushkil tu nhi hai polit religion pe ala bala pe baat karn waalo ko ye bus aur laachaar loog nazer kiun nhi aat nan,0
27890,hamb par haryanvi likhni na aav mene bas thodi samjh ske hu best cud tri 😂 nan,1
39876,abki bar aps fci ke ritayad amplois ka pension ka karya age badan ki khub asha nan,1
19681,samjh ye nahi ata h ke itni nfrt late kaha se hai islaam aisa sikhata nahi hai k kisi ke bhi kh,2
15867,💖 good morn almighti papa ji 💖 🌲 plz bless & famili sewa sumiran parmarth ka bal nan,2
216,twitter k baghair apna roza mumkin nahi hota apna chutiyaap dusron per thopna band karo bhai,2
13748,sarkar kam saadi vyaha karana nahi hai samaj ka hai nan,0
14371,channel great kalank form rajdeep sardesai whi,0
495,bhauji tohra ka haal ba tu kahe ludhak gailu eka matlab akhilesh bha,1
25798,siri went villag last month & sign yojana mani illeg water pumpwho sell,0
5665,haqu bakwa purpos previous letter referr cv nepot bibi je referr,1
19532,janta ke pais ko mullo ko batna aur janta ko muftkhori ka adat dalna delhi ke liy achcha nahi hai,0
21959,good day didi per confirm receiv someon technic team contact,1
21274,honest opinion liverpool win hope win think spur would better bring kane th,2
19140,hindu good man trump ji firki mar rahe didnt see trump wish modi ji win elect nan,1
25870,presenc ki nazakat bhari dhamki pahl recharg nahi karn par outgo band karn ki dhamki ab number ba,1
13084,jay jagannath pm namsker desh khus hong jay jagannath darsan hoga 2 p nanend modi ji nan,2
12707,pakistan k musalmano ramadan jati jati b humi mazboot kr rha h match dekhti hue gaali ni deni 😂 iccwc2019 nan,1
7613,hello kaun ho aap ident side west bengal countri,0
1106,want see loksabha 's ok kanhaiya ji vichaar badleng desh badlega vidhyarthi,2
13130,insan777 kaur 10 nan,1
16439,'m sorri ca n't say tailor ny eid ke kapr kharab kar diy hain 😂 nan,1
958,congrat sir lucknow ki shaan bada di aapn veerta aur shaurya ki missal ab aap pesh kariyega jai hind nan,1
24114,bharw zimbabw wale teri beti ka rishta lene ayen hain yahan pe bsdke pata hota nhi hai bc bs scri,0
38193,kapil ji kuch esi bi jin ky pass farzi degre bi nai fir bi chal rehi h,0
15398,congratul sir aaj ek bar fir hindustan ko vikash ki badhn k moka mila aap jais jansevk,2
15461,mananiy pmo india apps ek anirudh hai ajj kal modi shaheeb app naam sah pura bharat main aggfa ch,1
15636,sale harami tukd tukd urban naxalit ko kabhi jitn nahin dene harami teri jagah jail ha jaldi pahunchega nan,0
23638,apc inaugur day great time catch illustri peopl nan,2
31025,replica say creat unlimit bodi hm interest yes th,2
13253,sharma chal koi na ye gungun notif se pareshaan ho jayegi ab 😂😂 chat mat kar yaha nan,1
14568,love pictur much day go enemi stronghold tell ya fada someth man nan,2
15141,30 may ghanta bharat band modi welcom nan,1
29114,lol dont want love want happi life happi life excus aag se left fir thoda chl ke right,1
37730,hiii 'm hope hope 'm j-hope hope hope come romania,2
28042,aaj media ka bda sa dhda payal tadwi ki maut ko nhi dikha raha yeh ek gambhir subject hai jab tak manuwadi soch k,0
3174,n't understand mean surakshit nahi hain ' ? ? get electricit,1
21995,dear babi first respect pakistani malala one aapki parwarish bahut h,2
14017,marwadi bam self made star team collaborati,2
21985,famili debat ek bjp seek ham hindu seek hindu mahasabha se ek bjp k samarthaka,1
39719,adarniy modi ji aapko dobara desh ka pradhan mantari bann par bahut bahut mubarak aapki,2
16175,band karo ye prayojit natak ek parivar ko rokn k liy dikahaw ka natak n nan,0
13911,zindagi phoolon se muskurati rahe har khushi aapk daaman mein aati rahi khuda se,1
12257,surya absolut well said modiji seem confid 2014 power second st,1
26174,good morn sir susama swaraj ji ko fir se baideshik mantri banaiy woh hamar india ko bahat achhi,2
30432,vksingh vote select trust,2
9046,sabka saath sabka vika goa vika totter due goamin ban restartgoamin rais sabka vika modihelpgoa nan,1
6078,acha hai borhi sahi laikin apn khandan ki orat ko maidan main laya ali wazir warna tou abhi tak p,1
2723,1 hi tareek de 20 -30 saal baad ki sab khus raheg 1 jana khus rahega ki case chal raha hae 1 jana khus ho,1
19855,vipachh agar andolan shamil nahi hoga janta se apil hae ki inko bilkul bhi vote nahi dena hae jo kaam inko,1
7795,armaan b'day pe tum mujh wish karog nah want wish special day without wish,1
10400,andhi ho gay ho underr bar dancer khusra nan,0
41359,sir congress ko media ki zaroorat nahi hai balk godimedia ko cong ki zaroorat hai apna agendapropog,1
24005,stuff salman continu fuck chindiwaali filmfar best luck mote bhain,0
6055,😂😂😂.. sultan dabangg tiger bhaijaan masterpiec real king bollywood onli big boss anchor fee 300c,1
21412,azhar india ki sahi parti chal rahi kya ye khula tazad nahi matlab india ko pura moqa k ssri tea,2
16195,thank much jani 😇❤ bht khush hn main 😊❤ nan,2
14324,sir yahan pe hindu aur muslim ki baat nahi haiinsaaniyat mar gayi hai logon mein ais,0
12747,lo bangaya india super power educ fale liber modi hater start cri,0
20900,sale chutiy pakistanio ko kya chutia bnaya hai waha ke sena ne khud ke pilot ko,0
31593,srk stylish danc b brabar nahi proper physiqu dhoom 4 flop karwa dega nan,0
15767,chor hai chor hai farasi ? ? ? ? chor ke shor main kuch sunai nahi diya tha know,1
7149,aap toh 😍 badi pyari ho jii veri polit strong enough face situat owe alway appreciat nan,2
42641,tums naa ho payega rassi jal gayi bal nahi gaya public ( waqt ) ki thokar,1
14730,bhayi rajnath ji ki 2nd posit chali gayi 🙄 nan,1
11476,humor wo chhed bhi jhaadu k karan bana hai warna ab tak shit mouth,0
41287,bc tu ye bhi poochta hai sperm tast 😂😂 nan,1
9187,samay samay ki baat hi rathe ab modiisnodivid timemagazin ispr kch boln ki himmat bc,1
36110,aap sab khud ke brain khud ke vibhag & govern pr chalay futur & busi matter pe nhi es yogya nhi nan,1
43467,jeet bhale hi gaya ho lekin janta bjp ko jitakar khush nahi hai koi public mai charm nahi hai nai sa,1
25378,kuch nahi bas 10 sal ye mauj kar k jayega bjp ko perman tata bye b,1
19119,harsh bilkul sir patel ji wali reflect h shah ji ki hume toh proud h apn purvajo nan,2
22624,acp khud case 321ko leke presan h bechara dar dar bhtk rha hai 😜 ab mn kr rha h adu ko udaipur jake,1
6606,thank team india today,2
8104,oh haha 🤣🤣 jus visit rare caz visit song play yeh galiyan yeh chobara yaha,1
13088,maha moorkh andh bhakt satya kabhi nahi marta hindi nahi aati kya ram satya hai iska arth,0
27966,mull q apni izzat ka halala karva rha katv fake news felak nan,0
21697,sir wo bjd hai aap jais desh drohi nahi aap bhi haregi wo navin ji h kabhi suna nahi k faltu bakwa ki ho ye ke,0
14714,sambit fought hard elect fought well congratul spirit cont nan,2
14938,msgiloveyou dhan dhan satguru tera hi aasra good morn guru ji nic day love papa ji nan,2
10378,chamdi udh dungi ye cm bolna sobha nahi deta ye desh tumhar baap ka nahi hai jo itna uchal rahi,0
1410,doc saab bahut badhiya video banaya andher se much better hai nan,1
9182,sale feku gappu elect k time jisko gali deraha tha aaj usikoi tribut deta hai biggest hypocrit centuri nan,0
27014,chal hatt bhen k laud maadarjat randi chiraand saal kutt gaand faad dunga teri tattenath porkistani bu,0
25972,ketika kamu mencintai seseorang beranikan dirimu tuk mengungkapkan jika tidak beranikan juga dirimu tuk melihat dia dicintai orang lain nan,1
30354,srk han msd k sath sath mera v last hi cricket watch period 😹 onli wish ki msd career ka best performanc,2
13488,media ab kyun jaag raha hai keep sleep keep blame congress nehru fine nan,0
8007,aaj bharat kai har nagrik ko aap par garv hai jis trh se aapnai apnai bitai five year mai foreign,2
10592,parti spokesperson nahi aarah hain pakistan ko shamil karliya wah ji wah indian media jai hind,1
27478,waah waah mp ek hindu baraat pe mosqu se patthar feke gay ye bhi nahi dekh ye bechar,1
7395,yogi apka bahut bahut pranam pleas lucknow kanpur gorakhpur kashi bhi compani,1
15054,sahi h sir jazb ko kabhi kam hone nahi dena ladaai hum bhi aapk sath h social media ke jari,2
16957,best cricket cup toh hum indian hi le jaayeng mr stop yo,2
31022,terrorist ko elect jita ke parliament bhejn wale log pratap sarangi ke past pe surpris dikhn ka naatak kar,0
31977,pulwama attack ke bad bhajji paji ne hi kaha tha ki hame pakistan ke sath match nahi khelna chahi aur aj khud paki,2
4887,desh wasio ko mamuli lag raha hai isly koi protest nahi h koi chintit nahi h ise lek,2
33938,marathi film industri peopl miss like anyth laksha love u r part,2
13912,ap sab ko mubrak ho allah sare dunyia k muslmano k sare guna made farmy sabi sari muskily hal kare ameen nan,2
8387,follow kren inh one best tweep list 🍂 follow back,1
3647,jb hindustan khud hindustan ke bare nhi sonch raha h dhrm ke naam pe bjp jais logon ko jitaya ..…,0
1353,shahid bahi wahab riaz ki bowl mein experi nahi sirf wide aur ball hi hain nan,0
36068,2/ kisi bhi time kuch bada hadasa ho sakta hai traiffic polic bhi kuch nahi karti unh rokn ke lie pleas,1
26836,ekdum chaan guess happi see pakya ; ) nan,2
36406,achcha huwa nahi bulaya bjp wale chhichhor hote hain vidhwa dekha nahi ki haramipan cha,0
22167,sarkar tabh us nay fat fuck send ki 🙄😂 😳 nan,0
9218,mohobbat ka kissa sabhi ka thha hissa thhi chaandi ki gudiyathha soney ka gudda nazar lagg gayi iss dosti ko,1
21996,ahmed13 aaap bhi gay hai world cup mein,2
44188,govt ki rit ko jo bhi challeng karay ga usko rooka jay ga iss nay kissi jagha hamla nahi kia ptv per hamlay ka,0
44788,vote modi 20-24 hour bijle vote vika shauchalaya ghar aur gas gave free hand nan,2
22161,bas jiska jata hai wohi janta hai 😔,1
6454,good night bappu msg ji waliooo sari rehmt brsaa deo jo niddkk apn pyar machd aw na bappu j,1
33561,thefilm bharat within share moment defin stand chanc meet salman khan mumbai iambh nan,1
28413,dunya wale bol bol k mar jaengi per 54 ne 4 5 pe nahi ana instead come 7 play last 10 😐😕 nan,0
17049,5sal dhara 370 nahi hata sake mahbuba k saath sarkar calay patharbajo ko chodadiya ram mandir pe dho,0
31628,badlao se problem kya hai kya badlao hone ke bad parti khatm ho jayegi dusro ko v moka dijiy,2
18620,biggest congratul sir hamaar jodhpur ka naam roshan krne k liy bahut bahut badhaayi nan,2
1202,miss craze use bas koi kuch galat bold old memori,1
34148,kal tak jo chowkidar chor hai chilla rahe aj muh chupat fir rahe hein janta ne b bhi,1
18339,well known pracharak said - > “ sangh kuch nahi kartha hai swayamsevak kuch chodth nahi hai ”,0
41318,sala ye doctrin suru kardi jay shree ram pe gujarat jake ek band ko rock ke dekh,0
13731,nsharif bc tu mera baap loot k kha gay hain un paiso main se sahe k help kar de bublo k bacha nan,2
14002,rang past rememb alway help 😌 nan,2
30476,kitna nich girog pure des pole khul rahi yaad rahe vakat rukta nahi sudhar jav forgendna,0
37503,good night pakistan 🇵🇰 merey ibadat ka time hogayeh mean sonay ka ramazan mae sonaa b ek ibadat hai 😇😇😍😂 nan,2
15360,lagta hai trp ki tension hogay hai godi media ko,0
30806,larkaa ni koi msla ni ab jisko pta ni us ne puch b liya tou kia kch ni nan,1
28528,dekho choti height big problem choti soch big problem dude nan,1
24857,modi ji ne centuri nahi tripl centuri maar di hai aur pappu ki team ko jism aap bhi 52 par kar diya,0
9473,mujhi ye wala best lagga sunoo btw nice attempt improv best luck 😊🙃❣️,2
38919,atal adwa,1
25077,swanxi ha ha ha nayi shiru anan nan,1
16463,desh ke sabhi 10 karor rajputo ne bjp ko vote nhi th shri rajnath singh ji ko uchit pad na de kar sabhi rajp,0
14141,u like ? ! ! ? ! ? ? ! ! ! dont fuck look hoe ufff 3a9abooniii u think arrree nan,0
38363,larki se kbi galti ni hoti galti se kbi larki hojati iska koi aur mtlb na nikalna ne galti l,1
13561,promo esas bahut achha banaya ja sakata tha veri poor present nan,1
15453,ab ak bar ni ham bar modi sharkar janta ke javab de diya ki kaun chor h aa gye desh ke chaukidar namo madi,0
22133,aaj boht samos khane ka mann karra hei 😋😋😋😋 love ultim akshay kumar 😍😍,2
1598,chal har gaya ab sudhar ja ki fir se uncl ko harwayega tere jeson ki wajah,2
27100,happi birthday akela ! ! ! welcom 21+ club buddi 😈🥳🍾🎉 nan,2
20412,finish watch movi dvd super-cut ni vj sanpedro,2
12220,congratul churu jile se mp bann par hamar yuva sansad ko mantri mandal mein shamil nahi karn ka gam h,2
25066,modi ji appko koti koti naman app jeisa pm pakar mera jiban dhanya hogeya modi ji ek request ki ha,1
9034,shri shankarlalwani ji ko bahut bahut badhai aur subhkamnay indor modiphirs electionresults2019,2
40925,pehley harami billorani ko dakurani arrest krein dawnleak dobara kholein ghuddaron ko parliament se ni,1
13199,'m bit late 10yearchalleng happi birthday g ! ! ! insha'allah mani year come fill nothi,2
40686,geo phir yeh bhi na bhoolo ke pakistan ke tukr kerna walay bhutto ki aulad ko tum log pakistan ka pm ba,1
12997,resign de kar karlo bhaduri wali baat warna rehn tum se na ho payega nan,0
28824,mohsin786 yeh backchodi ki dukan bjp wale support kya krne lge khud ko bhagwan samjh liya chutiya aurat nan,0
18949,koi video aisi nai ramzan main jhoot bolti ho kyo k agat wo video hoti tu media kia tm ne share,0
35653,ind janab ek terrac farm ka bhi bill pass ho ki terrac farm mandatori ho bahut jarurat hai hariyali ki nan,2
18730,love friend sapna ji aapka dil churalunga key ki hame aapk dil raht h aap mar dil ho love frien,2
25423,jal kyun rahi hai dalali ki roti khane wale jab bjp walon ne sach patrakaron ka bahishkaar kiy,0
18177,coz w / ur one smile felt good alreadi 😍😍😍 nan,2
14973,ya allah pakistan ki awam ki sunn nahi raha khud candid ki hee sun ly 😁😁,1
13068,ab bolog jub elect ho chuka desh modi ne jo duboya wo duboya par tum jais chatukaro ka bahut bada,0
20088,chinta mat kar papi log itni jaldi nahi mart abhi bahut burnol lagana hai bahut papad b,1
41382,laureen thank abi love ! 😔❤️ nan,2
42633,happi 18th year earth rica pyon ! ! ! ! ! ! ! ! pila na ta ka year wa nagkitaaaaa aaaaaaah charot luv luv alwayssss ! …,2
36102,nct127 superhuman superhuman everi song fkn album took wig away stream jet lag nan,0
26258,nahi wo wohi sidrah bibi wala ackunt hai jis ko kabi bilaw b promotd krta gai aur maryam baji ka pura,1
14174,aao bahno ab chunaav k baad kuch ghar grihasthi ki baat kar lekin 😁😁 kya aapan ghar pe koi achaar banaya mai,1
38416,bam burnt new one sit amash lie loser watch -- former amash support ‘ futur nan,0
